2026-07-18 08:56:56,027 face_rec.engine INFO Loading InsightFace model pack buffalo_l from /Users/sebastien/.cache/models/insightface
2026-07-18 08:56:56,319 face_rec.engine INFO Applied providers: ['CPUExecutionProvider'], with options: {'CPUExecutionProvider': {}}
2026-07-18 08:56:56,320 face_rec.engine INFO find model: /Users/sebastien/.cache/models/insightface/models/buffalo_l/1k3d68.onnx landmark_3d_68 ['None', 3, 192, 192] 0.0 1.0
2026-07-18 08:56:56,320 face_rec.engine INFO Applied providers: ['CPUExecutionProvider'], with options: {'CPUExecutionProvider': {}}
2026-07-18 08:56:56,321 face_rec.engine INFO find model: /Users/sebastien/.cache/models/insightface/models/buffalo_l/2d106det.onnx landmark_2d_106 ['None', 3, 192, 192] 0.0 1.0
2026-07-18 08:56:56,321 face_rec.engine INFO Applied providers: ['CPUExecutionProvider'], with options: {'CPUExecutionProvider': {}}
2026-07-18 08:56:56,321 face_rec.engine INFO find model: /Users/sebastien/.cache/models/insightface/models/buffalo_l/det_10g.onnx detection [1, 3, '?', '?'] 127.5 128.0
2026-07-18 08:56:56,322 face_rec.engine INFO Applied providers: ['CPUExecutionProvider'], with options: {'CPUExecutionProvider': {}}
2026-07-18 08:56:56,322 face_rec.engine INFO find model: /Users/sebastien/.cache/models/insightface/models/buffalo_l/genderage.onnx genderage ['None', 3, 96, 96] 0.0 1.0
2026-07-18 08:56:56,322 face_rec.engine INFO Applied providers: ['CPUExecutionProvider'], with options: {'CPUExecutionProvider': {}}
2026-07-18 08:56:56,322 face_rec.engine INFO find model: /Users/sebastien/.cache/models/insightface/models/buffalo_l/w600k_r50.onnx recognition ['None', 3, 112, 112] 127.5 127.5
2026-07-18 08:56:56,323 face_rec.engine INFO set det-size: (640, 640)
2026-07-18 08:57:01,143 face_rec.engine DEBUG Detected 1 face(s)
2026-07-18 08:57:01,147 face_rec.service INFO Indexed output2_0000000924.png (1 face(s))
2026-07-18 08:57:01,494 face_rec.engine DEBUG Detected 1 face(s)
2026-07-18 08:57:01,496 face_rec.service INFO Indexed output2_0000000925.png (1 face(s))
2026-07-18 08:57:01,838 face_rec.engine DEBUG Detected 1 face(s)
2026-07-18 08:57:01,839 face_rec.service INFO Indexed output2_0000000926.png (1 face(s))
2026-07-18 08:57:02,185 face_rec.engine DEBUG Detected 1 face(s)
2026-07-18 08:57:02,186 face_rec.service INFO Indexed output2_0000000927.png (1 face(s))
2026-07-18 08:57:02,527 face_rec.engine DEBUG Detected 1 face(s)
2026-07-18 08:57:02,529 face_rec.service INFO Indexed output2_0000000928.png (1 face(s))
2026-07-18 08:57:02,846 face_rec.engine DEBUG Detected 1 face(s)
2026-07-18 08:57:02,847 face_rec.service INFO Indexed output2_0000000929.png (1 face(s))
2026-07-18 08:57:03,150 face_rec.engine DEBUG Detected 1 face(s)
2026-07-18 08:57:03,151 face_rec.service INFO Indexed output2_0000000930.png (1 face(s))
2026-07-18 08:57:17,194 face_rec.engine INFO Loading InsightFace model pack buffalo_l from /Users/sebastien/.cache/models/insightface
2026-07-18 08:57:17,994 face_rec.engine DEBUG Detected 1 face(s)
2026-07-18 08:57:22,513 face_rec.engine INFO Loading InsightFace model pack buffalo_l from /Users/sebastien/.cache/models/insightface
2026-07-18 08:57:23,303 face_rec.engine DEBUG Detected 1 face(s)
2026-07-18 08:57:28,015 face_rec.engine INFO Loading InsightFace model pack buffalo_l from /Users/sebastien/.cache/models/insightface
2026-07-18 08:57:28,792 face_rec.engine DEBUG Detected 1 face(s)
2026-07-18 09:03:10,043 face_rec.engine INFO Loading InsightFace model pack buffalo_l from /Users/sebastien/.cache/models/insightface
2026-07-18 09:03:10,346 face_rec.engine INFO Applied providers: ['CPUExecutionProvider'], with options: {'CPUExecutionProvider': {}}
2026-07-18 09:03:10,347 face_rec.engine INFO find model: /Users/sebastien/.cache/models/insightface/models/buffalo_l/1k3d68.onnx landmark_3d_68 ['None', 3, 192, 192] 0.0 1.0
2026-07-18 09:03:10,347 face_rec.engine INFO Applied providers: ['CPUExecutionProvider'], with options: {'CPUExecutionProvider': {}}
2026-07-18 09:03:10,347 face_rec.engine INFO find model: /Users/sebastien/.cache/models/insightface/models/buffalo_l/2d106det.onnx landmark_2d_106 ['None', 3, 192, 192] 0.0 1.0
2026-07-18 09:03:10,348 face_rec.engine INFO Applied providers: ['CPUExecutionProvider'], with options: {'CPUExecutionProvider': {}}
2026-07-18 09:03:10,348 face_rec.engine INFO find model: /Users/sebastien/.cache/models/insightface/models/buffalo_l/det_10g.onnx detection [1, 3, '?', '?'] 127.5 128.0
2026-07-18 09:03:10,348 face_rec.engine INFO Applied providers: ['CPUExecutionProvider'], with options: {'CPUExecutionProvider': {}}
2026-07-18 09:03:10,348 face_rec.engine INFO find model: /Users/sebastien/.cache/models/insightface/models/buffalo_l/genderage.onnx genderage ['None', 3, 96, 96] 0.0 1.0
2026-07-18 09:03:10,349 face_rec.engine INFO Applied providers: ['CPUExecutionProvider'], with options: {'CPUExecutionProvider': {}}
2026-07-18 09:03:10,349 face_rec.engine INFO find model: /Users/sebastien/.cache/models/insightface/models/buffalo_l/w600k_r50.onnx recognition ['None', 3, 112, 112] 127.5 127.5
2026-07-18 09:03:10,349 face_rec.engine INFO set det-size: (640, 640)
2026-07-18 09:03:10,893 face_rec.engine DEBUG Detected 1 face(s)
2026-07-18 09:03:10,899 face_rec.service INFO Indexed output2_0000000933.png (1 face(s))
2026-07-18 09:03:17,104 face_rec.engine INFO Loading InsightFace model pack buffalo_l from /Users/sebastien/.cache/models/insightface
2026-07-18 09:03:28,395 face_rec.engine INFO Loading InsightFace model pack buffalo_l from /Users/sebastien/.cache/models/insightface
2026-07-18 09:03:45,068 face_rec.engine INFO Loading InsightFace model pack buffalo_l from /Users/sebastien/.cache/models/insightface
2026-07-18 09:17:35,274 face_rec.engine INFO Loading InsightFace model pack buffalo_l from /Users/sebastien/.cache/models/insightface
2026-07-18 09:17:39,773 face_rec.engine DEBUG Detected 9 face(s)
2026-07-18 09:17:39,778 face_rec.service INFO Indexed output2_0000000934.png (9 face(s))
2026-07-18 09:17:40,231 face_rec.engine DEBUG Detected 1 face(s)
2026-07-18 09:17:40,233 face_rec.service INFO Indexed output2_0000000935.png (1 face(s))
2026-07-18 09:17:40,523 face_rec.engine DEBUG Detected 1 face(s)
2026-07-18 09:17:40,524 face_rec.service INFO Indexed output2_0000000936.png (1 face(s))
2026-07-18 09:17:40,807 face_rec.engine DEBUG Detected 1 face(s)
2026-07-18 09:17:40,809 face_rec.service INFO Indexed output2_0000000937.png (1 face(s))
2026-07-18 14:33:24,886 face_rec.engine INFO Loading InsightFace model pack buffalo_l from /Users/sebastien/.cache/models/insightface
2026-07-18 14:33:25,227 face_rec.service WARNING Pruned missing file from database: /Users/sebastien/projects/perso/image-generation/out/output2_0000000934.png
2026-07-18 14:33:25,871 face_rec.engine DEBUG Detected 1 face(s)
2026-07-18 14:33:25,873 face_rec.service INFO Indexed output2_0000000941.png (1 face(s))
2026-07-18 14:33:26,184 face_rec.engine DEBUG Detected 1 face(s)
2026-07-18 14:33:26,186 face_rec.service INFO Indexed output2_0000000942.png (1 face(s))
2026-07-18 14:33:26,999 face_rec.engine DEBUG Detected 4 face(s)
2026-07-18 14:33:27,000 face_rec.service INFO Indexed output2_0000000943.png (4 face(s))
2026-07-18 14:33:27,278 face_rec.engine DEBUG Detected 1 face(s)
2026-07-18 14:33:27,279 face_rec.service INFO Indexed output2_0000000944.png (1 face(s))
2026-07-18 14:33:27,578 face_rec.engine DEBUG Detected 1 face(s)
2026-07-18 14:33:27,583 face_rec.service INFO Indexed output2_0000000945.png (1 face(s))
2026-07-18 14:33:27,869 face_rec.engine DEBUG Detected 1 face(s)
2026-07-18 14:33:27,870 face_rec.service INFO Indexed output2_0000000946.png (1 face(s))
2026-07-18 14:33:28,145 face_rec.engine DEBUG Detected 1 face(s)
2026-07-18 14:33:28,147 face_rec.service INFO Indexed output2_0000000947.png (1 face(s))
2026-07-18 14:33:28,441 face_rec.engine DEBUG Detected 1 face(s)
2026-07-18 14:33:28,445 face_rec.service INFO Indexed output2_0000000948.png (1 face(s))
2026-07-18 14:33:28,729 face_rec.engine DEBUG Detected 1 face(s)
2026-07-18 14:33:28,730 face_rec.service INFO Indexed output2_0000000950.png (1 face(s))
2026-07-18 14:33:29,010 face_rec.engine DEBUG Detected 1 face(s)
2026-07-18 14:33:29,011 face_rec.service INFO Indexed output2_0000000951.png (1 face(s))
2026-07-18 14:33:29,294 face_rec.engine DEBUG Detected 1 face(s)
2026-07-18 14:33:29,295 face_rec.service INFO Indexed output2_0000000952.png (1 face(s))
2026-07-18 14:33:29,586 face_rec.engine DEBUG Detected 1 face(s)
2026-07-18 14:33:29,587 face_rec.service INFO Indexed output2_0000000953.png (1 face(s))
2026-07-18 14:33:30,047 face_rec.engine DEBUG Detected 2 face(s)
2026-07-18 14:33:30,048 face_rec.service INFO Indexed output2_0000000954.png (2 face(s))
2026-07-18 14:33:30,358 face_rec.engine DEBUG Detected 1 face(s)
2026-07-18 14:33:30,363 face_rec.service INFO Indexed output2_0000000955.png (1 face(s))
2026-07-18 14:33:30,668 face_rec.engine DEBUG Detected 1 face(s)
2026-07-18 14:33:30,672 face_rec.service INFO Indexed output2_0000000956.png (1 face(s))
2026-07-18 14:33:30,939 face_rec.engine DEBUG Detected 1 face(s)
2026-07-18 14:33:30,940 face_rec.service INFO Indexed output2_0000000957.png (1 face(s))
2026-07-18 14:33:31,233 face_rec.engine DEBUG Detected 1 face(s)
2026-07-18 14:33:31,234 face_rec.service INFO Indexed output2_0000000958.png (1 face(s))
2026-07-18 14:33:31,537 face_rec.engine DEBUG Detected 1 face(s)
2026-07-18 14:33:31,538 face_rec.service INFO Indexed output2_0000000959.png (1 face(s))
2026-07-18 14:33:31,824 face_rec.engine DEBUG Detected 1 face(s)
2026-07-18 14:33:31,825 face_rec.service INFO Indexed output2_0000000960.png (1 face(s))
2026-07-18 14:33:32,118 face_rec.engine DEBUG Detected 1 face(s)
2026-07-18 14:33:32,119 face_rec.service INFO Indexed output2_0000000962.png (1 face(s))
2026-07-18 14:33:32,398 face_rec.engine DEBUG Detected 1 face(s)
2026-07-18 14:33:32,399 face_rec.service INFO Indexed output2_0000000963.png (1 face(s))
2026-07-18 14:33:32,678 face_rec.engine DEBUG Detected 1 face(s)
2026-07-18 14:33:32,679 face_rec.service INFO Indexed output2_0000000964.png (1 face(s))
2026-07-18 14:33:32,972 face_rec.engine DEBUG Detected 1 face(s)
2026-07-18 14:33:32,974 face_rec.service INFO Indexed output2_0000000965.png (1 face(s))
2026-07-18 14:33:33,287 face_rec.engine DEBUG Detected 1 face(s)
2026-07-18 14:33:33,289 face_rec.service INFO Indexed output2_0000000966.png (1 face(s))
2026-07-18 14:33:33,624 face_rec.engine DEBUG Detected 1 face(s)
2026-07-18 14:33:33,625 face_rec.service INFO Indexed output2_0000000967.png (1 face(s))
2026-07-18 14:33:34,084 face_rec.engine DEBUG Detected 2 face(s)
2026-07-18 14:33:34,086 face_rec.service INFO Indexed output2_0000000968.png (2 face(s))
2026-07-18 14:33:34,397 face_rec.engine DEBUG Detected 1 face(s)
2026-07-18 14:33:34,399 face_rec.service INFO Indexed output2_0000000970.png (1 face(s))
2026-07-18 14:33:34,695 face_rec.engine DEBUG Detected 1 face(s)
2026-07-18 14:33:34,697 face_rec.service INFO Indexed output2_0000000971.png (1 face(s))
2026-07-18 14:33:34,995 face_rec.engine DEBUG Detected 1 face(s)
2026-07-18 14:33:34,996 face_rec.service INFO Indexed output2_0000000972.png (1 face(s))
2026-07-18 14:33:35,285 face_rec.engine DEBUG Detected 1 face(s)
2026-07-18 14:33:35,288 face_rec.service INFO Indexed output2_0000000973.png (1 face(s))
2026-07-18 14:33:35,575 face_rec.engine DEBUG Detected 1 face(s)
2026-07-18 14:33:35,576 face_rec.service INFO Indexed output2_0000000974.png (1 face(s))
2026-07-18 14:33:35,869 face_rec.engine DEBUG Detected 1 face(s)
2026-07-18 14:33:35,870 face_rec.service INFO Indexed output2_0000000976.png (1 face(s))
2026-07-18 14:33:36,165 face_rec.engine DEBUG Detected 1 face(s)
2026-07-18 14:33:36,167 face_rec.service INFO Indexed output2_0000000977.png (1 face(s))
2026-07-18 14:33:36,488 face_rec.engine DEBUG Detected 1 face(s)
2026-07-18 14:33:36,490 face_rec.service INFO Indexed output2_0000000978.png (1 face(s))
2026-07-18 14:33:36,775 face_rec.engine DEBUG Detected 1 face(s)
2026-07-18 14:33:36,776 face_rec.service INFO Indexed output2_0000000980.png (1 face(s))
2026-07-18 14:33:37,090 face_rec.engine DEBUG Detected 1 face(s)
2026-07-18 14:33:37,092 face_rec.service INFO Indexed output2_0000000981.png (1 face(s))
2026-07-18 14:33:37,395 face_rec.engine DEBUG Detected 1 face(s)
2026-07-18 14:33:37,396 face_rec.service INFO Indexed output2_0000000982.png (1 face(s))
2026-07-18 14:33:37,687 face_rec.engine DEBUG Detected 1 face(s)
2026-07-18 14:33:37,689 face_rec.service INFO Indexed output2_0000000983.png (1 face(s))
2026-07-18 14:33:38,006 face_rec.engine DEBUG Detected 1 face(s)
2026-07-18 14:33:38,007 face_rec.service INFO Indexed output2_0000000984.png (1 face(s))
2026-07-18 14:33:38,314 face_rec.engine DEBUG Detected 1 face(s)
2026-07-18 14:33:38,315 face_rec.service INFO Indexed output2_0000000985.png (1 face(s))
2026-07-18 14:33:38,629 face_rec.engine DEBUG Detected 1 face(s)
2026-07-18 14:33:38,631 face_rec.service INFO Indexed output2_0000000986.png (1 face(s))
2026-07-18 14:33:38,935 face_rec.engine DEBUG Detected 1 face(s)
2026-07-18 14:33:38,936 face_rec.service INFO Indexed output2_0000000987.png (1 face(s))
2026-07-18 14:33:39,255 face_rec.engine DEBUG Detected 1 face(s)
2026-07-18 14:33:39,256 face_rec.service INFO Indexed output2_0000000988.png (1 face(s))
2026-07-18 14:33:39,557 face_rec.engine DEBUG Detected 1 face(s)
2026-07-18 14:33:39,558 face_rec.service INFO Indexed output2_0000000989.png (1 face(s))
2026-07-18 14:33:39,853 face_rec.engine DEBUG Detected 1 face(s)
2026-07-18 14:33:39,855 face_rec.service INFO Indexed output2_0000000991.png (1 face(s))
2026-07-18 14:33:40,152 face_rec.engine DEBUG Detected 1 face(s)
2026-07-18 14:33:40,153 face_rec.service INFO Indexed output2_0000000992.png (1 face(s))
2026-07-18 14:33:40,445 face_rec.engine DEBUG Detected 1 face(s)
2026-07-18 14:33:40,447 face_rec.service INFO Indexed output2_0000000993.png (1 face(s))
2026-07-18 14:33:40,744 face_rec.engine DEBUG Detected 1 face(s)
2026-07-18 14:33:40,745 face_rec.service INFO Indexed output2_0000000995.png (1 face(s))
2026-07-18 14:33:41,045 face_rec.engine DEBUG Detected 1 face(s)
2026-07-18 14:33:41,046 face_rec.service INFO Indexed output2_0000000996.png (1 face(s))
2026-07-18 14:33:41,345 face_rec.engine DEBUG Detected 1 face(s)
2026-07-18 14:33:41,347 face_rec.service INFO Indexed output2_0000000997.png (1 face(s))
2026-07-18 14:33:41,651 face_rec.engine DEBUG Detected 1 face(s)
2026-07-18 14:33:41,653 face_rec.service INFO Indexed output2_0000000998.png (1 face(s))
2026-07-18 14:33:41,954 face_rec.engine DEBUG Detected 1 face(s)
2026-07-18 14:33:41,955 face_rec.service INFO Indexed output2_0000001000.png (1 face(s))
2026-07-18 14:33:42,255 face_rec.engine DEBUG Detected 1 face(s)
2026-07-18 14:33:42,257 face_rec.service INFO Indexed output2_0000001001.png (1 face(s))
2026-07-18 14:33:42,558 face_rec.engine DEBUG Detected 1 face(s)
2026-07-18 14:33:42,559 face_rec.service INFO Indexed output2_0000001002.png (1 face(s))
2026-07-18 14:33:42,853 face_rec.engine DEBUG Detected 1 face(s)
2026-07-18 14:33:42,854 face_rec.service INFO Indexed output2_0000001003.png (1 face(s))
2026-07-18 14:33:43,170 face_rec.engine DEBUG Detected 1 face(s)
2026-07-18 14:33:43,171 face_rec.service INFO Indexed output2_0000001004.png (1 face(s))
2026-07-18 14:33:43,474 face_rec.engine DEBUG Detected 1 face(s)
2026-07-18 14:33:43,475 face_rec.service INFO Indexed output2_0000001005.png (1 face(s))
2026-07-18 14:33:43,780 face_rec.engine DEBUG Detected 1 face(s)
2026-07-18 14:33:43,781 face_rec.service INFO Indexed output2_0000001006.png (1 face(s))
2026-07-18 14:33:44,070 face_rec.engine DEBUG Detected 1 face(s)
2026-07-18 14:33:44,071 face_rec.service INFO Indexed output2_0000001007.png (1 face(s))
2026-07-18 14:33:44,372 face_rec.engine DEBUG Detected 1 face(s)
2026-07-18 14:33:44,373 face_rec.service INFO Indexed output2_0000001008.png (1 face(s))
2026-07-18 14:33:44,683 face_rec.engine DEBUG Detected 1 face(s)
2026-07-18 14:33:44,684 face_rec.service INFO Indexed output2_0000001009.png (1 face(s))
2026-07-18 14:33:45,007 face_rec.engine DEBUG Detected 1 face(s)
2026-07-18 14:33:45,008 face_rec.service INFO Indexed output2_0000001010.png (1 face(s))
2026-07-18 14:33:45,317 face_rec.engine DEBUG Detected 1 face(s)
2026-07-18 14:33:45,319 face_rec.service INFO Indexed output2_0000001011.png (1 face(s))
2026-07-18 14:33:45,594 face_rec.engine DEBUG Detected 1 face(s)
2026-07-18 14:33:45,595 face_rec.service INFO Indexed output2_0000001014.png (1 face(s))
2026-07-18 14:33:45,906 face_rec.engine DEBUG Detected 1 face(s)
2026-07-18 14:33:45,911 face_rec.service INFO Indexed output2_0000001015.png (1 face(s))
2026-07-18 14:33:46,209 face_rec.engine DEBUG Detected 1 face(s)
2026-07-18 14:33:46,211 face_rec.service INFO Indexed output2_0000001016.png (1 face(s))
2026-07-18 14:33:46,554 face_rec.engine DEBUG Detected 1 face(s)
2026-07-18 14:33:46,555 face_rec.service INFO Indexed output2_0000001017.png (1 face(s))
2026-07-18 14:33:46,854 face_rec.engine DEBUG Detected 1 face(s)
2026-07-18 14:33:46,859 face_rec.service INFO Indexed output2_0000001019.png (1 face(s))
2026-07-18 14:33:47,164 face_rec.engine DEBUG Detected 1 face(s)
2026-07-18 14:33:47,165 face_rec.service INFO Indexed output2_0000001020.png (1 face(s))
2026-07-18 14:33:47,468 face_rec.engine DEBUG Detected 1 face(s)
2026-07-18 14:33:47,470 face_rec.service INFO Indexed output2_0000001021.png (1 face(s))
2026-07-18 14:33:47,774 face_rec.engine DEBUG Detected 1 face(s)
2026-07-18 14:33:47,775 face_rec.service INFO Indexed output2_0000001022.png (1 face(s))
2026-07-18 14:33:48,076 face_rec.engine DEBUG Detected 1 face(s)
2026-07-18 14:33:48,077 face_rec.service INFO Indexed output2_0000001023.png (1 face(s))
2026-07-18 14:33:48,388 face_rec.engine DEBUG Detected 1 face(s)
2026-07-18 14:33:48,389 face_rec.service INFO Indexed output2_0000001024.png (1 face(s))
2026-07-18 14:33:48,671 face_rec.engine DEBUG Detected 1 face(s)
2026-07-18 14:33:48,672 face_rec.service INFO Indexed output2_0000001025.png (1 face(s))
2026-07-18 14:33:48,974 face_rec.engine DEBUG Detected 1 face(s)
2026-07-18 14:33:48,976 face_rec.service INFO Indexed output2_0000001026.png (1 face(s))
2026-07-18 14:33:49,287 face_rec.engine DEBUG Detected 1 face(s)
2026-07-18 14:33:49,288 face_rec.service INFO Indexed output2_0000001027.png (1 face(s))
2026-07-18 14:33:49,594 face_rec.engine DEBUG Detected 1 face(s)
2026-07-18 14:33:49,595 face_rec.service INFO Indexed output2_0000001028.png (1 face(s))
2026-07-18 14:33:49,902 face_rec.engine DEBUG Detected 1 face(s)
2026-07-18 14:33:49,904 face_rec.service INFO Indexed output2_0000001029.png (1 face(s))
2026-07-18 14:33:50,197 face_rec.engine DEBUG Detected 1 face(s)
2026-07-18 14:33:50,198 face_rec.service INFO Indexed output2_0000001030.png (1 face(s))
2026-07-18 14:33:50,496 face_rec.engine DEBUG Detected 1 face(s)
2026-07-18 14:33:50,498 face_rec.service INFO Indexed output2_0000001031.png (1 face(s))
2026-07-18 14:33:50,795 face_rec.engine DEBUG Detected 1 face(s)
2026-07-18 14:33:50,796 face_rec.service INFO Indexed output2_0000001032.png (1 face(s))
2026-07-18 14:33:51,105 face_rec.engine DEBUG Detected 1 face(s)
2026-07-18 14:33:51,107 face_rec.service INFO Indexed output2_0000001033.png (1 face(s))
2026-07-18 14:33:51,402 face_rec.engine DEBUG Detected 1 face(s)
2026-07-18 14:33:51,403 face_rec.service INFO Indexed output2_0000001035.png (1 face(s))
2026-07-18 14:33:51,716 face_rec.engine DEBUG Detected 1 face(s)
2026-07-18 14:33:51,717 face_rec.service INFO Indexed output2_0000001036.png (1 face(s))
2026-07-18 14:33:52,019 face_rec.engine DEBUG Detected 1 face(s)
2026-07-18 14:33:52,021 face_rec.service INFO Indexed output2_0000001037.png (1 face(s))
2026-07-18 14:33:52,693 face_rec.engine DEBUG Detected 3 face(s)
2026-07-18 14:33:52,695 face_rec.service INFO Indexed output2_0000001038.png (3 face(s))
2026-07-18 14:33:52,999 face_rec.engine DEBUG Detected 1 face(s)
2026-07-18 14:33:53,000 face_rec.service INFO Indexed output2_0000001039.png (1 face(s))
2026-07-18 14:33:53,311 face_rec.engine DEBUG Detected 1 face(s)
2026-07-18 14:33:53,312 face_rec.service INFO Indexed output2_0000001040.png (1 face(s))
2026-07-18 14:33:53,613 face_rec.engine DEBUG Detected 1 face(s)
2026-07-18 14:33:53,614 face_rec.service INFO Indexed output2_0000001041.png (1 face(s))
2026-07-18 14:33:53,915 face_rec.engine DEBUG Detected 1 face(s)
2026-07-18 14:33:53,916 face_rec.service INFO Indexed output2_0000001043.png (1 face(s))
2026-07-18 14:33:54,225 face_rec.engine DEBUG Detected 1 face(s)
2026-07-18 14:33:54,226 face_rec.service INFO Indexed output2_0000001044.png (1 face(s))
2026-07-18 14:33:54,515 face_rec.engine DEBUG Detected 1 face(s)
2026-07-18 14:33:54,516 face_rec.service INFO Indexed output2_0000001045.png (1 face(s))
2026-07-18 14:33:54,816 face_rec.engine DEBUG Detected 1 face(s)
2026-07-18 14:33:54,817 face_rec.service INFO Indexed output2_0000001046.png (1 face(s))
2026-07-18 14:33:55,120 face_rec.engine DEBUG Detected 1 face(s)
2026-07-18 14:33:55,122 face_rec.service INFO Indexed output2_0000001047.png (1 face(s))
2026-07-18 14:33:55,442 face_rec.engine DEBUG Detected 1 face(s)
2026-07-18 14:33:55,443 face_rec.service INFO Indexed output2_0000001048.png (1 face(s))
2026-07-18 14:33:55,744 face_rec.engine DEBUG Detected 1 face(s)
2026-07-18 14:33:55,745 face_rec.service INFO Indexed output2_0000001049.png (1 face(s))
2026-07-18 14:33:56,049 face_rec.engine DEBUG Detected 1 face(s)
2026-07-18 14:33:56,050 face_rec.service INFO Indexed output2_0000001050.png (1 face(s))
2026-07-18 14:33:56,347 face_rec.engine DEBUG Detected 1 face(s)
2026-07-18 14:33:56,348 face_rec.service INFO Indexed output2_0000001051.png (1 face(s))
2026-07-18 14:33:56,642 face_rec.engine DEBUG Detected 1 face(s)
2026-07-18 14:33:56,643 face_rec.service INFO Indexed output2_0000001052.png (1 face(s))
2026-07-18 14:33:56,945 face_rec.engine DEBUG Detected 1 face(s)
2026-07-18 14:33:56,946 face_rec.service INFO Indexed output2_0000001053.png (1 face(s))
2026-07-18 14:33:57,247 face_rec.engine DEBUG Detected 1 face(s)
2026-07-18 14:33:57,248 face_rec.service INFO Indexed output2_0000001054.png (1 face(s))
2026-07-18 14:33:57,545 face_rec.engine DEBUG Detected 1 face(s)
2026-07-18 14:33:57,546 face_rec.service INFO Indexed output2_0000001055.png (1 face(s))
2026-07-18 14:33:57,870 face_rec.engine DEBUG Detected 1 face(s)
2026-07-18 14:33:57,871 face_rec.service INFO Indexed output2_0000001056.png (1 face(s))
2026-07-18 14:33:58,186 face_rec.engine DEBUG Detected 1 face(s)
2026-07-18 14:33:58,188 face_rec.service INFO Indexed output2_0000001057.png (1 face(s))
2026-07-18 14:33:58,503 face_rec.engine DEBUG Detected 1 face(s)
2026-07-18 14:33:58,504 face_rec.service INFO Indexed output2_0000001058.png (1 face(s))
2026-07-18 14:33:58,843 face_rec.engine DEBUG Detected 1 face(s)
2026-07-18 14:33:58,845 face_rec.service INFO Indexed output2_0000001059.png (1 face(s))
2026-07-18 14:33:59,191 face_rec.engine DEBUG Detected 1 face(s)
2026-07-18 14:33:59,192 face_rec.service INFO Indexed output2_0000001060.png (1 face(s))
2026-07-18 14:33:59,503 face_rec.engine DEBUG Detected 1 face(s)
2026-07-18 14:33:59,505 face_rec.service INFO Indexed output2_0000001062.png (1 face(s))
2026-07-18 14:33:59,816 face_rec.engine DEBUG Detected 1 face(s)
2026-07-18 14:33:59,817 face_rec.service INFO Indexed output2_0000001063.png (1 face(s))
2026-07-18 14:34:00,125 face_rec.engine DEBUG Detected 1 face(s)
2026-07-18 14:34:00,126 face_rec.service INFO Indexed output2_0000001064.png (1 face(s))
2026-07-18 14:34:00,428 face_rec.engine DEBUG Detected 1 face(s)
2026-07-18 14:34:00,430 face_rec.service INFO Indexed output2_0000001066.png (1 face(s))
2026-07-18 14:34:01,129 face_rec.engine DEBUG Detected 3 face(s)
2026-07-18 14:34:01,130 face_rec.service INFO Indexed output2_0000001068.png (3 face(s))
2026-07-18 14:34:01,441 face_rec.engine DEBUG Detected 1 face(s)
2026-07-18 14:34:01,442 face_rec.service INFO Indexed output2_0000001069.png (1 face(s))
2026-07-18 14:34:01,723 face_rec.engine DEBUG Detected 1 face(s)
2026-07-18 14:34:01,724 face_rec.service INFO Indexed output2_0000001071.png (1 face(s))
2026-07-18 14:34:02,021 face_rec.engine DEBUG Detected 1 face(s)
2026-07-18 14:34:02,025 face_rec.service INFO Indexed output2_0000001072.png (1 face(s))
2026-07-18 14:34:02,354 face_rec.engine DEBUG Detected 1 face(s)
2026-07-18 14:34:02,355 face_rec.service INFO Indexed output2_0000001073.png (1 face(s))
2026-07-18 14:34:02,682 face_rec.engine DEBUG Detected 1 face(s)
2026-07-18 14:34:02,683 face_rec.service INFO Indexed output2_0000001075.png (1 face(s))
2026-07-18 14:34:03,015 face_rec.engine DEBUG Detected 1 face(s)
2026-07-18 14:34:03,017 face_rec.service INFO Indexed output2_0000001076.png (1 face(s))
2026-07-18 14:34:03,297 face_rec.engine DEBUG Detected 1 face(s)
2026-07-18 14:34:03,302 face_rec.service INFO Indexed output2_0000001077.png (1 face(s))
2026-07-18 14:34:03,616 face_rec.engine DEBUG Detected 1 face(s)
2026-07-18 14:34:03,618 face_rec.service INFO Indexed output2_0000001078.png (1 face(s))
2026-07-18 14:34:03,944 face_rec.engine DEBUG Detected 1 face(s)
2026-07-18 14:34:03,945 face_rec.service INFO Indexed output2_0000001079.png (1 face(s))
2026-07-18 14:34:04,249 face_rec.engine DEBUG Detected 1 face(s)
2026-07-18 14:34:04,250 face_rec.service INFO Indexed output2_0000001080.png (1 face(s))
2026-07-18 14:34:04,572 face_rec.engine DEBUG Detected 1 face(s)
2026-07-18 14:34:04,574 face_rec.service INFO Indexed output2_0000001081.png (1 face(s))
2026-07-18 14:34:04,901 face_rec.engine DEBUG Detected 1 face(s)
2026-07-18 14:34:04,902 face_rec.service INFO Indexed output2_0000001082.png (1 face(s))
2026-07-18 14:34:05,216 face_rec.engine DEBUG Detected 1 face(s)
2026-07-18 14:34:05,217 face_rec.service INFO Indexed output2_0000001083.png (1 face(s))
2026-07-18 14:34:05,526 face_rec.engine DEBUG Detected 1 face(s)
2026-07-18 14:34:05,528 face_rec.service INFO Indexed output2_0000001084.png (1 face(s))
2026-07-18 14:34:05,829 face_rec.engine DEBUG Detected 1 face(s)
2026-07-18 14:34:05,830 face_rec.service INFO Indexed output2_0000001085.png (1 face(s))
2026-07-18 14:34:06,140 face_rec.engine DEBUG Detected 1 face(s)
2026-07-18 14:34:06,141 face_rec.service INFO Indexed output2_0000001086.png (1 face(s))
2026-07-18 14:34:06,433 face_rec.engine DEBUG Detected 1 face(s)
2026-07-18 14:34:06,434 face_rec.service INFO Indexed output2_0000001087.png (1 face(s))
2026-07-18 14:34:06,731 face_rec.engine DEBUG Detected 1 face(s)
2026-07-18 14:34:06,732 face_rec.service INFO Indexed output2_0000001088.png (1 face(s))
2026-07-18 14:34:07,036 face_rec.engine DEBUG Detected 1 face(s)
2026-07-18 14:34:07,038 face_rec.service INFO Indexed output2_0000001090.png (1 face(s))
2026-07-18 14:34:07,336 face_rec.engine DEBUG Detected 1 face(s)
2026-07-18 14:34:07,337 face_rec.service INFO Indexed output2_0000001091.png (1 face(s))
2026-07-18 14:34:07,634 face_rec.engine DEBUG Detected 1 face(s)
2026-07-18 14:34:07,636 face_rec.service INFO Indexed output2_0000001092.png (1 face(s))
2026-07-18 14:34:07,948 face_rec.engine DEBUG Detected 1 face(s)
2026-07-18 14:34:07,949 face_rec.service INFO Indexed output2_0000001093.png (1 face(s))
2026-07-18 14:34:08,258 face_rec.engine DEBUG Detected 1 face(s)
2026-07-18 14:34:08,259 face_rec.service INFO Indexed output2_0000001096.png (1 face(s))
2026-07-18 14:34:08,558 face_rec.engine DEBUG Detected 1 face(s)
2026-07-18 14:34:08,559 face_rec.service INFO Indexed output2_0000001097.png (1 face(s))
2026-07-18 14:34:08,886 face_rec.engine DEBUG Detected 1 face(s)
2026-07-18 14:34:08,887 face_rec.service INFO Indexed output2_0000001098.png (1 face(s))
2026-07-18 14:34:09,195 face_rec.engine DEBUG Detected 1 face(s)
2026-07-18 14:34:09,196 face_rec.service INFO Indexed output2_0000001099.png (1 face(s))
2026-07-18 14:34:09,503 face_rec.engine DEBUG Detected 1 face(s)
2026-07-18 14:34:09,505 face_rec.service INFO Indexed output2_0000001101.png (1 face(s))
2026-07-18 14:34:09,834 face_rec.engine DEBUG Detected 1 face(s)
2026-07-18 14:34:09,835 face_rec.service INFO Indexed output2_0000001102.png (1 face(s))
2026-07-18 14:34:10,147 face_rec.engine DEBUG Detected 1 face(s)
2026-07-18 14:34:10,149 face_rec.service INFO Indexed output2_0000001103.png (1 face(s))
2026-07-18 14:34:10,441 face_rec.engine DEBUG Detected 1 face(s)
2026-07-18 14:34:10,442 face_rec.service INFO Indexed output2_0000001105.png (1 face(s))
2026-07-18 14:34:10,742 face_rec.engine DEBUG Detected 1 face(s)
2026-07-18 14:34:10,743 face_rec.service INFO Indexed output2_0000001106.png (1 face(s))
2026-07-18 14:34:11,052 face_rec.engine DEBUG Detected 1 face(s)
2026-07-18 14:34:11,053 face_rec.service INFO Indexed output2_0000001107.png (1 face(s))
2026-07-18 14:34:11,544 face_rec.engine DEBUG Detected 2 face(s)
2026-07-18 14:34:11,547 face_rec.service INFO Indexed output2_0000001108.png (2 face(s))
2026-07-18 14:34:11,858 face_rec.engine DEBUG Detected 1 face(s)
2026-07-18 14:34:11,860 face_rec.service INFO Indexed output2_0000001109.png (1 face(s))
2026-07-18 14:34:29,844 face_rec.engine INFO Loading InsightFace model pack buffalo_l from /Users/sebastien/.cache/models/insightface
2026-07-18 14:35:01,547 face_rec.engine INFO Loading InsightFace model pack buffalo_l from /Users/sebastien/.cache/models/insightface
2026-07-18 14:35:13,654 face_rec.engine INFO Loading InsightFace model pack buffalo_l from /Users/sebastien/.cache/models/insightface
2026-07-18 14:35:14,478 face_rec.engine DEBUG Detected 1 face(s)
2026-07-18 14:38:00,126 face_rec.engine INFO Loading InsightFace model pack buffalo_l from /Users/sebastien/.cache/models/insightface
2026-07-18 14:38:01,035 face_rec.engine DEBUG Detected 1 face(s)
2026-07-18 14:39:04,502 face_rec.engine INFO Loading InsightFace model pack buffalo_l from /Users/sebastien/.cache/models/insightface
2026-07-18 14:39:04,865 face_rec.service WARNING Pruned missing file from database: /Users/sebastien/projects/perso/image-generation/out/output2_0000001017.png
2026-07-18 14:39:05,410 face_rec.engine DEBUG Detected 1 face(s)
2026-07-18 14:39:05,411 face_rec.service INFO Indexed output2_0000001110.png (1 face(s))
2026-07-18 14:39:05,687 face_rec.engine DEBUG Detected 1 face(s)
2026-07-18 14:39:05,688 face_rec.service INFO Indexed output2_0000001111.png (1 face(s))
2026-07-18 14:39:05,989 face_rec.engine DEBUG Detected 1 face(s)
2026-07-18 14:39:05,990 face_rec.service INFO Indexed output2_0000001112.png (1 face(s))
2026-07-18 14:39:12,066 face_rec.engine INFO Loading InsightFace model pack buffalo_l from /Users/sebastien/.cache/models/insightface
2026-07-18 14:39:14,650 face_rec.engine INFO Loading InsightFace model pack buffalo_l from /Users/sebastien/.cache/models/insightface
2026-07-18 15:05:06,513 face_rec.engine INFO Loading InsightFace model pack buffalo_l from /Users/sebastien/.cache/models/insightface
2026-07-18 15:05:07,535 face_rec.engine DEBUG Detected 1 face(s)
2026-07-18 15:05:07,538 face_rec.service INFO Indexed output2_0000001113.png (1 face(s))
2026-07-18 15:05:07,848 face_rec.engine DEBUG Detected 1 face(s)
2026-07-18 15:05:07,850 face_rec.service INFO Indexed output2_0000001114.png (1 face(s))
2026-07-18 15:05:08,141 face_rec.engine DEBUG Detected 1 face(s)
2026-07-18 15:05:08,143 face_rec.service INFO Indexed output2_0000001115.png (1 face(s))
2026-07-18 15:05:08,405 face_rec.engine DEBUG Detected 1 face(s)
2026-07-18 15:05:08,406 face_rec.service INFO Indexed output2_0000001116.png (1 face(s))
2026-07-18 15:05:09,046 face_rec.engine DEBUG Detected 3 face(s)
2026-07-18 15:05:09,049 face_rec.service INFO Indexed output2_0000001117.png (3 face(s))
2026-07-18 15:05:09,322 face_rec.engine DEBUG Detected 1 face(s)
2026-07-18 15:05:09,324 face_rec.service INFO Indexed output2_0000001118.png (1 face(s))
2026-07-18 15:05:09,608 face_rec.engine DEBUG Detected 1 face(s)
2026-07-18 15:05:09,609 face_rec.service INFO Indexed output2_0000001121.png (1 face(s))
2026-07-18 15:05:09,889 face_rec.engine DEBUG Detected 1 face(s)
2026-07-18 15:05:09,890 face_rec.service INFO Indexed output2_0000001122.png (1 face(s))
2026-07-18 15:05:10,166 face_rec.engine DEBUG Detected 1 face(s)
2026-07-18 15:05:10,167 face_rec.service INFO Indexed output2_0000001124.png (1 face(s))
2026-07-18 15:05:10,447 face_rec.engine DEBUG Detected 1 face(s)
2026-07-18 15:05:10,448 face_rec.service INFO Indexed output2_0000001125.png (1 face(s))
2026-07-18 15:09:48,209 face_rec.engine INFO Loading InsightFace model pack buffalo_l from /Users/sebastien/.cache/models/insightface
2026-07-18 15:09:49,063 face_rec.engine DEBUG Detected 1 face(s)
2026-07-18 15:09:49,073 face_rec.service INFO Indexed output3_0000000000.png (1 face(s))
2026-07-18 15:09:49,358 face_rec.engine DEBUG Detected 1 face(s)
2026-07-18 15:09:49,359 face_rec.service INFO Indexed output3_0000000001.png (1 face(s))
2026-07-18 15:09:49,647 face_rec.engine DEBUG Detected 1 face(s)
2026-07-18 15:09:49,649 face_rec.service INFO Indexed output3_0000000002.png (1 face(s))
2026-07-18 18:05:06,641 face_rec.engine INFO Loading InsightFace model pack buffalo_l from /Users/sebastien/.cache/models/insightface
2026-07-18 18:05:07,642 face_rec.engine DEBUG Detected 1 face(s)
2026-07-18 18:05:07,646 face_rec.service INFO Indexed output3_0000000003.png (1 face(s))
2026-07-18 18:05:07,961 face_rec.engine DEBUG Detected 1 face(s)
2026-07-18 18:05:07,963 face_rec.service INFO Indexed output3_0000000004.png (1 face(s))
2026-07-18 18:05:08,271 face_rec.engine DEBUG Detected 1 face(s)
2026-07-18 18:05:08,272 face_rec.service INFO Indexed output3_0000000005.png (1 face(s))
2026-07-18 18:05:08,563 face_rec.engine DEBUG Detected 1 face(s)
2026-07-18 18:05:08,568 face_rec.service INFO Indexed output3_0000000006.png (1 face(s))
2026-07-18 18:05:08,870 face_rec.engine DEBUG Detected 1 face(s)
2026-07-18 18:05:08,872 face_rec.service INFO Indexed output3_0000000007.png (1 face(s))
2026-07-18 18:05:09,186 face_rec.engine DEBUG Detected 1 face(s)
2026-07-18 18:05:09,187 face_rec.service INFO Indexed output3_0000000008.png (1 face(s))
2026-07-18 18:05:09,516 face_rec.engine DEBUG Detected 1 face(s)
2026-07-18 18:05:09,518 face_rec.service INFO Indexed output3_0000000009.png (1 face(s))
2026-07-18 18:05:09,814 face_rec.engine DEBUG Detected 1 face(s)
2026-07-18 18:05:09,815 face_rec.service INFO Indexed output3_0000000011.png (1 face(s))
2026-07-18 18:05:10,082 face_rec.engine DEBUG Detected 1 face(s)
2026-07-18 18:05:10,085 face_rec.service INFO Indexed output3_0000000012.png (1 face(s))
2026-07-18 18:05:10,384 face_rec.engine DEBUG Detected 1 face(s)
2026-07-18 18:05:10,385 face_rec.service INFO Indexed output3_0000000014.png (1 face(s))
2026-07-18 18:05:10,680 face_rec.engine DEBUG Detected 1 face(s)
2026-07-18 18:05:10,682 face_rec.service INFO Indexed output3_0000000015.png (1 face(s))
2026-07-18 18:05:10,973 face_rec.engine DEBUG Detected 1 face(s)
2026-07-18 18:05:10,974 face_rec.service INFO Indexed output3_0000000016.png (1 face(s))
2026-07-18 18:05:11,264 face_rec.engine DEBUG Detected 1 face(s)
2026-07-18 18:05:11,265 face_rec.service INFO Indexed output3_0000000017.png (1 face(s))
2026-07-18 18:05:11,555 face_rec.engine DEBUG Detected 1 face(s)
2026-07-18 18:05:11,557 face_rec.service INFO Indexed output3_0000000018.png (1 face(s))
2026-07-18 18:05:11,841 face_rec.engine DEBUG Detected 1 face(s)
2026-07-18 18:05:11,843 face_rec.service INFO Indexed output3_0000000019.png (1 face(s))
2026-07-18 18:05:12,133 face_rec.engine DEBUG Detected 1 face(s)
2026-07-18 18:05:12,135 face_rec.service INFO Indexed output3_0000000020.png (1 face(s))
2026-07-18 18:05:12,422 face_rec.engine DEBUG Detected 1 face(s)
2026-07-18 18:05:12,428 face_rec.service INFO Indexed output3_0000000021.png (1 face(s))
2026-07-18 18:05:12,730 face_rec.engine DEBUG Detected 1 face(s)
2026-07-18 18:05:12,732 face_rec.service INFO Indexed output3_0000000022.png (1 face(s))
2026-07-18 18:05:13,035 face_rec.engine DEBUG Detected 1 face(s)
2026-07-18 18:05:13,040 face_rec.service INFO Indexed output3_0000000024.png (1 face(s))
2026-07-18 18:05:13,323 face_rec.engine DEBUG Detected 1 face(s)
2026-07-18 18:05:13,328 face_rec.service INFO Indexed output3_0000000025.png (1 face(s))
2026-07-18 18:05:13,605 face_rec.engine DEBUG Detected 1 face(s)
2026-07-18 18:05:13,607 face_rec.service INFO Indexed output3_0000000026.png (1 face(s))
2026-07-18 18:05:13,899 face_rec.engine DEBUG Detected 1 face(s)
2026-07-18 18:05:13,901 face_rec.service INFO Indexed output3_0000000028.png (1 face(s))
2026-07-18 18:05:14,194 face_rec.engine DEBUG Detected 1 face(s)
2026-07-18 18:05:14,195 face_rec.service INFO Indexed output3_0000000029.png (1 face(s))
2026-07-18 18:05:14,520 face_rec.engine DEBUG Detected 1 face(s)
2026-07-18 18:05:14,522 face_rec.service INFO Indexed output3_0000000030.png (1 face(s))
2026-07-18 18:05:14,815 face_rec.engine DEBUG Detected 1 face(s)
2026-07-18 18:05:14,817 face_rec.service INFO Indexed output3_0000000031.png (1 face(s))
2026-07-18 18:05:15,103 face_rec.engine DEBUG Detected 1 face(s)
2026-07-18 18:05:15,105 face_rec.service INFO Indexed output3_0000000034.png (1 face(s))
2026-07-18 18:05:15,395 face_rec.engine DEBUG Detected 1 face(s)
2026-07-18 18:05:15,398 face_rec.service INFO Indexed output3_0000000035.png (1 face(s))
2026-07-18 18:05:15,701 face_rec.engine DEBUG Detected 1 face(s)
2026-07-18 18:05:15,703 face_rec.service INFO Indexed output3_0000000036.png (1 face(s))
2026-07-18 18:05:16,033 face_rec.engine DEBUG Detected 1 face(s)
2026-07-18 18:05:16,036 face_rec.service INFO Indexed output3_0000000037.png (1 face(s))
2026-07-18 18:05:16,349 face_rec.engine DEBUG Detected 1 face(s)
2026-07-18 18:05:16,353 face_rec.service INFO Indexed output3_0000000038.png (1 face(s))
2026-07-18 18:05:16,662 face_rec.engine DEBUG Detected 1 face(s)
2026-07-18 18:05:16,663 face_rec.service INFO Indexed output3_0000000039.png (1 face(s))
2026-07-18 18:05:16,939 face_rec.engine DEBUG Detected 1 face(s)
2026-07-18 18:05:16,941 face_rec.service INFO Indexed output3_0000000040.png (1 face(s))
2026-07-18 18:05:17,248 face_rec.engine DEBUG Detected 1 face(s)
2026-07-18 18:05:17,253 face_rec.service INFO Indexed output3_0000000041.png (1 face(s))
2026-07-18 18:05:17,566 face_rec.engine DEBUG Detected 1 face(s)
2026-07-18 18:05:17,568 face_rec.service INFO Indexed output3_0000000042.png (1 face(s))
2026-07-18 18:05:17,864 face_rec.engine DEBUG Detected 1 face(s)
2026-07-18 18:05:17,865 face_rec.service INFO Indexed output3_0000000043.png (1 face(s))
2026-07-18 18:05:18,345 face_rec.engine DEBUG Detected 2 face(s)
2026-07-18 18:05:18,350 face_rec.service INFO Indexed output3_0000000044.png (2 face(s))
2026-07-18 18:05:18,653 face_rec.engine DEBUG Detected 1 face(s)
2026-07-18 18:05:18,656 face_rec.service INFO Indexed output3_0000000045.png (1 face(s))
2026-07-18 18:05:18,958 face_rec.engine DEBUG Detected 1 face(s)
2026-07-18 18:05:18,960 face_rec.service INFO Indexed output3_0000000046.png (1 face(s))
2026-07-18 18:05:19,264 face_rec.engine DEBUG Detected 1 face(s)
2026-07-18 18:05:19,266 face_rec.service INFO Indexed output3_0000000047.png (1 face(s))
2026-07-18 18:05:19,601 face_rec.engine DEBUG Detected 1 face(s)
2026-07-18 18:05:19,605 face_rec.service INFO Indexed output3_0000000048.png (1 face(s))
2026-07-18 18:05:19,982 face_rec.engine DEBUG Detected 1 face(s)
2026-07-18 18:05:19,985 face_rec.service INFO Indexed output3_0000000049.png (1 face(s))
2026-07-18 18:05:20,297 face_rec.engine DEBUG Detected 1 face(s)
2026-07-18 18:05:20,299 face_rec.service INFO Indexed output3_0000000050.png (1 face(s))
2026-07-18 18:05:20,600 face_rec.engine DEBUG Detected 1 face(s)
2026-07-18 18:05:20,602 face_rec.service INFO Indexed output3_0000000052.png (1 face(s))
2026-07-18 18:05:20,924 face_rec.engine DEBUG Detected 1 face(s)
2026-07-18 18:05:20,929 face_rec.service INFO Indexed output3_0000000053.png (1 face(s))
2026-07-18 18:05:21,258 face_rec.engine DEBUG Detected 1 face(s)
2026-07-18 18:05:21,259 face_rec.service INFO Indexed output3_0000000054.png (1 face(s))
2026-07-18 18:05:21,592 face_rec.engine DEBUG Detected 1 face(s)
2026-07-18 18:05:21,595 face_rec.service INFO Indexed output3_0000000055.png (1 face(s))
2026-07-18 18:05:21,908 face_rec.engine DEBUG Detected 1 face(s)
2026-07-18 18:05:21,910 face_rec.service INFO Indexed output3_0000000056.png (1 face(s))
2026-07-18 18:05:22,210 face_rec.engine DEBUG Detected 1 face(s)
2026-07-18 18:05:22,212 face_rec.service INFO Indexed output3_0000000057.png (1 face(s))
2026-07-18 18:05:22,517 face_rec.engine DEBUG Detected 1 face(s)
2026-07-18 18:05:22,519 face_rec.service INFO Indexed output3_0000000058.png (1 face(s))
2026-07-18 18:05:22,835 face_rec.engine DEBUG Detected 1 face(s)
2026-07-18 18:05:22,836 face_rec.service INFO Indexed output3_0000000059.png (1 face(s))
2026-07-18 18:05:23,139 face_rec.engine DEBUG Detected 1 face(s)
2026-07-18 18:05:23,141 face_rec.service INFO Indexed output3_0000000060.png (1 face(s))
2026-07-18 18:05:23,449 face_rec.engine DEBUG Detected 1 face(s)
2026-07-18 18:05:23,455 face_rec.service INFO Indexed output3_0000000061.png (1 face(s))
2026-07-18 18:05:23,753 face_rec.engine DEBUG Detected 1 face(s)
2026-07-18 18:05:23,754 face_rec.service INFO Indexed output3_0000000062.png (1 face(s))
2026-07-18 18:05:24,042 face_rec.engine DEBUG Detected 1 face(s)
2026-07-18 18:05:24,043 face_rec.service INFO Indexed output3_0000000063.png (1 face(s))
2026-07-18 18:05:24,349 face_rec.engine DEBUG Detected 1 face(s)
2026-07-18 18:05:24,351 face_rec.service INFO Indexed output3_0000000064.png (1 face(s))
2026-07-18 18:05:24,677 face_rec.engine DEBUG Detected 1 face(s)
2026-07-18 18:05:24,678 face_rec.service INFO Indexed output3_0000000065.png (1 face(s))
2026-07-18 18:05:25,028 face_rec.engine DEBUG Detected 1 face(s)
2026-07-18 18:05:25,029 face_rec.service INFO Indexed output3_0000000066.png (1 face(s))
2026-07-18 18:05:25,346 face_rec.engine DEBUG Detected 1 face(s)
2026-07-18 18:05:25,349 face_rec.service INFO Indexed output3_0000000067.png (1 face(s))
2026-07-18 18:05:25,848 face_rec.engine DEBUG Detected 2 face(s)
2026-07-18 18:05:25,850 face_rec.service INFO Indexed output3_0000000068.png (2 face(s))
2026-07-18 18:05:26,157 face_rec.engine DEBUG Detected 1 face(s)
2026-07-18 18:05:26,160 face_rec.service INFO Indexed output3_0000000069.png (1 face(s))
2026-07-18 18:05:26,450 face_rec.engine DEBUG Detected 1 face(s)
2026-07-18 18:05:26,451 face_rec.service INFO Indexed output3_0000000070.png (1 face(s))
2026-07-18 18:05:26,754 face_rec.engine DEBUG Detected 1 face(s)
2026-07-18 18:05:26,756 face_rec.service INFO Indexed output3_0000000071.png (1 face(s))
2026-07-18 18:05:27,059 face_rec.engine DEBUG Detected 1 face(s)
2026-07-18 18:05:27,060 face_rec.service INFO Indexed output3_0000000072.png (1 face(s))
2026-07-18 18:05:27,382 face_rec.engine DEBUG Detected 1 face(s)
2026-07-18 18:05:27,384 face_rec.service INFO Indexed output3_0000000073.png (1 face(s))
2026-07-18 18:05:27,672 face_rec.engine DEBUG Detected 1 face(s)
2026-07-18 18:05:27,674 face_rec.service INFO Indexed output3_0000000074.png (1 face(s))
2026-07-18 18:05:27,994 face_rec.engine DEBUG Detected 1 face(s)
2026-07-18 18:05:27,996 face_rec.service INFO Indexed output3_0000000075.png (1 face(s))
2026-07-18 18:05:28,299 face_rec.engine DEBUG Detected 1 face(s)
2026-07-18 18:05:28,301 face_rec.service INFO Indexed output3_0000000076.png (1 face(s))
2026-07-18 18:05:28,596 face_rec.engine DEBUG Detected 1 face(s)
2026-07-18 18:05:28,597 face_rec.service INFO Indexed output3_0000000077.png (1 face(s))
2026-07-18 18:05:28,942 face_rec.engine DEBUG Detected 1 face(s)
2026-07-18 18:05:28,945 face_rec.service INFO Indexed output3_0000000078.png (1 face(s))
2026-07-18 18:05:29,281 face_rec.engine DEBUG Detected 1 face(s)
2026-07-18 18:05:29,282 face_rec.service INFO Indexed output3_0000000079.png (1 face(s))
2026-07-18 18:05:29,610 face_rec.engine DEBUG Detected 1 face(s)
2026-07-18 18:05:29,611 face_rec.service INFO Indexed output3_0000000080.png (1 face(s))
2026-07-18 18:05:29,936 face_rec.engine DEBUG Detected 1 face(s)
2026-07-18 18:05:29,937 face_rec.service INFO Indexed output3_0000000081.png (1 face(s))
2026-07-18 18:05:30,264 face_rec.engine DEBUG Detected 1 face(s)
2026-07-18 18:05:30,266 face_rec.service INFO Indexed output3_0000000082.png (1 face(s))
2026-07-18 18:06:33,635 face_rec.engine INFO Loading InsightFace model pack buffalo_l from /Users/sebastien/.cache/models/insightface
2026-07-18 18:06:34,211 face_rec.service WARNING Pruned missing file from database: /Users/sebastien/projects/perso/image-generation/out/output3_0000000064.png
2026-07-18 18:06:34,212 face_rec.service WARNING Pruned missing file from database: /Users/sebastien/projects/perso/image-generation/out/output3_0000000077.png
2026-07-18 18:06:34,764 face_rec.engine DEBUG Detected 1 face(s)
2026-07-18 18:06:34,765 face_rec.service INFO Indexed output3_0000000083.png (1 face(s))
2026-07-18 18:06:35,104 face_rec.engine DEBUG Detected 1 face(s)
2026-07-18 18:06:35,106 face_rec.service INFO Indexed output3_0000000084.png (1 face(s))
2026-07-18 18:06:35,389 face_rec.engine DEBUG Detected 1 face(s)
2026-07-18 18:06:35,390 face_rec.service INFO Indexed output3_0000000085.png (1 face(s))
2026-07-18 18:06:35,720 face_rec.engine DEBUG Detected 1 face(s)
2026-07-18 18:06:35,722 face_rec.service INFO Indexed output3_0000000086.png (1 face(s))
2026-07-18 18:06:36,006 face_rec.engine DEBUG Detected 1 face(s)
2026-07-18 18:06:36,021 face_rec.service INFO Indexed output3_0000000087.png (1 face(s))
2026-07-18 18:06:36,327 face_rec.engine DEBUG Detected 1 face(s)
2026-07-18 18:06:36,329 face_rec.service INFO Indexed output3_0000000088.png (1 face(s))
2026-07-18 18:06:36,628 face_rec.engine DEBUG Detected 1 face(s)
2026-07-18 18:06:36,629 face_rec.service INFO Indexed output3_0000000089.png (1 face(s))
2026-07-18 18:06:36,949 face_rec.engine DEBUG Detected 1 face(s)
2026-07-18 18:06:36,950 face_rec.service INFO Indexed output3_0000000090.png (1 face(s))
2026-07-18 18:06:37,257 face_rec.engine DEBUG Detected 1 face(s)
2026-07-18 18:06:37,258 face_rec.service INFO Indexed output3_0000000091.png (1 face(s))
2026-07-18 18:06:37,539 face_rec.engine DEBUG Detected 1 face(s)
2026-07-18 18:06:37,540 face_rec.service INFO Indexed output3_0000000092.png (1 face(s))
2026-07-18 18:06:37,827 face_rec.engine DEBUG Detected 1 face(s)
2026-07-18 18:06:37,828 face_rec.service INFO Indexed output3_0000000093.png (1 face(s))
2026-07-18 18:06:38,123 face_rec.engine DEBUG Detected 1 face(s)
2026-07-18 18:06:38,124 face_rec.service INFO Indexed output3_0000000094.png (1 face(s))
2026-07-18 18:06:38,443 face_rec.engine DEBUG Detected 1 face(s)
2026-07-18 18:06:38,444 face_rec.service INFO Indexed output3_0000000095.png (1 face(s))
2026-07-18 18:06:38,734 face_rec.engine DEBUG Detected 1 face(s)
2026-07-18 18:06:38,735 face_rec.service INFO Indexed output3_0000000096.png (1 face(s))
2026-07-18 18:06:39,023 face_rec.engine DEBUG Detected 1 face(s)
2026-07-18 18:06:39,024 face_rec.service INFO Indexed output3_0000000097.png (1 face(s))
2026-07-18 18:06:39,315 face_rec.engine DEBUG Detected 1 face(s)
2026-07-18 18:06:39,316 face_rec.service INFO Indexed output3_0000000098.png (1 face(s))
2026-07-18 18:09:02,458 face_rec.engine INFO Loading InsightFace model pack buffalo_l from /Users/sebastien/.cache/models/insightface
2026-07-18 18:09:03,357 face_rec.engine DEBUG Detected 1 face(s)
2026-07-18 18:09:03,365 face_rec.service INFO Indexed output3_0000000099.png (1 face(s))
2026-07-18 18:09:03,663 face_rec.engine DEBUG Detected 1 face(s)
2026-07-18 18:09:03,664 face_rec.service INFO Indexed output3_0000000100.png (1 face(s))
2026-07-18 19:30:21,844 face_rec.engine INFO Loading InsightFace model pack buffalo_l from /Users/sebastien/.cache/models/insightface
2026-07-18 19:30:22,829 face_rec.engine DEBUG Detected 1 face(s)
2026-07-18 19:30:22,831 face_rec.service INFO Indexed output3_0000000101.png (1 face(s))
2026-07-18 19:30:23,150 face_rec.engine DEBUG Detected 1 face(s)
2026-07-18 19:30:23,151 face_rec.service INFO Indexed output3_0000000102.png (1 face(s))
2026-07-18 19:30:23,451 face_rec.engine DEBUG Detected 1 face(s)
2026-07-18 19:30:23,453 face_rec.service INFO Indexed output3_0000000103.png (1 face(s))
2026-07-18 19:30:23,761 face_rec.engine DEBUG Detected 1 face(s)
2026-07-18 19:30:23,762 face_rec.service INFO Indexed output3_0000000104.png (1 face(s))
2026-07-18 19:30:24,071 face_rec.engine DEBUG Detected 1 face(s)
2026-07-18 19:30:24,072 face_rec.service INFO Indexed output3_0000000105.png (1 face(s))
2026-07-18 19:30:24,391 face_rec.engine DEBUG Detected 1 face(s)
2026-07-18 19:30:24,392 face_rec.service INFO Indexed output3_0000000106.png (1 face(s))
2026-07-18 19:30:24,730 face_rec.engine DEBUG Detected 1 face(s)
2026-07-18 19:30:24,732 face_rec.service INFO Indexed output3_0000000107.png (1 face(s))
2026-07-18 19:30:25,058 face_rec.engine DEBUG Detected 1 face(s)
2026-07-18 19:30:25,059 face_rec.service INFO Indexed output3_0000000108.png (1 face(s))
2026-07-18 19:30:25,411 face_rec.engine DEBUG Detected 1 face(s)
2026-07-18 19:30:25,412 face_rec.service INFO Indexed output3_0000000109.png (1 face(s))
2026-07-18 19:30:25,743 face_rec.engine DEBUG Detected 1 face(s)
2026-07-18 19:30:25,744 face_rec.service INFO Indexed output3_0000000110.png (1 face(s))
2026-07-18 19:30:26,057 face_rec.engine DEBUG Detected 1 face(s)
2026-07-18 19:30:26,058 face_rec.service INFO Indexed output3_0000000111.png (1 face(s))
2026-07-18 19:30:26,380 face_rec.engine DEBUG Detected 1 face(s)
2026-07-18 19:30:26,381 face_rec.service INFO Indexed output3_0000000112.png (1 face(s))
2026-07-18 19:30:26,728 face_rec.engine DEBUG Detected 1 face(s)
2026-07-18 19:30:26,730 face_rec.service INFO Indexed output3_0000000113.png (1 face(s))
2026-07-18 19:30:27,071 face_rec.engine DEBUG Detected 1 face(s)
2026-07-18 19:30:27,073 face_rec.service INFO Indexed output3_0000000114.png (1 face(s))
2026-07-18 19:30:27,377 face_rec.engine DEBUG Detected 1 face(s)
2026-07-18 19:30:27,378 face_rec.service INFO Indexed output3_0000000115.png (1 face(s))
2026-07-18 19:30:27,697 face_rec.engine DEBUG Detected 1 face(s)
2026-07-18 19:30:27,698 face_rec.service INFO Indexed output3_0000000116.png (1 face(s))
2026-07-18 19:30:28,013 face_rec.engine DEBUG Detected 1 face(s)
2026-07-18 19:30:28,014 face_rec.service INFO Indexed output3_0000000117.png (1 face(s))
2026-07-18 19:30:28,285 face_rec.engine DEBUG Detected 1 face(s)
2026-07-18 19:30:28,286 face_rec.service INFO Indexed output3_0000000118.png (1 face(s))
2026-07-18 19:30:28,581 face_rec.engine DEBUG Detected 1 face(s)
2026-07-18 19:30:28,582 face_rec.service INFO Indexed output3_0000000120.png (1 face(s))
2026-07-18 19:30:28,867 face_rec.engine DEBUG Detected 1 face(s)
2026-07-18 19:30:28,868 face_rec.service INFO Indexed output3_0000000121.png (1 face(s))
2026-07-18 19:30:29,162 face_rec.engine DEBUG Detected 1 face(s)
2026-07-18 19:30:29,164 face_rec.service INFO Indexed output3_0000000122.png (1 face(s))
2026-07-18 19:30:29,461 face_rec.engine DEBUG Detected 1 face(s)
2026-07-18 19:30:29,462 face_rec.service INFO Indexed output3_0000000123.png (1 face(s))
2026-07-18 19:30:29,750 face_rec.engine DEBUG Detected 1 face(s)
2026-07-18 19:30:29,751 face_rec.service INFO Indexed output3_0000000124.png (1 face(s))
2026-07-18 19:30:30,054 face_rec.engine DEBUG Detected 1 face(s)
2026-07-18 19:30:30,055 face_rec.service INFO Indexed output3_0000000125.png (1 face(s))
2026-07-18 19:30:30,348 face_rec.engine DEBUG Detected 1 face(s)
2026-07-18 19:30:30,352 face_rec.service INFO Indexed output3_0000000126.png (1 face(s))
2026-07-18 19:30:30,641 face_rec.engine DEBUG Detected 1 face(s)
2026-07-18 19:30:30,642 face_rec.service INFO Indexed output3_0000000127.png (1 face(s))
2026-07-18 19:30:30,948 face_rec.engine DEBUG Detected 1 face(s)
2026-07-18 19:30:30,949 face_rec.service INFO Indexed output3_0000000128.png (1 face(s))
2026-07-18 19:30:31,228 face_rec.engine DEBUG Detected 1 face(s)
2026-07-18 19:30:31,229 face_rec.service INFO Indexed output3_0000000129.png (1 face(s))
2026-07-18 19:30:31,518 face_rec.engine DEBUG Detected 1 face(s)
2026-07-18 19:30:31,519 face_rec.service INFO Indexed output3_0000000130.png (1 face(s))
2026-07-18 19:30:31,825 face_rec.engine DEBUG Detected 1 face(s)
2026-07-18 19:30:31,826 face_rec.service INFO Indexed output3_0000000131.png (1 face(s))
2026-07-18 19:30:32,126 face_rec.engine DEBUG Detected 1 face(s)
2026-07-18 19:30:32,127 face_rec.service INFO Indexed output3_0000000132.png (1 face(s))
2026-07-18 19:30:32,423 face_rec.engine DEBUG Detected 1 face(s)
2026-07-18 19:30:32,424 face_rec.service INFO Indexed output3_0000000133.png (1 face(s))
2026-07-18 19:30:32,740 face_rec.engine DEBUG Detected 1 face(s)
2026-07-18 19:30:32,744 face_rec.service INFO Indexed output3_0000000135.png (1 face(s))
2026-07-18 19:30:33,033 face_rec.engine DEBUG Detected 1 face(s)
2026-07-18 19:30:33,034 face_rec.service INFO Indexed output3_0000000136.png (1 face(s))
2026-07-18 19:30:33,317 face_rec.engine DEBUG Detected 1 face(s)
2026-07-18 19:30:33,318 face_rec.service INFO Indexed output3_0000000137.png (1 face(s))
2026-07-18 19:30:33,627 face_rec.engine DEBUG Detected 1 face(s)
2026-07-18 19:30:33,628 face_rec.service INFO Indexed output3_0000000138.png (1 face(s))
2026-07-18 19:30:33,923 face_rec.engine DEBUG Detected 1 face(s)
2026-07-18 19:30:33,924 face_rec.service INFO Indexed output3_0000000139.png (1 face(s))
2026-07-18 19:30:34,215 face_rec.engine DEBUG Detected 1 face(s)
2026-07-18 19:30:34,216 face_rec.service INFO Indexed output3_0000000140.png (1 face(s))
2026-07-18 19:30:34,523 face_rec.engine DEBUG Detected 1 face(s)
2026-07-18 19:30:34,524 face_rec.service INFO Indexed output3_0000000141.png (1 face(s))
2026-07-18 19:30:34,814 face_rec.engine DEBUG Detected 1 face(s)
2026-07-18 19:30:34,815 face_rec.service INFO Indexed output3_0000000142.png (1 face(s))
2026-07-18 19:30:35,121 face_rec.engine DEBUG Detected 1 face(s)
2026-07-18 19:30:35,125 face_rec.service INFO Indexed output3_0000000143.png (1 face(s))
2026-07-18 20:02:34,425 face_rec.engine INFO Loading InsightFace model pack buffalo_l from /Users/sebastien/.cache/models/insightface
2026-07-18 20:02:35,724 face_rec.engine DEBUG Detected 2 face(s)
2026-07-18 20:02:35,728 face_rec.service INFO Indexed output3_0000000144.png (2 face(s))
2026-07-18 20:02:36,035 face_rec.engine DEBUG Detected 1 face(s)
2026-07-18 20:02:36,036 face_rec.service INFO Indexed output3_0000000145.png (1 face(s))
2026-07-18 20:15:40,161 face_rec.engine INFO Loading InsightFace model pack buffalo_l from /Users/sebastien/.cache/models/insightface
2026-07-18 20:15:41,054 face_rec.engine DEBUG Detected 1 face(s)
2026-07-18 20:15:41,057 face_rec.service INFO Indexed output3_0000000146.png (1 face(s))
2026-07-18 20:15:41,395 face_rec.engine DEBUG Detected 1 face(s)
2026-07-18 20:15:41,396 face_rec.service INFO Indexed output3_0000000147.png (1 face(s))
2026-07-18 20:15:41,667 face_rec.engine DEBUG Detected 1 face(s)
2026-07-18 20:15:41,669 face_rec.service INFO Indexed output3_0000000148.png (1 face(s))
2026-07-18 20:15:41,940 face_rec.engine DEBUG Detected 1 face(s)
2026-07-18 20:15:41,941 face_rec.service INFO Indexed output3_0000000149.png (1 face(s))
2026-07-18 20:15:42,208 face_rec.engine DEBUG Detected 1 face(s)
2026-07-18 20:15:42,212 face_rec.service INFO Indexed output3_0000000150.png (1 face(s))
2026-07-18 20:15:42,496 face_rec.engine DEBUG Detected 1 face(s)
2026-07-18 20:15:42,498 face_rec.service INFO Indexed output3_0000000151.png (1 face(s))
2026-07-18 20:15:42,763 face_rec.engine DEBUG Detected 1 face(s)
2026-07-18 20:15:42,764 face_rec.service INFO Indexed output3_0000000152.png (1 face(s))
2026-07-18 20:22:56,827 face_rec.engine INFO Loading InsightFace model pack buffalo_l from /Users/sebastien/.cache/models/insightface
2026-07-18 20:22:57,166 face_rec.service WARNING Pruned missing file from database: /Users/sebastien/projects/perso/image-generation/out/output3_0000000133.png
2026-07-18 20:22:57,168 face_rec.service WARNING Pruned missing file from database: /Users/sebastien/projects/perso/image-generation/out/output3_0000000143.png
2026-07-18 20:22:57,168 face_rec.service WARNING Pruned missing file from database: /Users/sebastien/projects/perso/image-generation/out/output3_0000000146.png
2026-07-18 20:22:57,670 face_rec.engine DEBUG Detected 1 face(s)
2026-07-18 20:22:57,672 face_rec.service INFO Indexed output3_0000000153.png (1 face(s))
2026-07-18 20:22:58,062 face_rec.engine DEBUG Detected 1 face(s)
2026-07-18 20:22:58,064 face_rec.service INFO Indexed output3_0000000154.png (1 face(s))
2026-07-18 20:22:58,453 face_rec.engine DEBUG Detected 1 face(s)
2026-07-18 20:22:58,455 face_rec.service INFO Indexed output3_0000000155.png (1 face(s))
2026-07-18 20:22:58,872 face_rec.engine DEBUG Detected 1 face(s)
2026-07-18 20:22:58,876 face_rec.service INFO Indexed output3_0000000156.png (1 face(s))
2026-07-18 22:21:11,442 face_rec.engine INFO Loading InsightFace model pack buffalo_l from /Users/sebastien/.cache/models/insightface
2026-07-18 22:21:11,901 face_rec.service WARNING Pruned missing file from database: /Users/sebastien/projects/perso/image-generation/out/output3_0000000155.png
2026-07-18 22:21:12,557 face_rec.engine DEBUG Detected 1 face(s)
2026-07-18 22:21:12,559 face_rec.service INFO Indexed output3_0000000157.png (1 face(s))
2026-07-18 22:21:12,912 face_rec.engine DEBUG Detected 1 face(s)
2026-07-18 22:21:12,914 face_rec.service INFO Indexed output3_0000000158.png (1 face(s))
2026-07-18 22:21:13,236 face_rec.engine DEBUG Detected 1 face(s)
2026-07-18 22:21:13,237 face_rec.service INFO Indexed output3_0000000159.png (1 face(s))
2026-07-18 22:21:13,597 face_rec.engine DEBUG Detected 1 face(s)
2026-07-18 22:21:13,599 face_rec.service INFO Indexed output3_0000000160.png (1 face(s))
2026-07-18 22:21:14,111 face_rec.engine DEBUG Detected 1 face(s)
2026-07-18 22:21:14,112 face_rec.service INFO Indexed output3_0000000161.png (1 face(s))
2026-07-18 22:21:14,452 face_rec.engine DEBUG Detected 1 face(s)
2026-07-18 22:21:14,457 face_rec.service INFO Indexed output3_0000000162.png (1 face(s))
2026-07-18 22:21:14,765 face_rec.engine DEBUG Detected 1 face(s)
2026-07-18 22:21:14,767 face_rec.service INFO Indexed output3_0000000163.png (1 face(s))
2026-07-18 22:21:15,110 face_rec.engine DEBUG Detected 1 face(s)
2026-07-18 22:21:15,111 face_rec.service INFO Indexed output3_0000000164.png (1 face(s))
2026-07-18 22:21:15,470 face_rec.engine DEBUG Detected 1 face(s)
2026-07-18 22:21:15,471 face_rec.service INFO Indexed output3_0000000165.png (1 face(s))
2026-07-18 22:21:15,988 face_rec.engine DEBUG Detected 1 face(s)
2026-07-18 22:21:15,989 face_rec.service INFO Indexed output3_0000000166.png (1 face(s))
2026-07-18 22:21:16,350 face_rec.engine DEBUG Detected 1 face(s)
2026-07-18 22:21:16,352 face_rec.service INFO Indexed output3_0000000167.png (1 face(s))
2026-07-18 22:21:16,802 face_rec.engine DEBUG Detected 1 face(s)
2026-07-18 22:21:16,803 face_rec.service INFO Indexed output3_0000000168.png (1 face(s))
2026-07-18 22:21:17,169 face_rec.engine DEBUG Detected 1 face(s)
2026-07-18 22:21:17,170 face_rec.service INFO Indexed output3_0000000169.png (1 face(s))
2026-07-18 22:21:17,532 face_rec.engine DEBUG Detected 1 face(s)
2026-07-18 22:21:17,533 face_rec.service INFO Indexed output3_0000000170.png (1 face(s))
2026-07-18 22:21:17,877 face_rec.engine DEBUG Detected 1 face(s)
2026-07-18 22:21:17,878 face_rec.service INFO Indexed output3_0000000171.png (1 face(s))
2026-07-18 22:21:18,294 face_rec.engine DEBUG Detected 1 face(s)
2026-07-18 22:21:18,296 face_rec.service INFO Indexed output3_0000000172.png (1 face(s))
2026-07-18 22:21:18,667 face_rec.engine DEBUG Detected 1 face(s)
2026-07-18 22:21:18,669 face_rec.service INFO Indexed output3_0000000173.png (1 face(s))
2026-07-18 22:21:19,231 face_rec.engine DEBUG Detected 1 face(s)
2026-07-18 22:21:19,233 face_rec.service INFO Indexed output3_0000000174.png (1 face(s))
2026-07-18 22:21:19,737 face_rec.engine DEBUG Detected 1 face(s)
2026-07-18 22:21:19,739 face_rec.service INFO Indexed output3_0000000175.png (1 face(s))
2026-07-18 22:21:20,265 face_rec.engine DEBUG Detected 1 face(s)
2026-07-18 22:21:20,268 face_rec.service INFO Indexed output3_0000000176.png (1 face(s))
2026-07-18 22:21:20,855 face_rec.engine DEBUG Detected 1 face(s)
2026-07-18 22:21:20,856 face_rec.service INFO Indexed output3_0000000177.png (1 face(s))
2026-07-18 22:21:21,271 face_rec.engine DEBUG Detected 1 face(s)
2026-07-18 22:21:21,273 face_rec.service INFO Indexed output3_0000000178.png (1 face(s))
2026-07-18 22:21:21,648 face_rec.engine DEBUG Detected 1 face(s)
2026-07-18 22:21:21,649 face_rec.service INFO Indexed output3_0000000179.png (1 face(s))
2026-07-18 22:21:22,125 face_rec.engine DEBUG Detected 1 face(s)
2026-07-18 22:21:22,127 face_rec.service INFO Indexed output3_0000000180.png (1 face(s))
2026-07-18 22:21:22,631 face_rec.engine DEBUG Detected 1 face(s)
2026-07-18 22:21:22,633 face_rec.service INFO Indexed output3_0000000181.png (1 face(s))
2026-07-18 22:21:23,097 face_rec.engine DEBUG Detected 1 face(s)
2026-07-18 22:21:23,099 face_rec.service INFO Indexed output3_0000000182.png (1 face(s))
2026-07-18 22:21:23,610 face_rec.engine DEBUG Detected 1 face(s)
2026-07-18 22:21:23,612 face_rec.service INFO Indexed output3_0000000183.png (1 face(s))
2026-07-18 22:21:23,953 face_rec.engine DEBUG Detected 1 face(s)
2026-07-18 22:21:23,954 face_rec.service INFO Indexed output3_0000000184.png (1 face(s))
2026-07-18 22:21:24,335 face_rec.engine DEBUG Detected 1 face(s)
2026-07-18 22:21:24,337 face_rec.service INFO Indexed output3_0000000185.png (1 face(s))
2026-07-18 22:21:24,707 face_rec.engine DEBUG Detected 1 face(s)
2026-07-18 22:21:24,711 face_rec.service INFO Indexed output3_0000000186.png (1 face(s))
2026-07-18 22:21:25,102 face_rec.engine DEBUG Detected 1 face(s)
2026-07-18 22:21:25,104 face_rec.service INFO Indexed output3_0000000187.png (1 face(s))
2026-07-18 22:21:25,624 face_rec.engine DEBUG Detected 1 face(s)
2026-07-18 22:21:25,626 face_rec.service INFO Indexed output3_0000000188.png (1 face(s))
2026-07-18 22:21:26,127 face_rec.engine DEBUG Detected 1 face(s)
2026-07-18 22:21:26,131 face_rec.service INFO Indexed output3_0000000189.png (1 face(s))
2026-07-18 22:21:26,643 face_rec.engine DEBUG Detected 1 face(s)
2026-07-18 22:21:26,645 face_rec.service INFO Indexed output3_0000000190.png (1 face(s))
2026-07-18 22:21:27,001 face_rec.engine DEBUG Detected 1 face(s)
2026-07-18 22:21:27,003 face_rec.service INFO Indexed output3_0000000191.png (1 face(s))
2026-07-18 22:21:27,409 face_rec.engine DEBUG Detected 1 face(s)
2026-07-18 22:21:27,411 face_rec.service INFO Indexed output3_0000000192.png (1 face(s))
2026-07-18 22:21:27,753 face_rec.engine DEBUG Detected 1 face(s)
2026-07-18 22:21:27,754 face_rec.service INFO Indexed output3_0000000193.png (1 face(s))
2026-07-18 22:21:28,116 face_rec.engine DEBUG Detected 1 face(s)
2026-07-18 22:21:28,119 face_rec.service INFO Indexed output3_0000000194.png (1 face(s))
2026-07-18 22:21:28,503 face_rec.engine DEBUG Detected 1 face(s)
2026-07-18 22:21:28,508 face_rec.service INFO Indexed output3_0000000195.png (1 face(s))
2026-07-18 22:21:28,959 face_rec.engine DEBUG Detected 1 face(s)
2026-07-18 22:21:28,960 face_rec.service INFO Indexed output3_0000000196.png (1 face(s))
2026-07-18 22:21:29,381 face_rec.engine DEBUG Detected 1 face(s)
2026-07-18 22:21:29,382 face_rec.service INFO Indexed output3_0000000197.png (1 face(s))
2026-07-18 22:21:29,773 face_rec.engine DEBUG Detected 1 face(s)
2026-07-18 22:21:29,775 face_rec.service INFO Indexed output3_0000000198.png (1 face(s))
2026-07-18 22:21:30,099 face_rec.engine DEBUG Detected 1 face(s)
2026-07-18 22:21:30,100 face_rec.service INFO Indexed output3_0000000200.png (1 face(s))
2026-07-18 22:21:30,515 face_rec.engine DEBUG Detected 1 face(s)
2026-07-18 22:21:30,526 face_rec.service INFO Indexed output3_0000000201.png (1 face(s))
2026-07-18 22:21:30,884 face_rec.engine DEBUG Detected 1 face(s)
2026-07-18 22:21:30,886 face_rec.service INFO Indexed output3_0000000202.png (1 face(s))
2026-07-18 22:21:31,341 face_rec.engine DEBUG Detected 1 face(s)
2026-07-18 22:21:31,347 face_rec.service INFO Indexed output3_0000000203.png (1 face(s))
2026-07-18 22:21:31,819 face_rec.engine DEBUG Detected 1 face(s)
2026-07-18 22:21:31,820 face_rec.service INFO Indexed output3_0000000204.png (1 face(s))
2026-07-18 22:21:32,244 face_rec.engine DEBUG Detected 1 face(s)
2026-07-18 22:21:32,246 face_rec.service INFO Indexed output3_0000000205.png (1 face(s))
2026-07-18 22:21:32,658 face_rec.engine DEBUG Detected 1 face(s)
2026-07-18 22:21:32,659 face_rec.service INFO Indexed output3_0000000206.png (1 face(s))
2026-07-18 22:21:33,046 face_rec.engine DEBUG Detected 1 face(s)
2026-07-18 22:21:33,048 face_rec.service INFO Indexed output3_0000000207.png (1 face(s))
2026-07-18 22:21:33,468 face_rec.engine DEBUG Detected 1 face(s)
2026-07-18 22:21:33,469 face_rec.service INFO Indexed output3_0000000208.png (1 face(s))
2026-07-18 22:21:33,815 face_rec.engine DEBUG Detected 1 face(s)
2026-07-18 22:21:33,816 face_rec.service INFO Indexed output3_0000000209.png (1 face(s))
2026-07-18 22:21:34,230 face_rec.engine DEBUG Detected 1 face(s)
2026-07-18 22:21:34,232 face_rec.service INFO Indexed output3_0000000210.png (1 face(s))
2026-07-18 22:21:34,693 face_rec.engine DEBUG Detected 1 face(s)
2026-07-18 22:21:34,695 face_rec.service INFO Indexed output3_0000000211.png (1 face(s))
2026-07-18 22:21:35,104 face_rec.engine DEBUG Detected 1 face(s)
2026-07-18 22:21:35,105 face_rec.service INFO Indexed output3_0000000212.png (1 face(s))
2026-07-18 22:21:35,467 face_rec.engine DEBUG Detected 1 face(s)
2026-07-18 22:21:35,468 face_rec.service INFO Indexed output3_0000000215.png (1 face(s))
2026-07-18 22:21:35,795 face_rec.engine DEBUG Detected 1 face(s)
2026-07-18 22:21:35,796 face_rec.service INFO Indexed output3_0000000216.png (1 face(s))
2026-07-18 22:21:36,213 face_rec.engine DEBUG Detected 1 face(s)
2026-07-18 22:21:36,214 face_rec.service INFO Indexed output3_0000000217.png (1 face(s))
2026-07-18 22:21:36,547 face_rec.engine DEBUG Detected 1 face(s)
2026-07-18 22:21:36,549 face_rec.service INFO Indexed output3_0000000218.png (1 face(s))
2026-07-18 22:25:57,002 face_rec.engine INFO Loading InsightFace model pack buffalo_l from /Users/sebastien/.cache/models/insightface
2026-07-18 22:25:57,871 face_rec.engine DEBUG Detected 1 face(s)
2026-07-18 22:25:57,874 face_rec.service INFO Indexed output3_0000000219.png (1 face(s))
2026-07-18 22:25:58,187 face_rec.engine DEBUG Detected 1 face(s)
2026-07-18 22:25:58,188 face_rec.service INFO Indexed output3_0000000220.png (1 face(s))
2026-07-18 22:54:53,690 face_rec.engine INFO Loading InsightFace model pack buffalo_l from /Users/sebastien/.cache/models/insightface
2026-07-18 22:54:54,737 face_rec.engine DEBUG Detected 1 face(s)
2026-07-18 22:54:54,747 face_rec.service INFO Indexed output3_0000000221.png (1 face(s))
2026-07-18 22:54:55,060 face_rec.engine DEBUG Detected 1 face(s)
2026-07-18 22:54:55,061 face_rec.service INFO Indexed output3_0000000222.png (1 face(s))
2026-07-18 22:54:55,378 face_rec.engine DEBUG Detected 1 face(s)
2026-07-18 22:54:55,379 face_rec.service INFO Indexed output3_0000000223.png (1 face(s))
2026-07-18 22:54:55,710 face_rec.engine DEBUG Detected 1 face(s)
2026-07-18 22:54:55,712 face_rec.service INFO Indexed output3_0000000224.png (1 face(s))
2026-07-18 22:54:56,024 face_rec.engine DEBUG Detected 1 face(s)
2026-07-18 22:54:56,025 face_rec.service INFO Indexed output3_0000000225.png (1 face(s))
2026-07-18 22:54:56,329 face_rec.engine DEBUG Detected 1 face(s)
2026-07-18 22:54:56,330 face_rec.service INFO Indexed output3_0000000226.png (1 face(s))
2026-07-18 22:54:56,639 face_rec.engine DEBUG Detected 1 face(s)
2026-07-18 22:54:56,640 face_rec.service INFO Indexed output3_0000000227.png (1 face(s))
2026-07-18 22:54:56,934 face_rec.engine DEBUG Detected 1 face(s)
2026-07-18 22:54:56,935 face_rec.service INFO Indexed output3_0000000228.png (1 face(s))
2026-07-18 22:54:57,231 face_rec.engine DEBUG Detected 1 face(s)
2026-07-18 22:54:57,233 face_rec.service INFO Indexed output3_0000000229.png (1 face(s))
2026-07-18 22:54:57,550 face_rec.engine DEBUG Detected 1 face(s)
2026-07-18 22:54:57,554 face_rec.service INFO Indexed output3_0000000230.png (1 face(s))
2026-07-18 22:54:57,844 face_rec.engine DEBUG Detected 1 face(s)
2026-07-18 22:54:57,845 face_rec.service INFO Indexed output3_0000000231.png (1 face(s))
2026-07-18 22:54:58,138 face_rec.engine DEBUG Detected 1 face(s)
2026-07-18 22:54:58,142 face_rec.service INFO Indexed output3_0000000232.png (1 face(s))
2026-07-18 22:55:20,117 face_rec.engine INFO Loading InsightFace model pack buffalo_l from /Users/sebastien/.cache/models/insightface
2026-07-18 22:55:20,865 face_rec.engine DEBUG Detected 1 face(s)
2026-07-18 23:06:52,135 face_rec.engine INFO Loading InsightFace model pack buffalo_l from /Users/sebastien/.cache/models/insightface
2026-07-18 23:06:53,077 face_rec.engine DEBUG Detected 1 face(s)
2026-07-18 23:06:53,081 face_rec.service INFO Indexed output3_0000000233.png (1 face(s))
2026-07-18 23:06:53,394 face_rec.engine DEBUG Detected 1 face(s)
2026-07-18 23:06:53,395 face_rec.service INFO Indexed output3_0000000234.png (1 face(s))
2026-07-18 23:06:53,694 face_rec.engine DEBUG Detected 1 face(s)
2026-07-18 23:06:53,695 face_rec.service INFO Indexed output3_0000000235.png (1 face(s))
2026-07-18 23:06:53,990 face_rec.engine DEBUG Detected 1 face(s)
2026-07-18 23:06:53,991 face_rec.service INFO Indexed output3_0000000236.png (1 face(s))
2026-07-18 23:06:54,275 face_rec.engine DEBUG Detected 1 face(s)
2026-07-18 23:06:54,280 face_rec.service INFO Indexed output3_0000000237.png (1 face(s))
2026-07-18 23:06:54,591 face_rec.engine DEBUG Detected 1 face(s)
2026-07-18 23:06:54,592 face_rec.service INFO Indexed output3_0000000238.png (1 face(s))
2026-07-18 23:33:21,068 face_rec.engine INFO Loading InsightFace model pack buffalo_l from /Users/sebastien/.cache/models/insightface
2026-07-18 23:33:22,016 face_rec.engine DEBUG Detected 1 face(s)
2026-07-18 23:33:22,025 face_rec.service INFO Indexed output3_0000000239.png (1 face(s))
2026-07-18 23:33:22,316 face_rec.engine DEBUG Detected 1 face(s)
2026-07-18 23:33:22,318 face_rec.service INFO Indexed output3_0000000240.png (1 face(s))
2026-07-18 23:33:22,822 face_rec.engine DEBUG Detected 2 face(s)
2026-07-18 23:33:22,823 face_rec.service INFO Indexed output3_0000000241.png (2 face(s))
2026-07-18 23:33:23,148 face_rec.engine DEBUG Detected 1 face(s)
2026-07-18 23:33:23,150 face_rec.service INFO Indexed output3_0000000242.png (1 face(s))
2026-07-18 23:33:23,458 face_rec.engine DEBUG Detected 1 face(s)
2026-07-18 23:33:23,459 face_rec.service INFO Indexed output3_0000000243.png (1 face(s))
2026-07-18 23:33:23,772 face_rec.engine DEBUG Detected 1 face(s)
2026-07-18 23:33:23,777 face_rec.service INFO Indexed output3_0000000244.png (1 face(s))
2026-07-18 23:33:24,066 face_rec.engine DEBUG Detected 1 face(s)
2026-07-18 23:33:24,068 face_rec.service INFO Indexed output3_0000000245.png (1 face(s))
2026-07-18 23:33:24,375 face_rec.engine DEBUG Detected 1 face(s)
2026-07-18 23:33:24,376 face_rec.service INFO Indexed output3_0000000246.png (1 face(s))
2026-07-18 23:33:24,682 face_rec.engine DEBUG Detected 1 face(s)
2026-07-18 23:33:24,683 face_rec.service INFO Indexed output3_0000000247.png (1 face(s))
2026-07-18 23:33:24,984 face_rec.engine DEBUG Detected 1 face(s)
2026-07-18 23:33:24,985 face_rec.service INFO Indexed output3_0000000248.png (1 face(s))
2026-07-18 23:33:25,312 face_rec.engine DEBUG Detected 1 face(s)
2026-07-18 23:33:25,313 face_rec.service INFO Indexed output3_0000000249.png (1 face(s))
2026-07-18 23:33:25,634 face_rec.engine DEBUG Detected 1 face(s)
2026-07-18 23:33:25,635 face_rec.service INFO Indexed output3_0000000250.png (1 face(s))
2026-07-18 23:33:25,964 face_rec.engine DEBUG Detected 1 face(s)
2026-07-18 23:33:25,965 face_rec.service INFO Indexed output3_0000000251.png (1 face(s))
2026-07-19 09:54:19,016 face_rec.engine INFO Loading InsightFace model pack buffalo_l from /Users/sebastien/.cache/models/insightface
2026-07-19 09:54:19,311 face_rec.service WARNING Pruned missing file from database: /Users/sebastien/projects/perso/image-generation/out/output3_0000000159.png
2026-07-19 09:54:19,312 face_rec.service WARNING Pruned missing file from database: /Users/sebastien/projects/perso/image-generation/out/output3_0000000182.png
2026-07-19 09:54:19,313 face_rec.service WARNING Pruned missing file from database: /Users/sebastien/projects/perso/image-generation/out/output3_0000000230.png
2026-07-19 09:54:19,313 face_rec.service WARNING Pruned missing file from database: /Users/sebastien/projects/perso/image-generation/out/output3_0000000232.png
2026-07-19 09:54:19,313 face_rec.service WARNING Pruned missing file from database: /Users/sebastien/projects/perso/image-generation/out/output3_0000000234.png
2026-07-19 09:54:19,865 face_rec.engine DEBUG Detected 1 face(s)
2026-07-19 09:54:19,866 face_rec.service INFO Indexed output3_0000000252.png (1 face(s))
2026-07-19 09:54:20,152 face_rec.engine DEBUG Detected 1 face(s)
2026-07-19 09:54:20,157 face_rec.service INFO Indexed output3_0000000253.png (1 face(s))
2026-07-19 09:54:20,438 face_rec.engine DEBUG Detected 1 face(s)
2026-07-19 09:54:20,442 face_rec.service INFO Indexed output3_0000000254.png (1 face(s))
2026-07-19 09:54:20,724 face_rec.engine DEBUG Detected 1 face(s)
2026-07-19 09:54:20,728 face_rec.service INFO Indexed output3_0000000256.png (1 face(s))
2026-07-19 09:54:21,016 face_rec.engine DEBUG Detected 1 face(s)
2026-07-19 09:54:21,020 face_rec.service INFO Indexed output3_0000000257.png (1 face(s))
2026-07-19 09:54:21,323 face_rec.engine DEBUG Detected 1 face(s)
2026-07-19 09:54:21,330 face_rec.service INFO Indexed output3_0000000260.png (1 face(s))
2026-07-19 09:54:21,626 face_rec.engine DEBUG Detected 1 face(s)
2026-07-19 09:54:21,627 face_rec.service INFO Indexed output3_0000000261.png (1 face(s))
2026-07-19 09:54:22,082 face_rec.engine DEBUG Detected 2 face(s)
2026-07-19 09:54:22,083 face_rec.service INFO Indexed output3_0000000263.png (2 face(s))
2026-07-19 09:54:22,366 face_rec.engine DEBUG Detected 1 face(s)
2026-07-19 09:54:22,371 face_rec.service INFO Indexed output3_0000000264.png (1 face(s))
2026-07-19 09:54:22,837 face_rec.engine DEBUG Detected 2 face(s)
2026-07-19 09:54:22,842 face_rec.service INFO Indexed output3_0000000265.png (2 face(s))
2026-07-19 09:54:23,128 face_rec.engine DEBUG Detected 1 face(s)
2026-07-19 09:54:23,132 face_rec.service INFO Indexed output3_0000000268.png (1 face(s))
2026-07-19 09:54:23,415 face_rec.engine DEBUG Detected 1 face(s)
2026-07-19 09:54:23,419 face_rec.service INFO Indexed output3_0000000269.png (1 face(s))
2026-07-19 09:54:23,706 face_rec.engine DEBUG Detected 1 face(s)
2026-07-19 09:54:23,707 face_rec.service INFO Indexed output3_0000000270.png (1 face(s))
2026-07-19 09:54:24,004 face_rec.engine DEBUG Detected 1 face(s)
2026-07-19 09:54:24,009 face_rec.service INFO Indexed output3_0000000271.png (1 face(s))
2026-07-19 09:54:24,297 face_rec.engine DEBUG Detected 1 face(s)
2026-07-19 09:54:24,302 face_rec.service INFO Indexed output3_0000000272.png (1 face(s))
2026-07-19 09:54:24,586 face_rec.engine DEBUG Detected 1 face(s)
2026-07-19 09:54:24,590 face_rec.service INFO Indexed output3_0000000273.png (1 face(s))
2026-07-19 09:54:24,885 face_rec.engine DEBUG Detected 1 face(s)
2026-07-19 09:54:24,886 face_rec.service INFO Indexed output3_0000000274.png (1 face(s))
2026-07-19 09:54:25,151 face_rec.engine DEBUG Detected 1 face(s)
2026-07-19 09:54:25,153 face_rec.service INFO Indexed output3_0000000275.png (1 face(s))
2026-07-19 09:54:25,445 face_rec.engine DEBUG Detected 1 face(s)
2026-07-19 09:54:25,446 face_rec.service INFO Indexed output3_0000000277.png (1 face(s))
2026-07-19 09:54:25,732 face_rec.engine DEBUG Detected 1 face(s)
2026-07-19 09:54:25,736 face_rec.service INFO Indexed output3_0000000278.png (1 face(s))
2026-07-19 09:54:26,016 face_rec.engine DEBUG Detected 1 face(s)
2026-07-19 09:54:26,017 face_rec.service INFO Indexed output3_0000000279.png (1 face(s))
2026-07-19 09:54:26,313 face_rec.engine DEBUG Detected 1 face(s)
2026-07-19 09:54:26,318 face_rec.service INFO Indexed output3_0000000280.png (1 face(s))
2026-07-19 09:54:26,620 face_rec.engine DEBUG Detected 1 face(s)
2026-07-19 09:54:26,622 face_rec.service INFO Indexed output3_0000000281.png (1 face(s))
2026-07-19 09:54:26,925 face_rec.engine DEBUG Detected 1 face(s)
2026-07-19 09:54:26,926 face_rec.service INFO Indexed output3_0000000282.png (1 face(s))
2026-07-19 09:54:27,217 face_rec.engine DEBUG Detected 1 face(s)
2026-07-19 09:54:27,222 face_rec.service INFO Indexed output3_0000000283.png (1 face(s))
2026-07-19 09:54:27,509 face_rec.engine DEBUG Detected 1 face(s)
2026-07-19 09:54:27,510 face_rec.service INFO Indexed output3_0000000284.png (1 face(s))
2026-07-19 09:54:27,804 face_rec.engine DEBUG Detected 1 face(s)
2026-07-19 09:54:27,805 face_rec.service INFO Indexed output3_0000000285.png (1 face(s))
2026-07-19 09:54:28,077 face_rec.engine DEBUG Detected 1 face(s)
2026-07-19 09:54:28,081 face_rec.service INFO Indexed output3_0000000286.png (1 face(s))
2026-07-19 09:54:28,565 face_rec.engine DEBUG Detected 2 face(s)
2026-07-19 09:54:28,569 face_rec.service INFO Indexed output3_0000000287.png (2 face(s))
2026-07-19 09:54:29,036 face_rec.engine DEBUG Detected 2 face(s)
2026-07-19 09:54:29,037 face_rec.service INFO Indexed output3_0000000288.png (2 face(s))
2026-07-19 09:54:29,325 face_rec.engine DEBUG Detected 1 face(s)
2026-07-19 09:54:29,326 face_rec.service INFO Indexed output3_0000000289.png (1 face(s))
2026-07-19 09:54:29,616 face_rec.engine DEBUG Detected 1 face(s)
2026-07-19 09:54:29,617 face_rec.service INFO Indexed output3_0000000290.png (1 face(s))
2026-07-19 09:54:29,905 face_rec.engine DEBUG Detected 1 face(s)
2026-07-19 09:54:29,906 face_rec.service INFO Indexed output3_0000000291.png (1 face(s))
2026-07-19 09:54:30,216 face_rec.engine DEBUG Detected 1 face(s)
2026-07-19 09:54:30,221 face_rec.service INFO Indexed output3_0000000292.png (1 face(s))
2026-07-19 09:54:30,527 face_rec.engine DEBUG Detected 1 face(s)
2026-07-19 09:54:30,528 face_rec.service INFO Indexed output3_0000000293.png (1 face(s))
2026-07-19 09:54:30,840 face_rec.engine DEBUG Detected 1 face(s)
2026-07-19 09:54:30,841 face_rec.service INFO Indexed output3_0000000294.png (1 face(s))
2026-07-19 09:54:31,133 face_rec.engine DEBUG Detected 1 face(s)
2026-07-19 09:54:31,135 face_rec.service INFO Indexed output3_0000000295.png (1 face(s))
2026-07-19 09:54:31,439 face_rec.engine DEBUG Detected 1 face(s)
2026-07-19 09:54:31,440 face_rec.service INFO Indexed output3_0000000296.png (1 face(s))
2026-07-19 09:54:31,748 face_rec.engine DEBUG Detected 1 face(s)
2026-07-19 09:54:31,749 face_rec.service INFO Indexed output3_0000000297.png (1 face(s))
2026-07-19 09:54:32,045 face_rec.engine DEBUG Detected 1 face(s)
2026-07-19 09:54:32,046 face_rec.service INFO Indexed output3_0000000299.png (1 face(s))
2026-07-19 09:54:32,331 face_rec.engine DEBUG Detected 1 face(s)
2026-07-19 09:54:32,332 face_rec.service INFO Indexed output3_0000000300.png (1 face(s))
2026-07-19 09:54:32,615 face_rec.engine DEBUG Detected 1 face(s)
2026-07-19 09:54:32,620 face_rec.service INFO Indexed output3_0000000301.png (1 face(s))
2026-07-19 09:54:32,906 face_rec.engine DEBUG Detected 1 face(s)
2026-07-19 09:54:32,907 face_rec.service INFO Indexed output3_0000000302.png (1 face(s))
2026-07-19 09:54:33,202 face_rec.engine DEBUG Detected 1 face(s)
2026-07-19 09:54:33,204 face_rec.service INFO Indexed output3_0000000303.png (1 face(s))
2026-07-19 09:54:33,521 face_rec.engine DEBUG Detected 1 face(s)
2026-07-19 09:54:33,523 face_rec.service INFO Indexed output3_0000000304.png (1 face(s))
2026-07-19 09:54:33,811 face_rec.engine DEBUG Detected 1 face(s)
2026-07-19 09:54:33,811 face_rec.service INFO Indexed output3_0000000305.png (1 face(s))
2026-07-19 09:54:34,119 face_rec.engine DEBUG Detected 1 face(s)
2026-07-19 09:54:34,120 face_rec.service INFO Indexed output3_0000000307.png (1 face(s))
2026-07-19 09:54:34,417 face_rec.engine DEBUG Detected 1 face(s)
2026-07-19 09:54:34,418 face_rec.service INFO Indexed output3_0000000308.png (1 face(s))
2026-07-19 09:54:34,711 face_rec.engine DEBUG Detected 1 face(s)
2026-07-19 09:54:34,712 face_rec.service INFO Indexed output3_0000000309.png (1 face(s))
2026-07-19 09:54:35,012 face_rec.engine DEBUG Detected 1 face(s)
2026-07-19 09:54:35,016 face_rec.service INFO Indexed output3_0000000310.png (1 face(s))
2026-07-19 09:54:35,307 face_rec.engine DEBUG Detected 1 face(s)
2026-07-19 09:54:35,308 face_rec.service INFO Indexed output3_0000000311.png (1 face(s))
2026-07-19 09:54:35,608 face_rec.engine DEBUG Detected 1 face(s)
2026-07-19 09:54:35,609 face_rec.service INFO Indexed output3_0000000312.png (1 face(s))
2026-07-19 09:54:35,912 face_rec.engine DEBUG Detected 1 face(s)
2026-07-19 09:54:35,913 face_rec.service INFO Indexed output3_0000000313.png (1 face(s))
2026-07-19 09:54:36,237 face_rec.engine DEBUG Detected 1 face(s)
2026-07-19 09:54:36,238 face_rec.service INFO Indexed output3_0000000314.png (1 face(s))
2026-07-19 09:54:36,540 face_rec.engine DEBUG Detected 1 face(s)
2026-07-19 09:54:36,541 face_rec.service INFO Indexed output3_0000000315.png (1 face(s))
2026-07-19 09:54:36,836 face_rec.engine DEBUG Detected 1 face(s)
2026-07-19 09:54:36,838 face_rec.service INFO Indexed output3_0000000316.png (1 face(s))
2026-07-19 09:54:37,173 face_rec.engine DEBUG Detected 1 face(s)
2026-07-19 09:54:37,174 face_rec.service INFO Indexed output3_0000000317.png (1 face(s))
2026-07-19 09:54:37,478 face_rec.engine DEBUG Detected 1 face(s)
2026-07-19 09:54:37,482 face_rec.service INFO Indexed output3_0000000318.png (1 face(s))
2026-07-19 09:54:37,786 face_rec.engine DEBUG Detected 1 face(s)
2026-07-19 09:54:37,787 face_rec.service INFO Indexed output3_0000000319.png (1 face(s))
2026-07-19 09:54:38,113 face_rec.engine DEBUG Detected 1 face(s)
2026-07-19 09:54:38,114 face_rec.service INFO Indexed output3_0000000320.png (1 face(s))
2026-07-19 09:54:38,427 face_rec.engine DEBUG Detected 1 face(s)
2026-07-19 09:54:38,428 face_rec.service INFO Indexed output3_0000000321.png (1 face(s))
2026-07-19 09:54:38,778 face_rec.engine DEBUG Detected 1 face(s)
2026-07-19 09:54:38,779 face_rec.service INFO Indexed output3_0000000322.png (1 face(s))
2026-07-19 09:54:39,078 face_rec.engine DEBUG Detected 1 face(s)
2026-07-19 09:54:39,079 face_rec.service INFO Indexed output3_0000000323.png (1 face(s))
2026-07-19 09:54:39,383 face_rec.engine DEBUG Detected 1 face(s)
2026-07-19 09:54:39,385 face_rec.service INFO Indexed output3_0000000324.png (1 face(s))
2026-07-19 09:54:39,683 face_rec.engine DEBUG Detected 1 face(s)
2026-07-19 09:54:39,684 face_rec.service INFO Indexed output3_0000000325.png (1 face(s))
2026-07-19 09:54:39,987 face_rec.engine DEBUG Detected 1 face(s)
2026-07-19 09:54:39,988 face_rec.service INFO Indexed output3_0000000326.png (1 face(s))
2026-07-19 09:54:40,298 face_rec.engine DEBUG Detected 1 face(s)
2026-07-19 09:54:40,299 face_rec.service INFO Indexed output3_0000000327.png (1 face(s))
2026-07-19 09:54:40,590 face_rec.engine DEBUG Detected 1 face(s)
2026-07-19 09:54:40,591 face_rec.service INFO Indexed output3_0000000328.png (1 face(s))
2026-07-19 09:54:40,878 face_rec.engine DEBUG Detected 1 face(s)
2026-07-19 09:54:40,879 face_rec.service INFO Indexed output3_0000000329.png (1 face(s))
2026-07-19 09:54:41,167 face_rec.engine DEBUG Detected 1 face(s)
2026-07-19 09:54:41,168 face_rec.service INFO Indexed output3_0000000330.png (1 face(s))
2026-07-19 09:54:41,453 face_rec.engine DEBUG Detected 1 face(s)
2026-07-19 09:54:41,454 face_rec.service INFO Indexed output3_0000000331.png (1 face(s))
2026-07-19 09:54:41,748 face_rec.engine DEBUG Detected 1 face(s)
2026-07-19 09:54:41,750 face_rec.service INFO Indexed output3_0000000332.png (1 face(s))
2026-07-19 09:54:42,067 face_rec.engine DEBUG Detected 1 face(s)
2026-07-19 09:54:42,068 face_rec.service INFO Indexed output3_0000000333.png (1 face(s))
2026-07-19 09:54:42,394 face_rec.engine DEBUG Detected 1 face(s)
2026-07-19 09:54:42,398 face_rec.service INFO Indexed output3_0000000335.png (1 face(s))
2026-07-19 09:54:42,686 face_rec.engine DEBUG Detected 1 face(s)
2026-07-19 09:54:42,687 face_rec.service INFO Indexed output3_0000000336.png (1 face(s))
2026-07-19 09:54:42,999 face_rec.engine DEBUG Detected 1 face(s)
2026-07-19 09:54:43,000 face_rec.service INFO Indexed output3_0000000337.png (1 face(s))
2026-07-19 09:54:43,315 face_rec.engine DEBUG Detected 1 face(s)
2026-07-19 09:54:43,316 face_rec.service INFO Indexed output3_0000000338.png (1 face(s))
2026-07-19 09:54:43,608 face_rec.engine DEBUG Detected 1 face(s)
2026-07-19 09:54:43,609 face_rec.service INFO Indexed output3_0000000339.png (1 face(s))
2026-07-19 09:54:43,909 face_rec.engine DEBUG Detected 1 face(s)
2026-07-19 09:54:43,910 face_rec.service INFO Indexed output3_0000000340.png (1 face(s))
2026-07-19 09:54:44,219 face_rec.engine DEBUG Detected 1 face(s)
2026-07-19 09:54:44,220 face_rec.service INFO Indexed output3_0000000342.png (1 face(s))
2026-07-19 09:54:44,517 face_rec.engine DEBUG Detected 1 face(s)
2026-07-19 09:54:44,518 face_rec.service INFO Indexed output3_0000000343.png (1 face(s))
2026-07-19 09:54:44,821 face_rec.engine DEBUG Detected 1 face(s)
2026-07-19 09:54:44,826 face_rec.service INFO Indexed output3_0000000344.png (1 face(s))
2026-07-19 09:54:45,134 face_rec.engine DEBUG Detected 1 face(s)
2026-07-19 09:54:45,136 face_rec.service INFO Indexed output3_0000000345.png (1 face(s))
2026-07-19 09:54:45,443 face_rec.engine DEBUG Detected 1 face(s)
2026-07-19 09:54:45,445 face_rec.service INFO Indexed output3_0000000346.png (1 face(s))
2026-07-19 09:54:45,735 face_rec.engine DEBUG Detected 1 face(s)
2026-07-19 09:54:45,736 face_rec.service INFO Indexed output3_0000000347.png (1 face(s))
2026-07-19 09:54:46,066 face_rec.engine DEBUG Detected 1 face(s)
2026-07-19 09:54:46,068 face_rec.service INFO Indexed output3_0000000349.png (1 face(s))
2026-07-19 09:54:46,373 face_rec.engine DEBUG Detected 1 face(s)
2026-07-19 09:54:46,374 face_rec.service INFO Indexed output3_0000000350.png (1 face(s))
2026-07-19 09:54:46,685 face_rec.engine DEBUG Detected 1 face(s)
2026-07-19 09:54:46,686 face_rec.service INFO Indexed output3_0000000351.png (1 face(s))
2026-07-19 09:54:46,997 face_rec.engine DEBUG Detected 1 face(s)
2026-07-19 09:54:46,998 face_rec.service INFO Indexed output3_0000000352.png (1 face(s))
2026-07-19 09:54:47,313 face_rec.engine DEBUG Detected 1 face(s)
2026-07-19 09:54:47,317 face_rec.service INFO Indexed output3_0000000353.png (1 face(s))
2026-07-19 09:54:47,626 face_rec.engine DEBUG Detected 1 face(s)
2026-07-19 09:54:47,627 face_rec.service INFO Indexed output3_0000000354.png (1 face(s))
2026-07-19 09:54:47,931 face_rec.engine DEBUG Detected 1 face(s)
2026-07-19 09:54:47,933 face_rec.service INFO Indexed output3_0000000355.png (1 face(s))
2026-07-19 09:54:48,229 face_rec.engine DEBUG Detected 1 face(s)
2026-07-19 09:54:48,230 face_rec.service INFO Indexed output3_0000000356.png (1 face(s))
2026-07-19 09:54:48,528 face_rec.engine DEBUG Detected 1 face(s)
2026-07-19 09:54:48,529 face_rec.service INFO Indexed output3_0000000357.png (1 face(s))
2026-07-19 09:54:48,818 face_rec.engine DEBUG Detected 1 face(s)
2026-07-19 09:54:48,819 face_rec.service INFO Indexed output3_0000000359.png (1 face(s))
2026-07-19 09:54:49,112 face_rec.engine DEBUG Detected 1 face(s)
2026-07-19 09:54:49,113 face_rec.service INFO Indexed output3_0000000360.png (1 face(s))
2026-07-19 09:54:49,402 face_rec.engine DEBUG Detected 1 face(s)
2026-07-19 09:54:49,403 face_rec.service INFO Indexed output3_0000000361.png (1 face(s))
2026-07-19 09:54:49,702 face_rec.engine DEBUG Detected 1 face(s)
2026-07-19 09:54:49,707 face_rec.service INFO Indexed output3_0000000362.png (1 face(s))
2026-07-19 09:54:50,005 face_rec.engine DEBUG Detected 1 face(s)
2026-07-19 09:54:50,006 face_rec.service INFO Indexed output3_0000000363.png (1 face(s))
2026-07-19 09:54:50,307 face_rec.engine DEBUG Detected 1 face(s)
2026-07-19 09:54:50,308 face_rec.service INFO Indexed output3_0000000364.png (1 face(s))
2026-07-19 09:54:50,608 face_rec.engine DEBUG Detected 1 face(s)
2026-07-19 09:54:50,610 face_rec.service INFO Indexed output3_0000000365.png (1 face(s))
2026-07-19 09:54:50,910 face_rec.engine DEBUG Detected 1 face(s)
2026-07-19 09:54:50,912 face_rec.service INFO Indexed output3_0000000366.png (1 face(s))
2026-07-19 09:54:51,206 face_rec.engine DEBUG Detected 1 face(s)
2026-07-19 09:54:51,208 face_rec.service INFO Indexed output3_0000000367.png (1 face(s))
2026-07-19 09:54:51,510 face_rec.engine DEBUG Detected 1 face(s)
2026-07-19 09:54:51,511 face_rec.service INFO Indexed output3_0000000368.png (1 face(s))
2026-07-19 09:54:51,796 face_rec.engine DEBUG Detected 1 face(s)
2026-07-19 09:54:51,797 face_rec.service INFO Indexed output3_0000000369.png (1 face(s))
2026-07-19 09:54:52,089 face_rec.engine DEBUG Detected 1 face(s)
2026-07-19 09:54:52,094 face_rec.service INFO Indexed output3_0000000370.png (1 face(s))
2026-07-19 09:54:52,401 face_rec.engine DEBUG Detected 1 face(s)
2026-07-19 09:54:52,402 face_rec.service INFO Indexed output3_0000000371.png (1 face(s))
2026-07-19 09:54:52,721 face_rec.engine DEBUG Detected 1 face(s)
2026-07-19 09:54:52,722 face_rec.service INFO Indexed output3_0000000373.png (1 face(s))
2026-07-19 09:54:53,026 face_rec.engine DEBUG Detected 1 face(s)
2026-07-19 09:54:53,027 face_rec.service INFO Indexed output3_0000000374.png (1 face(s))
2026-07-19 09:54:53,324 face_rec.engine DEBUG Detected 1 face(s)
2026-07-19 09:54:53,325 face_rec.service INFO Indexed output3_0000000375.png (1 face(s))
2026-07-19 09:54:53,611 face_rec.engine DEBUG Detected 1 face(s)
2026-07-19 09:54:53,613 face_rec.service INFO Indexed output3_0000000376.png (1 face(s))
2026-07-19 09:54:53,908 face_rec.engine DEBUG Detected 1 face(s)
2026-07-19 09:54:53,909 face_rec.service INFO Indexed output3_0000000377.png (1 face(s))
2026-07-19 09:54:54,213 face_rec.engine DEBUG Detected 1 face(s)
2026-07-19 09:54:54,214 face_rec.service INFO Indexed output3_0000000378.png (1 face(s))
2026-07-19 09:54:54,512 face_rec.engine DEBUG Detected 1 face(s)
2026-07-19 09:54:54,513 face_rec.service INFO Indexed output3_0000000379.png (1 face(s))
2026-07-19 09:54:54,808 face_rec.engine DEBUG Detected 1 face(s)
2026-07-19 09:54:54,809 face_rec.service INFO Indexed output3_0000000380.png (1 face(s))
2026-07-19 09:54:55,119 face_rec.engine DEBUG Detected 1 face(s)
2026-07-19 09:54:55,120 face_rec.service INFO Indexed output3_0000000381.png (1 face(s))
2026-07-19 09:54:55,428 face_rec.engine DEBUG Detected 1 face(s)
2026-07-19 09:54:55,430 face_rec.service INFO Indexed output3_0000000382.png (1 face(s))
2026-07-19 09:54:55,736 face_rec.engine DEBUG Detected 1 face(s)
2026-07-19 09:54:55,737 face_rec.service INFO Indexed output3_0000000383.png (1 face(s))
2026-07-19 09:54:56,026 face_rec.engine DEBUG Detected 1 face(s)
2026-07-19 09:54:56,028 face_rec.service INFO Indexed output3_0000000384.png (1 face(s))
2026-07-19 09:54:56,320 face_rec.engine DEBUG Detected 1 face(s)
2026-07-19 09:54:56,324 face_rec.service INFO Indexed output3_0000000385.png (1 face(s))
2026-07-19 09:54:56,618 face_rec.engine DEBUG Detected 1 face(s)
2026-07-19 09:54:56,619 face_rec.service INFO Indexed output3_0000000386.png (1 face(s))
2026-07-19 09:54:56,927 face_rec.engine DEBUG Detected 1 face(s)
2026-07-19 09:54:56,932 face_rec.service INFO Indexed output3_0000000387.png (1 face(s))
2026-07-19 09:54:57,235 face_rec.engine DEBUG Detected 1 face(s)
2026-07-19 09:54:57,236 face_rec.service INFO Indexed output3_0000000388.png (1 face(s))
2026-07-19 09:54:57,530 face_rec.engine DEBUG Detected 1 face(s)
2026-07-19 09:54:57,531 face_rec.service INFO Indexed output3_0000000389.png (1 face(s))
2026-07-19 09:54:57,837 face_rec.engine DEBUG Detected 1 face(s)
2026-07-19 09:54:57,839 face_rec.service INFO Indexed output3_0000000390.png (1 face(s))
2026-07-19 09:54:58,347 face_rec.engine DEBUG Detected 2 face(s)
2026-07-19 09:54:58,348 face_rec.service INFO Indexed output3_0000000392.png (2 face(s))
2026-07-19 09:54:58,660 face_rec.engine DEBUG Detected 1 face(s)
2026-07-19 09:54:58,664 face_rec.service INFO Indexed output3_0000000393.png (1 face(s))
2026-07-19 09:54:58,960 face_rec.engine DEBUG Detected 1 face(s)
2026-07-19 09:54:58,961 face_rec.service INFO Indexed output3_0000000394.png (1 face(s))
2026-07-19 09:54:59,266 face_rec.engine DEBUG Detected 1 face(s)
2026-07-19 09:54:59,270 face_rec.service INFO Indexed output3_0000000395.png (1 face(s))
2026-07-19 09:54:59,559 face_rec.engine DEBUG Detected 1 face(s)
2026-07-19 09:54:59,560 face_rec.service INFO Indexed output3_0000000396.png (1 face(s))
2026-07-19 09:54:59,861 face_rec.engine DEBUG Detected 1 face(s)
2026-07-19 09:54:59,862 face_rec.service INFO Indexed output3_0000000397.png (1 face(s))
2026-07-19 09:55:00,184 face_rec.engine DEBUG Detected 1 face(s)
2026-07-19 09:55:00,185 face_rec.service INFO Indexed output3_0000000398.png (1 face(s))
2026-07-19 09:55:00,486 face_rec.engine DEBUG Detected 1 face(s)
2026-07-19 09:55:00,487 face_rec.service INFO Indexed output3_0000000399.png (1 face(s))
2026-07-19 09:55:00,776 face_rec.engine DEBUG Detected 1 face(s)
2026-07-19 09:55:00,777 face_rec.service INFO Indexed output3_0000000401.png (1 face(s))
2026-07-19 09:55:01,092 face_rec.engine DEBUG Detected 1 face(s)
2026-07-19 09:55:01,093 face_rec.service INFO Indexed output3_0000000402.png (1 face(s))
2026-07-19 09:55:01,407 face_rec.engine DEBUG Detected 1 face(s)
2026-07-19 09:55:01,408 face_rec.service INFO Indexed output3_0000000403.png (1 face(s))
2026-07-19 09:55:01,712 face_rec.engine DEBUG Detected 1 face(s)
2026-07-19 09:55:01,717 face_rec.service INFO Indexed output3_0000000405.png (1 face(s))
2026-07-19 09:55:02,002 face_rec.engine DEBUG Detected 1 face(s)
2026-07-19 09:55:02,003 face_rec.service INFO Indexed output3_0000000406.png (1 face(s))
2026-07-19 09:55:02,288 face_rec.engine DEBUG Detected 1 face(s)
2026-07-19 09:55:02,289 face_rec.service INFO Indexed output3_0000000407.png (1 face(s))
2026-07-19 09:55:02,575 face_rec.engine DEBUG Detected 1 face(s)
2026-07-19 09:55:02,576 face_rec.service INFO Indexed output3_0000000408.png (1 face(s))
2026-07-19 09:55:02,877 face_rec.engine DEBUG Detected 1 face(s)
2026-07-19 09:55:02,879 face_rec.service INFO Indexed output3_0000000409.png (1 face(s))
2026-07-19 09:55:03,207 face_rec.engine DEBUG Detected 1 face(s)
2026-07-19 09:55:03,209 face_rec.service INFO Indexed output3_0000000410.png (1 face(s))
2026-07-19 09:55:03,504 face_rec.engine DEBUG Detected 1 face(s)
2026-07-19 09:55:03,505 face_rec.service INFO Indexed output3_0000000411.png (1 face(s))
2026-07-19 09:55:03,858 face_rec.engine DEBUG Detected 1 face(s)
2026-07-19 09:55:03,859 face_rec.service INFO Indexed output3_0000000412.png (1 face(s))
2026-07-19 09:55:04,178 face_rec.engine DEBUG Detected 1 face(s)
2026-07-19 09:55:04,183 face_rec.service INFO Indexed output3_0000000413.png (1 face(s))
2026-07-19 09:55:04,476 face_rec.engine DEBUG Detected 1 face(s)
2026-07-19 09:55:04,478 face_rec.service INFO Indexed output3_0000000414.png (1 face(s))
2026-07-19 09:55:04,776 face_rec.engine DEBUG Detected 1 face(s)
2026-07-19 09:55:04,777 face_rec.service INFO Indexed output3_0000000415.png (1 face(s))
2026-07-19 09:55:05,081 face_rec.engine DEBUG Detected 1 face(s)
2026-07-19 09:55:05,082 face_rec.service INFO Indexed output3_0000000416.png (1 face(s))
2026-07-19 09:55:05,391 face_rec.engine DEBUG Detected 1 face(s)
2026-07-19 09:55:05,393 face_rec.service INFO Indexed output3_0000000417.png (1 face(s))
2026-07-19 09:55:05,695 face_rec.engine DEBUG Detected 1 face(s)
2026-07-19 09:55:05,696 face_rec.service INFO Indexed output3_0000000419.png (1 face(s))
2026-07-19 09:55:06,009 face_rec.engine DEBUG Detected 1 face(s)
2026-07-19 09:55:06,010 face_rec.service INFO Indexed output3_0000000420.png (1 face(s))
2026-07-19 09:55:06,304 face_rec.engine DEBUG Detected 1 face(s)
2026-07-19 09:55:06,306 face_rec.service INFO Indexed output3_0000000421.png (1 face(s))
2026-07-19 09:55:06,590 face_rec.engine DEBUG Detected 1 face(s)
2026-07-19 09:55:06,594 face_rec.service INFO Indexed output3_0000000422.png (1 face(s))
2026-07-19 09:55:06,908 face_rec.engine DEBUG Detected 1 face(s)
2026-07-19 09:55:06,910 face_rec.service INFO Indexed output3_0000000424.png (1 face(s))
2026-07-19 09:55:07,206 face_rec.engine DEBUG Detected 1 face(s)
2026-07-19 09:55:07,207 face_rec.service INFO Indexed output3_0000000425.png (1 face(s))
2026-07-19 09:55:07,515 face_rec.engine DEBUG Detected 1 face(s)
2026-07-19 09:55:07,516 face_rec.service INFO Indexed output3_0000000426.png (1 face(s))
2026-07-19 09:55:07,827 face_rec.engine DEBUG Detected 1 face(s)
2026-07-19 09:55:07,829 face_rec.service INFO Indexed output3_0000000427.png (1 face(s))
2026-07-19 09:55:08,131 face_rec.engine DEBUG Detected 1 face(s)
2026-07-19 09:55:08,133 face_rec.service INFO Indexed output3_0000000428.png (1 face(s))
2026-07-19 09:55:08,441 face_rec.engine DEBUG Detected 1 face(s)
2026-07-19 09:55:08,443 face_rec.service INFO Indexed output3_0000000429.png (1 face(s))
2026-07-19 09:55:08,745 face_rec.engine DEBUG Detected 1 face(s)
2026-07-19 09:55:08,746 face_rec.service INFO Indexed output3_0000000430.png (1 face(s))
2026-07-19 09:55:09,049 face_rec.engine DEBUG Detected 1 face(s)
2026-07-19 09:55:09,053 face_rec.service INFO Indexed output3_0000000431.png (1 face(s))
2026-07-19 09:55:09,356 face_rec.engine DEBUG Detected 1 face(s)
2026-07-19 09:55:09,357 face_rec.service INFO Indexed output3_0000000432.png (1 face(s))
2026-07-19 09:55:09,641 face_rec.engine DEBUG Detected 1 face(s)
2026-07-19 09:55:09,642 face_rec.service INFO Indexed output3_0000000433.png (1 face(s))
2026-07-19 09:55:09,955 face_rec.engine DEBUG Detected 1 face(s)
2026-07-19 09:55:09,956 face_rec.service INFO Indexed output3_0000000434.png (1 face(s))
2026-07-19 09:55:10,258 face_rec.engine DEBUG Detected 1 face(s)
2026-07-19 09:55:10,260 face_rec.service INFO Indexed output3_0000000435.png (1 face(s))
2026-07-19 09:55:10,563 face_rec.engine DEBUG Detected 1 face(s)
2026-07-19 09:55:10,564 face_rec.service INFO Indexed output3_0000000436.png (1 face(s))
2026-07-19 09:55:10,862 face_rec.engine DEBUG Detected 1 face(s)
2026-07-19 09:55:10,863 face_rec.service INFO Indexed output3_0000000437.png (1 face(s))
2026-07-19 09:55:11,157 face_rec.engine DEBUG Detected 1 face(s)
2026-07-19 09:55:11,159 face_rec.service INFO Indexed output3_0000000438.png (1 face(s))
2026-07-19 09:55:11,450 face_rec.engine DEBUG Detected 1 face(s)
2026-07-19 09:55:11,451 face_rec.service INFO Indexed output3_0000000439.png (1 face(s))
2026-07-19 09:55:11,760 face_rec.engine DEBUG Detected 1 face(s)
2026-07-19 09:55:11,761 face_rec.service INFO Indexed output3_0000000440.png (1 face(s))
2026-07-19 09:55:12,077 face_rec.engine DEBUG Detected 1 face(s)
2026-07-19 09:55:12,079 face_rec.service INFO Indexed output3_0000000441.png (1 face(s))
2026-07-19 09:55:12,378 face_rec.engine DEBUG Detected 1 face(s)
2026-07-19 09:55:12,379 face_rec.service INFO Indexed output3_0000000442.png (1 face(s))
2026-07-19 09:55:12,694 face_rec.engine DEBUG Detected 1 face(s)
2026-07-19 09:55:12,695 face_rec.service INFO Indexed output3_0000000444.png (1 face(s))
2026-07-19 09:55:13,010 face_rec.engine DEBUG Detected 1 face(s)
2026-07-19 09:55:13,011 face_rec.service INFO Indexed output3_0000000445.png (1 face(s))
2026-07-19 09:55:13,318 face_rec.engine DEBUG Detected 1 face(s)
2026-07-19 09:55:13,319 face_rec.service INFO Indexed output3_0000000447.png (1 face(s))
2026-07-19 09:55:13,635 face_rec.engine DEBUG Detected 1 face(s)
2026-07-19 09:55:13,636 face_rec.service INFO Indexed output3_0000000448.png (1 face(s))
2026-07-19 09:55:14,125 face_rec.engine DEBUG Detected 2 face(s)
2026-07-19 09:55:14,130 face_rec.service INFO Indexed output3_0000000449.png (2 face(s))
2026-07-19 09:55:14,435 face_rec.engine DEBUG Detected 1 face(s)
2026-07-19 09:55:14,436 face_rec.service INFO Indexed output3_0000000450.png (1 face(s))
2026-07-19 09:55:14,743 face_rec.engine DEBUG Detected 1 face(s)
2026-07-19 09:55:14,745 face_rec.service INFO Indexed output3_0000000451.png (1 face(s))
2026-07-19 09:55:15,060 face_rec.engine DEBUG Detected 1 face(s)
2026-07-19 09:55:15,061 face_rec.service INFO Indexed output3_0000000452.png (1 face(s))
2026-07-19 09:55:15,525 face_rec.engine DEBUG Detected 2 face(s)
2026-07-19 09:55:15,527 face_rec.service INFO Indexed output3_0000000453.png (2 face(s))
2026-07-19 09:55:15,845 face_rec.engine DEBUG Detected 1 face(s)
2026-07-19 09:55:15,846 face_rec.service INFO Indexed output3_0000000454.png (1 face(s))
2026-07-19 09:55:16,152 face_rec.engine DEBUG Detected 1 face(s)
2026-07-19 09:55:16,157 face_rec.service INFO Indexed output3_0000000458.png (1 face(s))
2026-07-19 09:55:16,458 face_rec.engine DEBUG Detected 1 face(s)
2026-07-19 09:55:16,459 face_rec.service INFO Indexed output3_0000000459.png (1 face(s))
2026-07-19 09:55:16,747 face_rec.engine DEBUG Detected 1 face(s)
2026-07-19 09:55:16,748 face_rec.service INFO Indexed output3_0000000460.png (1 face(s))
2026-07-19 09:55:17,049 face_rec.engine DEBUG Detected 1 face(s)
2026-07-19 09:55:17,051 face_rec.service INFO Indexed output3_0000000461.png (1 face(s))
2026-07-19 09:55:17,365 face_rec.engine DEBUG Detected 1 face(s)
2026-07-19 09:55:17,366 face_rec.service INFO Indexed output3_0000000463.png (1 face(s))
2026-07-19 09:55:17,674 face_rec.engine DEBUG Detected 1 face(s)
2026-07-19 09:55:17,676 face_rec.service INFO Indexed output3_0000000464.png (1 face(s))
2026-07-19 09:55:17,989 face_rec.engine DEBUG Detected 1 face(s)
2026-07-19 09:55:17,990 face_rec.service INFO Indexed output3_0000000465.png (1 face(s))
2026-07-19 09:55:18,280 face_rec.engine DEBUG Detected 1 face(s)
2026-07-19 09:55:18,282 face_rec.service INFO Indexed output3_0000000466.png (1 face(s))
2026-07-19 09:55:18,614 face_rec.engine DEBUG Detected 1 face(s)
2026-07-19 09:55:18,619 face_rec.service INFO Indexed output3_0000000467.png (1 face(s))
2026-07-19 09:55:18,938 face_rec.engine DEBUG Detected 1 face(s)
2026-07-19 09:55:18,940 face_rec.service INFO Indexed output3_0000000468.png (1 face(s))
2026-07-19 09:55:19,245 face_rec.engine DEBUG Detected 1 face(s)
2026-07-19 09:55:19,246 face_rec.service INFO Indexed output3_0000000469.png (1 face(s))
2026-07-19 09:55:19,547 face_rec.engine DEBUG Detected 1 face(s)
2026-07-19 09:55:19,548 face_rec.service INFO Indexed output3_0000000470.png (1 face(s))
2026-07-19 09:55:19,855 face_rec.engine DEBUG Detected 1 face(s)
2026-07-19 09:55:19,856 face_rec.service INFO Indexed output3_0000000471.png (1 face(s))
2026-07-19 09:55:20,161 face_rec.engine DEBUG Detected 1 face(s)
2026-07-19 09:55:20,163 face_rec.service INFO Indexed output3_0000000472.png (1 face(s))
2026-07-19 09:55:20,476 face_rec.engine DEBUG Detected 1 face(s)
2026-07-19 09:55:20,477 face_rec.service INFO Indexed output3_0000000473.png (1 face(s))
2026-07-19 09:55:20,783 face_rec.engine DEBUG Detected 1 face(s)
2026-07-19 09:55:20,784 face_rec.service INFO Indexed output3_0000000474.png (1 face(s))
2026-07-19 09:55:21,090 face_rec.engine DEBUG Detected 1 face(s)
2026-07-19 09:55:21,094 face_rec.service INFO Indexed output3_0000000475.png (1 face(s))
2026-07-19 09:55:21,388 face_rec.engine DEBUG Detected 1 face(s)
2026-07-19 09:55:21,390 face_rec.service INFO Indexed output3_0000000476.png (1 face(s))
2026-07-19 09:55:21,693 face_rec.engine DEBUG Detected 1 face(s)
2026-07-19 09:55:21,695 face_rec.service INFO Indexed output3_0000000477.png (1 face(s))
2026-07-19 09:55:22,006 face_rec.engine DEBUG Detected 1 face(s)
2026-07-19 09:55:22,007 face_rec.service INFO Indexed output3_0000000478.png (1 face(s))
2026-07-19 09:55:22,312 face_rec.engine DEBUG Detected 1 face(s)
2026-07-19 09:55:22,314 face_rec.service INFO Indexed output3_0000000480.png (1 face(s))
2026-07-19 09:55:22,614 face_rec.engine DEBUG Detected 1 face(s)
2026-07-19 09:55:22,615 face_rec.service INFO Indexed output3_0000000481.png (1 face(s))
2026-07-19 09:55:22,916 face_rec.engine DEBUG Detected 1 face(s)
2026-07-19 09:55:22,917 face_rec.service INFO Indexed output3_0000000483.png (1 face(s))
2026-07-19 09:55:23,211 face_rec.engine DEBUG Detected 1 face(s)
2026-07-19 09:55:23,212 face_rec.service INFO Indexed output3_0000000484.png (1 face(s))
2026-07-19 09:55:23,520 face_rec.engine DEBUG Detected 1 face(s)
2026-07-19 09:55:23,525 face_rec.service INFO Indexed output3_0000000486.png (1 face(s))
2026-07-19 09:55:23,849 face_rec.engine DEBUG Detected 1 face(s)
2026-07-19 09:55:23,850 face_rec.service INFO Indexed output3_0000000487.png (1 face(s))
2026-07-19 09:55:24,155 face_rec.engine DEBUG Detected 1 face(s)
2026-07-19 09:55:24,156 face_rec.service INFO Indexed output3_0000000488.png (1 face(s))
2026-07-19 09:55:24,471 face_rec.engine DEBUG Detected 1 face(s)
2026-07-19 09:55:24,472 face_rec.service INFO Indexed output3_0000000489.png (1 face(s))
2026-07-19 09:55:24,792 face_rec.engine DEBUG Detected 1 face(s)
2026-07-19 09:55:24,793 face_rec.service INFO Indexed output3_0000000490.png (1 face(s))
2026-07-19 09:55:25,095 face_rec.engine DEBUG Detected 1 face(s)
2026-07-19 09:55:25,099 face_rec.service INFO Indexed output3_0000000491.png (1 face(s))
2026-07-19 09:55:25,402 face_rec.engine DEBUG Detected 1 face(s)
2026-07-19 09:55:25,403 face_rec.service INFO Indexed output3_0000000492.png (1 face(s))
2026-07-19 09:55:25,712 face_rec.engine DEBUG Detected 1 face(s)
2026-07-19 09:55:25,713 face_rec.service INFO Indexed output3_0000000493.png (1 face(s))
2026-07-19 09:55:26,013 face_rec.engine DEBUG Detected 1 face(s)
2026-07-19 09:55:26,018 face_rec.service INFO Indexed output3_0000000494.png (1 face(s))
2026-07-19 09:55:26,318 face_rec.engine DEBUG Detected 1 face(s)
2026-07-19 09:55:26,319 face_rec.service INFO Indexed output3_0000000495.png (1 face(s))
2026-07-19 09:55:26,642 face_rec.engine DEBUG Detected 1 face(s)
2026-07-19 09:55:26,643 face_rec.service INFO Indexed output3_0000000496.png (1 face(s))
2026-07-19 09:55:26,955 face_rec.engine DEBUG Detected 1 face(s)
2026-07-19 09:55:26,956 face_rec.service INFO Indexed output3_0000000497.png (1 face(s))
2026-07-19 09:55:27,254 face_rec.engine DEBUG Detected 1 face(s)
2026-07-19 09:55:27,256 face_rec.service INFO Indexed output3_0000000498.png (1 face(s))
2026-07-19 09:55:27,568 face_rec.engine DEBUG Detected 1 face(s)
2026-07-19 09:55:27,569 face_rec.service INFO Indexed output3_0000000499.png (1 face(s))
2026-07-19 09:55:27,875 face_rec.engine DEBUG Detected 1 face(s)
2026-07-19 09:55:27,877 face_rec.service INFO Indexed output3_0000000500.png (1 face(s))
2026-07-19 09:55:28,178 face_rec.engine DEBUG Detected 1 face(s)
2026-07-19 09:55:28,182 face_rec.service INFO Indexed output3_0000000501.png (1 face(s))
2026-07-19 09:55:28,486 face_rec.engine DEBUG Detected 1 face(s)
2026-07-19 09:55:28,491 face_rec.service INFO Indexed output3_0000000502.png (1 face(s))
2026-07-19 09:55:28,785 face_rec.engine DEBUG Detected 1 face(s)
2026-07-19 09:55:28,795 face_rec.service INFO Indexed output3_0000000503.png (1 face(s))
2026-07-19 09:55:29,100 face_rec.engine DEBUG Detected 1 face(s)
2026-07-19 09:55:29,101 face_rec.service INFO Indexed output3_0000000504.png (1 face(s))
2026-07-19 09:55:29,414 face_rec.engine DEBUG Detected 1 face(s)
2026-07-19 09:55:29,415 face_rec.service INFO Indexed output3_0000000505.png (1 face(s))
2026-07-19 09:55:29,739 face_rec.engine DEBUG Detected 1 face(s)
2026-07-19 09:55:29,741 face_rec.service INFO Indexed output3_0000000506.png (1 face(s))
2026-07-19 09:55:30,053 face_rec.engine DEBUG Detected 1 face(s)
2026-07-19 09:55:30,054 face_rec.service INFO Indexed output3_0000000507.png (1 face(s))
2026-07-19 09:55:30,363 face_rec.engine DEBUG Detected 1 face(s)
2026-07-19 09:55:30,364 face_rec.service INFO Indexed output3_0000000508.png (1 face(s))
2026-07-19 09:55:30,677 face_rec.engine DEBUG Detected 1 face(s)
2026-07-19 09:55:30,678 face_rec.service INFO Indexed output3_0000000509.png (1 face(s))
2026-07-19 09:55:30,984 face_rec.engine DEBUG Detected 1 face(s)
2026-07-19 09:55:30,988 face_rec.service INFO Indexed output3_0000000510.png (1 face(s))
2026-07-19 09:55:31,289 face_rec.engine DEBUG Detected 1 face(s)
2026-07-19 09:55:31,290 face_rec.service INFO Indexed output3_0000000513.png (1 face(s))
2026-07-19 09:55:31,591 face_rec.engine DEBUG Detected 1 face(s)
2026-07-19 09:55:31,592 face_rec.service INFO Indexed output3_0000000514.png (1 face(s))
2026-07-19 09:55:31,892 face_rec.engine DEBUG Detected 1 face(s)
2026-07-19 09:55:31,894 face_rec.service INFO Indexed output3_0000000515.png (1 face(s))
2026-07-19 09:55:32,209 face_rec.engine DEBUG Detected 1 face(s)
2026-07-19 09:55:32,210 face_rec.service INFO Indexed output3_0000000516.png (1 face(s))
2026-07-19 09:55:32,534 face_rec.engine DEBUG Detected 1 face(s)
2026-07-19 09:55:32,535 face_rec.service INFO Indexed output3_0000000517.png (1 face(s))
2026-07-19 09:55:32,829 face_rec.engine DEBUG Detected 1 face(s)
2026-07-19 09:55:32,829 face_rec.service INFO Indexed output3_0000000518.png (1 face(s))
2026-07-19 09:55:33,114 face_rec.engine DEBUG Detected 1 face(s)
2026-07-19 09:55:33,115 face_rec.service INFO Indexed output3_0000000519.png (1 face(s))
2026-07-19 09:55:33,440 face_rec.engine DEBUG Detected 1 face(s)
2026-07-19 09:55:33,444 face_rec.service INFO Indexed output3_0000000520.png (1 face(s))
2026-07-19 09:55:33,752 face_rec.engine DEBUG Detected 1 face(s)
2026-07-19 09:55:33,753 face_rec.service INFO Indexed output3_0000000524.png (1 face(s))
2026-07-19 09:55:34,063 face_rec.engine DEBUG Detected 1 face(s)
2026-07-19 09:55:34,065 face_rec.service INFO Indexed output3_0000000525.png (1 face(s))
2026-07-19 09:55:34,386 face_rec.engine DEBUG Detected 1 face(s)
2026-07-19 09:55:34,387 face_rec.service INFO Indexed output3_0000000526.png (1 face(s))
2026-07-19 09:55:34,694 face_rec.engine DEBUG Detected 1 face(s)
2026-07-19 09:55:34,696 face_rec.service INFO Indexed output3_0000000531.png (1 face(s))
2026-07-19 09:55:34,997 face_rec.engine DEBUG Detected 1 face(s)
2026-07-19 09:55:34,999 face_rec.service INFO Indexed output3_0000000532.png (1 face(s))
2026-07-19 09:55:35,306 face_rec.engine DEBUG Detected 1 face(s)
2026-07-19 09:55:35,308 face_rec.service INFO Indexed output3_0000000535.png (1 face(s))
2026-07-19 09:55:35,615 face_rec.engine DEBUG Detected 1 face(s)
2026-07-19 09:55:35,617 face_rec.service INFO Indexed output3_0000000536.png (1 face(s))
2026-07-19 09:55:35,918 face_rec.engine DEBUG Detected 1 face(s)
2026-07-19 09:55:35,922 face_rec.service INFO Indexed output3_0000000538.png (1 face(s))
2026-07-19 09:55:36,214 face_rec.engine DEBUG Detected 1 face(s)
2026-07-19 09:55:36,215 face_rec.service INFO Indexed output3_0000000539.png (1 face(s))
2026-07-19 09:55:36,538 face_rec.engine DEBUG Detected 1 face(s)
2026-07-19 09:55:36,540 face_rec.service INFO Indexed output3_0000000540.png (1 face(s))
2026-07-19 09:55:36,842 face_rec.engine DEBUG Detected 1 face(s)
2026-07-19 09:55:36,844 face_rec.service INFO Indexed output3_0000000541.png (1 face(s))
2026-07-19 09:55:37,151 face_rec.engine DEBUG Detected 1 face(s)
2026-07-19 09:55:37,152 face_rec.service INFO Indexed output3_0000000542.png (1 face(s))
2026-07-19 09:55:37,446 face_rec.engine DEBUG Detected 1 face(s)
2026-07-19 09:55:37,448 face_rec.service INFO Indexed output3_0000000543.png (1 face(s))
2026-07-19 09:55:37,747 face_rec.engine DEBUG Detected 1 face(s)
2026-07-19 09:55:37,748 face_rec.service INFO Indexed output3_0000000546.png (1 face(s))
2026-07-19 09:55:38,253 face_rec.engine DEBUG Detected 2 face(s)
2026-07-19 09:55:38,257 face_rec.service INFO Indexed output3_0000000547.png (2 face(s))
2026-07-19 09:55:38,584 face_rec.engine DEBUG Detected 1 face(s)
2026-07-19 09:55:38,586 face_rec.service INFO Indexed output3_0000000548.png (1 face(s))
2026-07-19 09:55:38,921 face_rec.engine DEBUG Detected 1 face(s)
2026-07-19 09:55:38,922 face_rec.service INFO Indexed output3_0000000550.png (1 face(s))
2026-07-19 09:55:39,227 face_rec.engine DEBUG Detected 1 face(s)
2026-07-19 09:55:39,229 face_rec.service INFO Indexed output3_0000000551.png (1 face(s))
2026-07-19 09:55:39,563 face_rec.engine DEBUG Detected 1 face(s)
2026-07-19 09:55:39,564 face_rec.service INFO Indexed output3_0000000552.png (1 face(s))
2026-07-19 09:55:39,959 face_rec.engine DEBUG Detected 1 face(s)
2026-07-19 09:55:39,961 face_rec.service INFO Indexed output3_0000000553.png (1 face(s))
2026-07-19 09:55:40,489 face_rec.engine DEBUG Detected 1 face(s)
2026-07-19 09:55:40,490 face_rec.service INFO Indexed output3_0000000554.png (1 face(s))
2026-07-19 09:55:40,821 face_rec.engine DEBUG Detected 1 face(s)
2026-07-19 09:55:40,822 face_rec.service INFO Indexed output3_0000000556.png (1 face(s))
2026-07-19 09:55:41,192 face_rec.engine DEBUG Detected 1 face(s)
2026-07-19 09:55:41,194 face_rec.service INFO Indexed output3_0000000557.png (1 face(s))
2026-07-19 09:55:41,604 face_rec.engine DEBUG Detected 1 face(s)
2026-07-19 09:55:41,605 face_rec.service INFO Indexed output3_0000000558.png (1 face(s))
2026-07-19 09:55:42,024 face_rec.engine DEBUG Detected 1 face(s)
2026-07-19 09:55:42,025 face_rec.service INFO Indexed output3_0000000559.png (1 face(s))
2026-07-19 09:55:42,505 face_rec.engine DEBUG Detected 1 face(s)
2026-07-19 09:55:42,506 face_rec.service INFO Indexed output3_0000000560.png (1 face(s))
2026-07-19 09:55:42,943 face_rec.engine DEBUG Detected 1 face(s)
2026-07-19 09:55:42,944 face_rec.service INFO Indexed output3_0000000561.png (1 face(s))
2026-07-19 09:55:43,382 face_rec.engine DEBUG Detected 1 face(s)
2026-07-19 09:55:43,384 face_rec.service INFO Indexed output3_0000000562.png (1 face(s))
2026-07-19 09:55:43,828 face_rec.engine DEBUG Detected 1 face(s)
2026-07-19 09:55:43,829 face_rec.service INFO Indexed output3_0000000563.png (1 face(s))
2026-07-19 09:55:44,217 face_rec.engine DEBUG Detected 1 face(s)
2026-07-19 09:55:44,219 face_rec.service INFO Indexed output3_0000000564.png (1 face(s))
2026-07-19 09:55:44,581 face_rec.engine DEBUG Detected 1 face(s)
2026-07-19 09:55:44,583 face_rec.service INFO Indexed output3_0000000565.png (1 face(s))
2026-07-19 09:55:44,990 face_rec.engine DEBUG Detected 1 face(s)
2026-07-19 09:55:44,992 face_rec.service INFO Indexed output3_0000000566.png (1 face(s))
2026-07-19 09:55:45,337 face_rec.engine DEBUG Detected 1 face(s)
2026-07-19 09:55:45,338 face_rec.service INFO Indexed output3_0000000567.png (1 face(s))
2026-07-19 09:55:45,729 face_rec.engine DEBUG Detected 1 face(s)
2026-07-19 09:55:45,730 face_rec.service INFO Indexed output3_0000000568.png (1 face(s))
2026-07-19 09:55:46,086 face_rec.engine DEBUG Detected 1 face(s)
2026-07-19 09:55:46,087 face_rec.service INFO Indexed output3_0000000569.png (1 face(s))
2026-07-19 09:55:46,445 face_rec.engine DEBUG Detected 1 face(s)
2026-07-19 09:55:46,447 face_rec.service INFO Indexed output3_0000000570.png (1 face(s))
2026-07-19 09:55:46,814 face_rec.engine DEBUG Detected 1 face(s)
2026-07-19 09:55:46,815 face_rec.service INFO Indexed output3_0000000571.png (1 face(s))
2026-07-19 09:55:47,161 face_rec.engine DEBUG Detected 1 face(s)
2026-07-19 09:55:47,163 face_rec.service INFO Indexed output3_0000000572.png (1 face(s))
2026-07-19 09:55:47,495 face_rec.engine DEBUG Detected 1 face(s)
2026-07-19 09:55:47,497 face_rec.service INFO Indexed output3_0000000573.png (1 face(s))
2026-07-19 09:57:12,683 face_rec.engine INFO Loading InsightFace model pack buffalo_l from /Users/sebastien/.cache/models/insightface
2026-07-19 09:57:13,043 face_rec.service WARNING Pruned missing file from database: /Users/sebastien/projects/perso/image-generation/out/output3_0000000569.png
2026-07-19 09:57:13,044 face_rec.service WARNING Pruned missing file from database: /Users/sebastien/projects/perso/image-generation/out/output3_0000000570.png
2026-07-19 09:57:13,584 face_rec.engine DEBUG Detected 1 face(s)
2026-07-19 09:57:13,585 face_rec.service INFO Indexed output3_0000000574.png (1 face(s))
2026-07-19 09:59:15,457 face_rec.engine INFO Loading InsightFace model pack buffalo_l from /Users/sebastien/.cache/models/insightface
2026-07-19 09:59:15,840 face_rec.service WARNING Pruned missing file from database: /Users/sebastien/projects/perso/image-generation/out/output_0000000019.png
2026-07-19 09:59:15,841 face_rec.service WARNING Pruned missing file from database: /Users/sebastien/projects/perso/image-generation/out/output_0000000038.png
2026-07-19 09:59:15,842 face_rec.service WARNING Pruned missing file from database: /Users/sebastien/projects/perso/image-generation/out/output_0000000074.png
2026-07-19 09:59:15,842 face_rec.service WARNING Pruned missing file from database: /Users/sebastien/projects/perso/image-generation/out/output_0000000108.png
2026-07-19 09:59:16,389 face_rec.engine DEBUG Detected 1 face(s)
2026-07-19 09:59:16,401 face_rec.service INFO Indexed output3_0000000575.png (1 face(s))
2026-07-19 10:00:21,563 face_rec.engine INFO Loading InsightFace model pack buffalo_l from /Users/sebastien/.cache/models/insightface
2026-07-19 10:16:04,436 face_rec.engine INFO Loading InsightFace model pack buffalo_l from /Users/sebastien/.cache/models/insightface
2026-07-19 10:16:04,867 face_rec.service WARNING Pruned missing file from database: /Users/sebastien/projects/perso/image-generation/out/output3_0000000006.png
2026-07-19 10:16:04,868 face_rec.service WARNING Pruned missing file from database: /Users/sebastien/projects/perso/image-generation/out/output3_0000000015.png
2026-07-19 10:16:04,869 face_rec.service WARNING Pruned missing file from database: /Users/sebastien/projects/perso/image-generation/out/output3_0000000028.png
2026-07-19 10:16:04,869 face_rec.service WARNING Pruned missing file from database: /Users/sebastien/projects/perso/image-generation/out/output3_0000000030.png
2026-07-19 10:16:04,869 face_rec.service WARNING Pruned missing file from database: /Users/sebastien/projects/perso/image-generation/out/output3_0000000034.png
2026-07-19 10:16:04,869 face_rec.service WARNING Pruned missing file from database: /Users/sebastien/projects/perso/image-generation/out/output3_0000000053.png
2026-07-19 10:16:04,870 face_rec.service WARNING Pruned missing file from database: /Users/sebastien/projects/perso/image-generation/out/output3_0000000060.png
2026-07-19 10:16:04,870 face_rec.service WARNING Pruned missing file from database: /Users/sebastien/projects/perso/image-generation/out/output3_0000000061.png
2026-07-19 10:16:04,870 face_rec.service WARNING Pruned missing file from database: /Users/sebastien/projects/perso/image-generation/out/output3_0000000071.png
2026-07-19 10:16:04,870 face_rec.service WARNING Pruned missing file from database: /Users/sebastien/projects/perso/image-generation/out/output3_0000000072.png
2026-07-19 10:16:04,870 face_rec.service WARNING Pruned missing file from database: /Users/sebastien/projects/perso/image-generation/out/output3_0000000078.png
2026-07-19 10:16:04,871 face_rec.service WARNING Pruned missing file from database: /Users/sebastien/projects/perso/image-generation/out/output3_0000000084.png
2026-07-19 10:16:04,871 face_rec.service WARNING Pruned missing file from database: /Users/sebastien/projects/perso/image-generation/out/output3_0000000087.png
2026-07-19 10:16:04,871 face_rec.service WARNING Pruned missing file from database: /Users/sebastien/projects/perso/image-generation/out/output3_0000000095.png
2026-07-19 10:16:04,871 face_rec.service WARNING Pruned missing file from database: /Users/sebastien/projects/perso/image-generation/out/output3_0000000096.png
2026-07-19 10:16:04,871 face_rec.service WARNING Pruned missing file from database: /Users/sebastien/projects/perso/image-generation/out/output3_0000000099.png
2026-07-19 10:16:04,872 face_rec.service WARNING Pruned missing file from database: /Users/sebastien/projects/perso/image-generation/out/output3_0000000110.png
2026-07-19 10:16:04,872 face_rec.service WARNING Pruned missing file from database: /Users/sebastien/projects/perso/image-generation/out/output3_0000000118.png
2026-07-19 10:16:04,872 face_rec.service WARNING Pruned missing file from database: /Users/sebastien/projects/perso/image-generation/out/output3_0000000120.png
2026-07-19 10:16:04,872 face_rec.service WARNING Pruned missing file from database: /Users/sebastien/projects/perso/image-generation/out/output3_0000000135.png
2026-07-19 10:16:04,872 face_rec.service WARNING Pruned missing file from database: /Users/sebastien/projects/perso/image-generation/out/output3_0000000144.png
2026-07-19 10:16:04,872 face_rec.service WARNING Pruned missing file from database: /Users/sebastien/projects/perso/image-generation/out/output3_0000000147.png
2026-07-19 10:16:04,873 face_rec.service WARNING Pruned missing file from database: /Users/sebastien/projects/perso/image-generation/out/output3_0000000158.png
2026-07-19 10:16:04,873 face_rec.service WARNING Pruned missing file from database: /Users/sebastien/projects/perso/image-generation/out/output3_0000000160.png
2026-07-19 10:16:04,873 face_rec.service WARNING Pruned missing file from database: /Users/sebastien/projects/perso/image-generation/out/output3_0000000161.png
2026-07-19 10:16:04,873 face_rec.service WARNING Pruned missing file from database: /Users/sebastien/projects/perso/image-generation/out/output3_0000000173.png
2026-07-19 10:16:04,873 face_rec.service WARNING Pruned missing file from database: /Users/sebastien/projects/perso/image-generation/out/output3_0000000183.png
2026-07-19 10:16:04,874 face_rec.service WARNING Pruned missing file from database: /Users/sebastien/projects/perso/image-generation/out/output3_0000000188.png
2026-07-19 10:16:04,874 face_rec.service WARNING Pruned missing file from database: /Users/sebastien/projects/perso/image-generation/out/output3_0000000191.png
2026-07-19 10:16:04,874 face_rec.service WARNING Pruned missing file from database: /Users/sebastien/projects/perso/image-generation/out/output3_0000000192.png
2026-07-19 10:16:04,874 face_rec.service WARNING Pruned missing file from database: /Users/sebastien/projects/perso/image-generation/out/output3_0000000205.png
2026-07-19 10:16:04,874 face_rec.service WARNING Pruned missing file from database: /Users/sebastien/projects/perso/image-generation/out/output3_0000000244.png
2026-07-19 10:16:04,875 face_rec.service WARNING Pruned missing file from database: /Users/sebastien/projects/perso/image-generation/out/output3_0000000281.png
2026-07-19 10:16:04,875 face_rec.service WARNING Pruned missing file from database: /Users/sebastien/projects/perso/image-generation/out/output3_0000000282.png
2026-07-19 10:16:04,875 face_rec.service WARNING Pruned missing file from database: /Users/sebastien/projects/perso/image-generation/out/output3_0000000283.png
2026-07-19 10:16:04,875 face_rec.service WARNING Pruned missing file from database: /Users/sebastien/projects/perso/image-generation/out/output3_0000000293.png
2026-07-19 10:16:04,875 face_rec.service WARNING Pruned missing file from database: /Users/sebastien/projects/perso/image-generation/out/output3_0000000296.png
2026-07-19 10:16:04,875 face_rec.service WARNING Pruned missing file from database: /Users/sebastien/projects/perso/image-generation/out/output3_0000000300.png
2026-07-19 10:16:04,876 face_rec.service WARNING Pruned missing file from database: /Users/sebastien/projects/perso/image-generation/out/output3_0000000324.png
2026-07-19 10:16:04,876 face_rec.service WARNING Pruned missing file from database: /Users/sebastien/projects/perso/image-generation/out/output3_0000000325.png
2026-07-19 10:16:04,876 face_rec.service WARNING Pruned missing file from database: /Users/sebastien/projects/perso/image-generation/out/output3_0000000329.png
2026-07-19 10:16:04,876 face_rec.service WARNING Pruned missing file from database: /Users/sebastien/projects/perso/image-generation/out/output3_0000000330.png
2026-07-19 10:16:04,876 face_rec.service WARNING Pruned missing file from database: /Users/sebastien/projects/perso/image-generation/out/output3_0000000336.png
2026-07-19 10:16:04,877 face_rec.service WARNING Pruned missing file from database: /Users/sebastien/projects/perso/image-generation/out/output3_0000000350.png
2026-07-19 10:16:04,877 face_rec.service WARNING Pruned missing file from database: /Users/sebastien/projects/perso/image-generation/out/output3_0000000356.png
2026-07-19 10:16:04,877 face_rec.service WARNING Pruned missing file from database: /Users/sebastien/projects/perso/image-generation/out/output3_0000000359.png
2026-07-19 10:16:04,877 face_rec.service WARNING Pruned missing file from database: /Users/sebastien/projects/perso/image-generation/out/output3_0000000369.png
2026-07-19 10:16:04,877 face_rec.service WARNING Pruned missing file from database: /Users/sebastien/projects/perso/image-generation/out/output3_0000000381.png
2026-07-19 10:16:04,878 face_rec.service WARNING Pruned missing file from database: /Users/sebastien/projects/perso/image-generation/out/output3_0000000384.png
2026-07-19 10:16:04,878 face_rec.service WARNING Pruned missing file from database: /Users/sebastien/projects/perso/image-generation/out/output3_0000000395.png
2026-07-19 10:16:04,878 face_rec.service WARNING Pruned missing file from database: /Users/sebastien/projects/perso/image-generation/out/output3_0000000397.png
2026-07-19 10:16:04,878 face_rec.service WARNING Pruned missing file from database: /Users/sebastien/projects/perso/image-generation/out/output3_0000000399.png
2026-07-19 10:16:04,878 face_rec.service WARNING Pruned missing file from database: /Users/sebastien/projects/perso/image-generation/out/output3_0000000407.png
2026-07-19 10:16:04,878 face_rec.service WARNING Pruned missing file from database: /Users/sebastien/projects/perso/image-generation/out/output3_0000000411.png
2026-07-19 10:16:04,879 face_rec.service WARNING Pruned missing file from database: /Users/sebastien/projects/perso/image-generation/out/output3_0000000413.png
2026-07-19 10:16:04,879 face_rec.service WARNING Pruned missing file from database: /Users/sebastien/projects/perso/image-generation/out/output3_0000000427.png
2026-07-19 10:16:04,879 face_rec.service WARNING Pruned missing file from database: /Users/sebastien/projects/perso/image-generation/out/output3_0000000429.png
2026-07-19 10:16:04,879 face_rec.service WARNING Pruned missing file from database: /Users/sebastien/projects/perso/image-generation/out/output3_0000000430.png
2026-07-19 10:16:04,879 face_rec.service WARNING Pruned missing file from database: /Users/sebastien/projects/perso/image-generation/out/output3_0000000439.png
2026-07-19 10:16:04,880 face_rec.service WARNING Pruned missing file from database: /Users/sebastien/projects/perso/image-generation/out/output3_0000000449.png
2026-07-19 10:16:04,880 face_rec.service WARNING Pruned missing file from database: /Users/sebastien/projects/perso/image-generation/out/output3_0000000452.png
2026-07-19 10:16:04,880 face_rec.service WARNING Pruned missing file from database: /Users/sebastien/projects/perso/image-generation/out/output3_0000000469.png
2026-07-19 10:16:04,880 face_rec.service WARNING Pruned missing file from database: /Users/sebastien/projects/perso/image-generation/out/output3_0000000476.png
2026-07-19 10:16:04,880 face_rec.service WARNING Pruned missing file from database: /Users/sebastien/projects/perso/image-generation/out/output3_0000000490.png
2026-07-19 10:16:04,881 face_rec.service WARNING Pruned missing file from database: /Users/sebastien/projects/perso/image-generation/out/output3_0000000501.png
2026-07-19 10:16:04,881 face_rec.service WARNING Pruned missing file from database: /Users/sebastien/projects/perso/image-generation/out/output3_0000000502.png
2026-07-19 10:16:04,881 face_rec.service WARNING Pruned missing file from database: /Users/sebastien/projects/perso/image-generation/out/output3_0000000504.png
2026-07-19 10:16:04,881 face_rec.service WARNING Pruned missing file from database: /Users/sebastien/projects/perso/image-generation/out/output3_0000000509.png
2026-07-19 10:16:04,881 face_rec.service WARNING Pruned missing file from database: /Users/sebastien/projects/perso/image-generation/out/output3_0000000546.png
2026-07-19 10:16:04,881 face_rec.service WARNING Pruned missing file from database: /Users/sebastien/projects/perso/image-generation/out/output3_0000000547.png
2026-07-19 10:16:04,882 face_rec.service WARNING Pruned missing file from database: /Users/sebastien/projects/perso/image-generation/out/output3_0000000551.png
2026-07-19 10:16:04,882 face_rec.service WARNING Pruned missing file from database: /Users/sebastien/projects/perso/image-generation/out/output3_0000000553.png
2026-07-19 10:16:04,882 face_rec.service WARNING Pruned missing file from database: /Users/sebastien/projects/perso/image-generation/out/output3_0000000554.png
2026-07-19 10:16:04,882 face_rec.service WARNING Pruned missing file from database: /Users/sebastien/projects/perso/image-generation/out/output3_0000000558.png
2026-07-19 10:16:04,882 face_rec.service WARNING Pruned missing file from database: /Users/sebastien/projects/perso/image-generation/out/output3_0000000559.png
2026-07-19 10:16:04,883 face_rec.service WARNING Pruned missing file from database: /Users/sebastien/projects/perso/image-generation/out/output3_0000000560.png
2026-07-19 10:16:04,883 face_rec.service WARNING Pruned missing file from database: /Users/sebastien/projects/perso/image-generation/out/output3_0000000566.png
2026-07-19 10:16:04,883 face_rec.service WARNING Pruned missing file from database: /Users/sebastien/projects/perso/image-generation/out/output3_0000000571.png
2026-07-19 10:16:04,883 face_rec.service WARNING Pruned missing file from database: /Users/sebastien/projects/perso/image-generation/out/output3_0000000573.png
2026-07-19 10:16:05,446 face_rec.engine DEBUG Detected 1 face(s)
2026-07-19 10:16:05,447 face_rec.service INFO Indexed output3_0000000577.png (1 face(s))
2026-07-19 10:16:05,758 face_rec.engine DEBUG Detected 1 face(s)
2026-07-19 10:16:05,759 face_rec.service INFO Indexed output3_0000000578.png (1 face(s))
2026-07-19 10:16:06,076 face_rec.engine DEBUG Detected 1 face(s)
2026-07-19 10:16:06,077 face_rec.service INFO Indexed output3_0000000579.png (1 face(s))
2026-07-19 10:16:06,362 face_rec.engine DEBUG Detected 1 face(s)
2026-07-19 10:16:06,363 face_rec.service INFO Indexed output3_0000000580.png (1 face(s))
2026-07-19 10:16:06,673 face_rec.engine DEBUG Detected 1 face(s)
2026-07-19 10:16:06,675 face_rec.service INFO Indexed output3_0000000581.png (1 face(s))
2026-07-19 10:16:06,975 face_rec.engine DEBUG Detected 1 face(s)
2026-07-19 10:16:06,976 face_rec.service INFO Indexed output3_0000000582.png (1 face(s))
2026-07-19 10:16:07,248 face_rec.engine DEBUG Detected 1 face(s)
2026-07-19 10:16:07,250 face_rec.service INFO Indexed output3_0000000583.png (1 face(s))
2026-07-19 10:16:07,551 face_rec.engine DEBUG Detected 1 face(s)
2026-07-19 10:16:07,552 face_rec.service INFO Indexed output3_0000000584.png (1 face(s))
2026-07-19 10:16:42,445 face_rec.engine INFO Loading InsightFace model pack buffalo_l from /Users/sebastien/.cache/models/insightface
2026-07-19 10:16:42,801 face_rec.service WARNING Pruned missing file from database: /Users/sebastien/projects/perso/image-generation/out/output3_0000000580.png
2026-07-19 10:16:42,802 face_rec.service WARNING Pruned missing file from database: /Users/sebastien/projects/perso/image-generation/out/output3_0000000581.png
2026-07-19 10:16:42,802 face_rec.service WARNING Pruned missing file from database: /Users/sebastien/projects/perso/image-generation/out/output3_0000000583.png
2026-07-19 10:16:42,803 face_rec.service WARNING Pruned missing file from database: /Users/sebastien/projects/perso/image-generation/out/output3_0000000584.png
2026-07-19 10:16:43,336 face_rec.engine DEBUG Detected 1 face(s)
2026-07-19 10:16:43,337 face_rec.service INFO Indexed output3_0000000585.png (1 face(s))
2026-07-19 10:17:02,200 face_rec.engine INFO Loading InsightFace model pack buffalo_l from /Users/sebastien/.cache/models/insightface
2026-07-19 10:17:11,621 face_rec.engine INFO Loading InsightFace model pack buffalo_l from /Users/sebastien/.cache/models/insightface
2026-07-19 10:17:33,750 face_rec.engine INFO Loading InsightFace model pack buffalo_l from /Users/sebastien/.cache/models/insightface
2026-07-19 10:17:34,474 face_rec.engine DEBUG Detected 1 face(s)
2026-07-19 10:39:40,978 face_rec.engine INFO Loading InsightFace model pack buffalo_l from /Users/sebastien/.cache/models/insightface
2026-07-19 10:39:42,301 face_rec.engine DEBUG Detected 1 face(s)
2026-07-19 10:39:42,305 face_rec.service INFO Indexed output3_0000000589.png (1 face(s))
2026-07-19 10:39:42,781 face_rec.engine DEBUG Detected 1 face(s)
2026-07-19 10:39:42,782 face_rec.service INFO Indexed output3_0000000593.png (1 face(s))
2026-07-19 10:39:43,363 face_rec.engine DEBUG Detected 1 face(s)
2026-07-19 10:39:43,367 face_rec.service INFO Indexed output3_0000000596.png (1 face(s))
2026-07-19 10:39:43,871 face_rec.engine DEBUG Detected 1 face(s)
2026-07-19 10:39:43,877 face_rec.service INFO Indexed output3_0000000597.png (1 face(s))
2026-07-19 10:40:00,455 face_rec.engine INFO Loading InsightFace model pack buffalo_l from /Users/sebastien/.cache/models/insightface
2026-07-19 10:40:01,373 face_rec.engine DEBUG Detected 1 face(s)
2026-07-19 10:40:18,719 face_rec.engine INFO Loading InsightFace model pack buffalo_l from /Users/sebastien/.cache/models/insightface
2026-07-19 10:40:19,632 face_rec.engine DEBUG Detected 1 face(s)
2026-07-19 12:19:39,991 face_rec.engine INFO Loading InsightFace model pack buffalo_l from /Users/sebastien/.cache/models/insightface
2026-07-19 12:19:40,940 face_rec.engine DEBUG Detected 1 face(s)
2026-07-19 12:21:59,811 face_rec.engine INFO Loading InsightFace model pack buffalo_l from /Users/sebastien/.cache/models/insightface
2026-07-19 12:22:00,187 face_rec.service WARNING Pruned missing file from database: /Users/sebastien/projects/perso/image-generation/out/output3_0000000597.png
2026-07-19 12:22:00,837 face_rec.engine DEBUG Detected 1 face(s)
2026-07-19 12:22:00,838 face_rec.service INFO Indexed output3_0000000598.png (1 face(s))
2026-07-19 12:22:01,228 face_rec.engine DEBUG Detected 1 face(s)
2026-07-19 12:22:01,229 face_rec.service INFO Indexed output3_0000000600.png (1 face(s))
2026-07-19 12:22:01,659 face_rec.engine DEBUG Detected 1 face(s)
2026-07-19 12:22:01,661 face_rec.service INFO Indexed output3_0000000601.png (1 face(s))
2026-07-19 12:22:02,047 face_rec.engine DEBUG Detected 1 face(s)
2026-07-19 12:22:02,053 face_rec.service INFO Indexed output3_0000000602.png (1 face(s))
2026-07-19 12:22:02,563 face_rec.engine DEBUG Detected 1 face(s)
2026-07-19 12:22:02,565 face_rec.service INFO Indexed output3_0000000603.png (1 face(s))
2026-07-19 12:22:03,097 face_rec.engine DEBUG Detected 1 face(s)
2026-07-19 12:22:03,099 face_rec.service INFO Indexed output3_0000000604.png (1 face(s))
2026-07-19 12:22:03,588 face_rec.engine DEBUG Detected 1 face(s)
2026-07-19 12:22:03,590 face_rec.service INFO Indexed output3_0000000605.png (1 face(s))
2026-07-19 12:22:03,972 face_rec.engine DEBUG Detected 1 face(s)
2026-07-19 12:22:03,977 face_rec.service INFO Indexed output3_0000000607.png (1 face(s))
2026-07-19 12:22:04,424 face_rec.engine DEBUG Detected 1 face(s)
2026-07-19 12:22:04,428 face_rec.service INFO Indexed output3_0000000608.png (1 face(s))
2026-07-19 12:22:04,799 face_rec.engine DEBUG Detected 1 face(s)
2026-07-19 12:22:04,801 face_rec.service INFO Indexed output3_0000000609.png (1 face(s))
2026-07-19 12:22:05,301 face_rec.engine DEBUG Detected 1 face(s)
2026-07-19 12:22:05,303 face_rec.service INFO Indexed output3_0000000610.png (1 face(s))
2026-07-19 12:22:05,842 face_rec.engine DEBUG Detected 1 face(s)
2026-07-19 12:22:05,850 face_rec.service INFO Indexed output3_0000000612.png (1 face(s))
2026-07-19 12:22:06,354 face_rec.engine DEBUG Detected 1 face(s)
2026-07-19 12:22:06,356 face_rec.service INFO Indexed output3_0000000613.png (1 face(s))
2026-07-19 12:22:06,755 face_rec.engine DEBUG Detected 1 face(s)
2026-07-19 12:22:06,762 face_rec.service INFO Indexed output3_0000000614.png (1 face(s))
2026-07-19 12:22:07,150 face_rec.engine DEBUG Detected 1 face(s)
2026-07-19 12:22:07,158 face_rec.service INFO Indexed output3_0000000615.png (1 face(s))
2026-07-19 12:22:07,590 face_rec.engine DEBUG Detected 1 face(s)
2026-07-19 12:22:07,591 face_rec.service INFO Indexed output3_0000000616.png (1 face(s))
2026-07-19 12:22:08,080 face_rec.engine DEBUG Detected 1 face(s)
2026-07-19 12:22:08,087 face_rec.service INFO Indexed output3_0000000617.png (1 face(s))
2026-07-19 12:22:08,615 face_rec.engine DEBUG Detected 1 face(s)
2026-07-19 12:22:08,617 face_rec.service INFO Indexed output3_0000000618.png (1 face(s))
2026-07-19 12:22:09,151 face_rec.engine DEBUG Detected 1 face(s)
2026-07-19 12:22:09,152 face_rec.service INFO Indexed output3_0000000619.png (1 face(s))
2026-07-19 12:22:09,595 face_rec.engine DEBUG Detected 1 face(s)
2026-07-19 12:22:09,596 face_rec.service INFO Indexed output3_0000000621.png (1 face(s))
2026-07-19 12:22:10,018 face_rec.engine DEBUG Detected 1 face(s)
2026-07-19 12:22:10,020 face_rec.service INFO Indexed output3_0000000622.png (1 face(s))
2026-07-19 12:22:10,526 face_rec.engine DEBUG Detected 1 face(s)
2026-07-19 12:22:10,531 face_rec.service INFO Indexed output3_0000000624.png (1 face(s))
2026-07-19 12:22:10,968 face_rec.engine DEBUG Detected 1 face(s)
2026-07-19 12:22:10,970 face_rec.service INFO Indexed output3_0000000625.png (1 face(s))
2026-07-19 12:22:11,487 face_rec.engine DEBUG Detected 1 face(s)
2026-07-19 12:22:11,492 face_rec.service INFO Indexed output3_0000000626.png (1 face(s))
2026-07-19 12:22:12,031 face_rec.engine DEBUG Detected 1 face(s)
2026-07-19 12:22:12,036 face_rec.service INFO Indexed output3_0000000627.png (1 face(s))
2026-07-19 12:22:12,537 face_rec.engine DEBUG Detected 1 face(s)
2026-07-19 12:22:12,538 face_rec.service INFO Indexed output3_0000000628.png (1 face(s))
2026-07-19 12:22:12,927 face_rec.engine DEBUG Detected 1 face(s)
2026-07-19 12:22:12,929 face_rec.service INFO Indexed output3_0000000629.png (1 face(s))
2026-07-19 12:22:13,404 face_rec.engine DEBUG Detected 1 face(s)
2026-07-19 12:22:13,409 face_rec.service INFO Indexed output3_0000000630.png (1 face(s))
2026-07-19 12:22:13,802 face_rec.engine DEBUG Detected 1 face(s)
2026-07-19 12:22:13,805 face_rec.service INFO Indexed output3_0000000631.png (1 face(s))
2026-07-19 12:22:14,324 face_rec.engine DEBUG Detected 1 face(s)
2026-07-19 12:22:14,325 face_rec.service INFO Indexed output3_0000000632.png (1 face(s))
2026-07-19 12:22:14,860 face_rec.engine DEBUG Detected 1 face(s)
2026-07-19 12:22:14,866 face_rec.service INFO Indexed output3_0000000633.png (1 face(s))
2026-07-19 12:22:15,423 face_rec.engine DEBUG Detected 1 face(s)
2026-07-19 12:22:15,425 face_rec.service INFO Indexed output3_0000000634.png (1 face(s))
2026-07-19 12:22:15,862 face_rec.engine DEBUG Detected 1 face(s)
2026-07-19 12:22:15,864 face_rec.service INFO Indexed output3_0000000636.png (1 face(s))
2026-07-19 12:22:16,243 face_rec.engine DEBUG Detected 1 face(s)
2026-07-19 12:22:16,248 face_rec.service INFO Indexed output3_0000000637.png (1 face(s))
2026-07-19 12:22:16,676 face_rec.engine DEBUG Detected 1 face(s)
2026-07-19 12:22:16,678 face_rec.service INFO Indexed output3_0000000639.png (1 face(s))
2026-07-19 12:22:17,153 face_rec.engine DEBUG Detected 1 face(s)
2026-07-19 12:22:17,158 face_rec.service INFO Indexed output3_0000000643.png (1 face(s))
2026-07-19 12:22:17,712 face_rec.engine DEBUG Detected 1 face(s)
2026-07-19 12:22:17,716 face_rec.service INFO Indexed output3_0000000644.png (1 face(s))
2026-07-19 12:22:18,250 face_rec.engine DEBUG Detected 1 face(s)
2026-07-19 12:22:18,251 face_rec.service INFO Indexed output3_0000000645.png (1 face(s))
2026-07-19 12:22:18,710 face_rec.engine DEBUG Detected 1 face(s)
2026-07-19 12:22:18,712 face_rec.service INFO Indexed output3_0000000646.png (1 face(s))
2026-07-19 12:22:19,084 face_rec.engine DEBUG Detected 1 face(s)
2026-07-19 12:22:19,085 face_rec.service INFO Indexed output3_0000000647.png (1 face(s))
2026-07-19 12:53:42,405 face_rec.engine INFO Loading InsightFace model pack buffalo_l from /Users/sebastien/.cache/models/insightface
2026-07-19 12:53:42,795 face_rec.service WARNING Pruned missing file from database: /Users/sebastien/projects/perso/image-generation/out/output3_0000000647.png
2026-07-19 12:53:43,496 face_rec.engine DEBUG Detected 1 face(s)
2026-07-19 12:53:43,498 face_rec.service INFO Indexed output3_0000000649.png (1 face(s))
2026-07-19 12:53:44,031 face_rec.engine DEBUG Detected 1 face(s)
2026-07-19 12:53:44,032 face_rec.service INFO Indexed output3_0000000650.png (1 face(s))
2026-07-19 12:53:44,571 face_rec.engine DEBUG Detected 1 face(s)
2026-07-19 12:53:44,573 face_rec.service INFO Indexed output3_0000000651.png (1 face(s))
2026-07-19 12:53:45,083 face_rec.engine DEBUG Detected 1 face(s)
2026-07-19 12:53:45,085 face_rec.service INFO Indexed output3_0000000654.png (1 face(s))
2026-07-19 12:53:45,521 face_rec.engine DEBUG Detected 1 face(s)
2026-07-19 12:53:45,527 face_rec.service INFO Indexed output3_0000000656.png (1 face(s))
2026-07-19 12:53:45,920 face_rec.engine DEBUG Detected 1 face(s)
2026-07-19 12:53:45,922 face_rec.service INFO Indexed output3_0000000659.png (1 face(s))
2026-07-19 12:53:46,372 face_rec.engine DEBUG Detected 1 face(s)
2026-07-19 12:53:46,377 face_rec.service INFO Indexed output3_0000000662.png (1 face(s))
2026-07-19 12:53:46,824 face_rec.engine DEBUG Detected 1 face(s)
2026-07-19 12:53:46,829 face_rec.service INFO Indexed output3_0000000664.png (1 face(s))
2026-07-19 13:33:17,923 face_rec.engine INFO Loading InsightFace model pack buffalo_l from /Users/sebastien/.cache/models/insightface
2026-07-19 13:33:18,893 face_rec.engine DEBUG Detected 1 face(s)
2026-07-19 13:33:18,905 face_rec.service INFO Indexed output3_0000000665.png (1 face(s))
2026-07-19 13:33:19,332 face_rec.engine DEBUG Detected 1 face(s)
2026-07-19 13:33:19,334 face_rec.service INFO Indexed output3_0000000666.png (1 face(s))
2026-07-19 13:33:19,781 face_rec.engine DEBUG Detected 1 face(s)
2026-07-19 13:33:19,782 face_rec.service INFO Indexed output3_0000000667.png (1 face(s))
2026-07-19 13:33:20,144 face_rec.engine DEBUG Detected 1 face(s)
2026-07-19 13:33:20,146 face_rec.service INFO Indexed output3_0000000668.png (1 face(s))
2026-07-19 13:33:20,561 face_rec.engine DEBUG Detected 1 face(s)
2026-07-19 13:33:20,563 face_rec.service INFO Indexed output3_0000000669.png (1 face(s))
2026-07-19 13:33:20,972 face_rec.engine DEBUG Detected 1 face(s)
2026-07-19 13:33:20,974 face_rec.service INFO Indexed output3_0000000670.png (1 face(s))
2026-07-19 13:33:21,388 face_rec.engine DEBUG Detected 1 face(s)
2026-07-19 13:33:21,390 face_rec.service INFO Indexed output3_0000000671.png (1 face(s))
2026-07-19 13:33:21,881 face_rec.engine DEBUG Detected 1 face(s)
2026-07-19 13:33:21,883 face_rec.service INFO Indexed output3_0000000672.png (1 face(s))
2026-07-19 13:33:22,364 face_rec.engine DEBUG Detected 1 face(s)
2026-07-19 13:33:22,366 face_rec.service INFO Indexed output3_0000000673.png (1 face(s))
2026-07-19 13:33:22,821 face_rec.engine DEBUG Detected 1 face(s)
2026-07-19 13:33:22,823 face_rec.service INFO Indexed output3_0000000674.png (1 face(s))
2026-07-19 13:33:23,202 face_rec.engine DEBUG Detected 1 face(s)
2026-07-19 13:33:23,203 face_rec.service INFO Indexed output3_0000000675.png (1 face(s))
2026-07-19 13:33:23,675 face_rec.engine DEBUG Detected 1 face(s)
2026-07-19 13:33:23,676 face_rec.service INFO Indexed output3_0000000676.png (1 face(s))
2026-07-19 13:33:24,088 face_rec.engine DEBUG Detected 1 face(s)
2026-07-19 13:33:24,093 face_rec.service INFO Indexed output3_0000000677.png (1 face(s))
2026-07-19 13:33:24,627 face_rec.engine DEBUG Detected 1 face(s)
2026-07-19 13:33:24,629 face_rec.service INFO Indexed output3_0000000678.png (1 face(s))
2026-07-19 13:33:25,138 face_rec.engine DEBUG Detected 1 face(s)
2026-07-19 13:33:25,144 face_rec.service INFO Indexed output3_0000000679.png (1 face(s))
2026-07-19 13:33:25,657 face_rec.engine DEBUG Detected 1 face(s)
2026-07-19 13:33:25,659 face_rec.service INFO Indexed output3_0000000680.png (1 face(s))
2026-07-19 13:33:26,032 face_rec.engine DEBUG Detected 1 face(s)
2026-07-19 13:33:26,034 face_rec.service INFO Indexed output3_0000000681.png (1 face(s))
2026-07-19 13:33:26,473 face_rec.engine DEBUG Detected 1 face(s)
2026-07-19 13:33:26,475 face_rec.service INFO Indexed output3_0000000682.png (1 face(s))
2026-07-19 13:33:26,887 face_rec.engine DEBUG Detected 1 face(s)
2026-07-19 13:33:26,888 face_rec.service INFO Indexed output3_0000000683.png (1 face(s))
2026-07-19 13:33:27,363 face_rec.engine DEBUG Detected 1 face(s)
2026-07-19 13:33:27,365 face_rec.service INFO Indexed output3_0000000684.png (1 face(s))
2026-07-19 13:34:23,001 face_rec.engine INFO Loading InsightFace model pack buffalo_l from /Users/sebastien/.cache/models/insightface
2026-07-19 13:34:23,542 face_rec.service WARNING Pruned missing file from database: /Users/sebastien/projects/perso/image-generation/out/output3_0000000664.png
2026-07-19 13:34:23,543 face_rec.service WARNING Pruned missing file from database: /Users/sebastien/projects/perso/image-generation/out/output3_0000000665.png
2026-07-19 13:34:23,544 face_rec.service WARNING Pruned missing file from database: /Users/sebastien/projects/perso/image-generation/out/output3_0000000667.png
2026-07-19 13:34:23,544 face_rec.service WARNING Pruned missing file from database: /Users/sebastien/projects/perso/image-generation/out/output3_0000000669.png
2026-07-19 13:34:23,544 face_rec.service WARNING Pruned missing file from database: /Users/sebastien/projects/perso/image-generation/out/output3_0000000670.png
2026-07-19 13:34:23,544 face_rec.service WARNING Pruned missing file from database: /Users/sebastien/projects/perso/image-generation/out/output3_0000000673.png
2026-07-19 13:34:23,544 face_rec.service WARNING Pruned missing file from database: /Users/sebastien/projects/perso/image-generation/out/output3_0000000676.png
2026-07-19 13:34:23,545 face_rec.service WARNING Pruned missing file from database: /Users/sebastien/projects/perso/image-generation/out/output3_0000000679.png
2026-07-19 13:34:23,545 face_rec.service WARNING Pruned missing file from database: /Users/sebastien/projects/perso/image-generation/out/output3_0000000681.png
2026-07-19 13:34:23,545 face_rec.service WARNING Pruned missing file from database: /Users/sebastien/projects/perso/image-generation/out/output3_0000000682.png
2026-07-19 13:34:23,545 face_rec.service WARNING Pruned missing file from database: /Users/sebastien/projects/perso/image-generation/out/output3_0000000684.png
2026-07-19 13:48:55,835 face_rec.engine INFO Loading InsightFace model pack buffalo_l from /Users/sebastien/.cache/models/insightface
2026-07-19 13:48:56,721 face_rec.engine DEBUG Detected 1 face(s)
2026-07-19 13:48:56,727 face_rec.service INFO Indexed output3_0000000686.png (1 face(s))
2026-07-19 13:48:57,047 face_rec.engine DEBUG Detected 1 face(s)
2026-07-19 13:48:57,048 face_rec.service INFO Indexed output3_0000000687.png (1 face(s))
2026-07-19 13:48:57,396 face_rec.engine DEBUG Detected 1 face(s)
2026-07-19 13:48:57,400 face_rec.service INFO Indexed output3_0000000688.png (1 face(s))
2026-07-19 13:48:57,724 face_rec.engine DEBUG Detected 1 face(s)
2026-07-19 13:48:57,726 face_rec.service INFO Indexed output3_0000000690.png (1 face(s))
2026-07-19 13:52:08,696 face_rec.engine INFO Loading InsightFace model pack buffalo_l from /Users/sebastien/.cache/models/insightface
2026-07-19 13:52:09,024 face_rec.service WARNING Pruned missing file from database: /Users/sebastien/projects/perso/image-generation/out/output3_0000000687.png
2026-07-19 13:52:09,592 face_rec.engine DEBUG Detected 1 face(s)
2026-07-19 13:52:09,593 face_rec.service INFO Indexed output3_0000000693.png (1 face(s))
2026-07-19 13:52:09,916 face_rec.engine DEBUG Detected 1 face(s)
2026-07-19 13:52:09,923 face_rec.service INFO Indexed output3_0000000694.png (1 face(s))
2026-07-19 13:58:17,677 face_rec.engine INFO Loading InsightFace model pack buffalo_l from /Users/sebastien/.cache/models/insightface
2026-07-19 13:58:18,611 face_rec.engine DEBUG Detected 1 face(s)
2026-07-19 13:58:18,617 face_rec.service INFO Indexed output3_0000000696.png (1 face(s))
2026-07-19 16:33:59,064 face_rec.engine INFO Loading InsightFace model pack buffalo_l from /Users/sebastien/.cache/models/insightface
2026-07-19 16:34:00,179 face_rec.engine DEBUG Detected 1 face(s)
2026-07-19 16:34:00,190 face_rec.service INFO Indexed output3_0000000698.png (1 face(s))
2026-07-19 16:34:00,552 face_rec.engine DEBUG Detected 1 face(s)
2026-07-19 16:34:00,559 face_rec.service INFO Indexed output3_0000000706.png (1 face(s))
2026-07-19 16:34:00,856 face_rec.engine DEBUG Detected 1 face(s)
2026-07-19 16:34:00,857 face_rec.service INFO Indexed output3_0000000707.png (1 face(s))
2026-07-19 16:34:01,162 face_rec.engine DEBUG Detected 1 face(s)
2026-07-19 16:34:01,163 face_rec.service INFO Indexed output3_0000000708.png (1 face(s))
2026-07-19 16:34:01,473 face_rec.engine DEBUG Detected 1 face(s)
2026-07-19 16:34:01,474 face_rec.service INFO Indexed output3_0000000709.png (1 face(s))
2026-07-19 16:34:01,789 face_rec.engine DEBUG Detected 1 face(s)
2026-07-19 16:34:01,791 face_rec.service INFO Indexed output3_0000000711.png (1 face(s))
2026-07-19 16:34:02,104 face_rec.engine DEBUG Detected 1 face(s)
2026-07-19 16:34:02,106 face_rec.service INFO Indexed output3_0000000712.png (1 face(s))
2026-07-19 16:34:02,404 face_rec.engine DEBUG Detected 1 face(s)
2026-07-19 16:34:02,409 face_rec.service INFO Indexed output3_0000000714.png (1 face(s))
2026-07-19 16:34:02,707 face_rec.engine DEBUG Detected 1 face(s)
2026-07-19 16:34:02,708 face_rec.service INFO Indexed output3_0000000716.png (1 face(s))
2026-07-19 16:34:03,042 face_rec.engine DEBUG Detected 1 face(s)
2026-07-19 16:34:03,044 face_rec.service INFO Indexed output3_0000000717.png (1 face(s))
2026-07-19 16:34:03,350 face_rec.engine DEBUG Detected 1 face(s)
2026-07-19 16:34:03,351 face_rec.service INFO Indexed output3_0000000724.png (1 face(s))
2026-07-19 16:34:03,651 face_rec.engine DEBUG Detected 1 face(s)
2026-07-19 16:34:03,652 face_rec.service INFO Indexed output3_0000000733.png (1 face(s))
2026-07-19 16:34:04,010 face_rec.engine DEBUG Detected 1 face(s)
2026-07-19 16:34:04,012 face_rec.service INFO Indexed output3_0000000744.png (1 face(s))
2026-07-19 16:34:04,319 face_rec.engine DEBUG Detected 1 face(s)
2026-07-19 16:34:04,321 face_rec.service INFO Indexed output3_0000000746.png (1 face(s))
2026-07-19 16:34:04,649 face_rec.engine DEBUG Detected 1 face(s)
2026-07-19 16:34:04,650 face_rec.service INFO Indexed output3_0000000751.png (1 face(s))
2026-07-19 16:34:04,957 face_rec.engine DEBUG Detected 1 face(s)
2026-07-19 16:34:04,961 face_rec.service INFO Indexed output3_0000000760.png (1 face(s))
2026-07-19 16:34:05,261 face_rec.engine DEBUG Detected 1 face(s)
2026-07-19 16:34:05,262 face_rec.service INFO Indexed output3_0000000761.png (1 face(s))
2026-07-19 16:34:05,882 face_rec.engine DEBUG Detected 2 face(s)
2026-07-19 16:34:05,883 face_rec.service INFO Indexed output3_0000000762.png (2 face(s))
2026-07-19 16:34:06,205 face_rec.engine DEBUG Detected 1 face(s)
2026-07-19 16:34:06,206 face_rec.service INFO Indexed output3_0000000763.png (1 face(s))
2026-07-19 16:34:06,488 face_rec.engine DEBUG Detected 1 face(s)
2026-07-19 16:34:06,490 face_rec.service INFO Indexed output3_0000000769.png (1 face(s))
2026-07-19 16:34:06,802 face_rec.engine DEBUG Detected 1 face(s)
2026-07-19 16:34:06,804 face_rec.service INFO Indexed output3_0000000771.png (1 face(s))
2026-07-19 16:34:07,356 face_rec.engine DEBUG Detected 2 face(s)
2026-07-19 16:34:07,358 face_rec.service INFO Indexed output3_0000000772.png (2 face(s))
2026-07-19 16:34:07,715 face_rec.engine DEBUG Detected 1 face(s)
2026-07-19 16:34:07,716 face_rec.service INFO Indexed output3_0000000773.png (1 face(s))
2026-07-19 16:34:08,030 face_rec.engine DEBUG Detected 1 face(s)
2026-07-19 16:34:08,031 face_rec.service INFO Indexed output3_0000000776.png (1 face(s))
2026-07-19 16:58:24,198 face_rec.engine INFO Loading InsightFace model pack buffalo_l from /Users/sebastien/.cache/models/insightface
2026-07-19 16:58:25,075 face_rec.engine DEBUG Detected 1 face(s)
2026-07-19 16:58:25,082 face_rec.service INFO Indexed output3_0000000777.png (1 face(s))
2026-07-19 16:58:25,386 face_rec.engine DEBUG Detected 1 face(s)
2026-07-19 16:58:25,387 face_rec.service INFO Indexed output3_0000000778.png (1 face(s))
2026-07-19 16:58:25,683 face_rec.engine DEBUG Detected 1 face(s)
2026-07-19 16:58:25,684 face_rec.service INFO Indexed output3_0000000779.png (1 face(s))
2026-07-19 16:58:26,180 face_rec.engine DEBUG Detected 2 face(s)
2026-07-19 16:58:26,182 face_rec.service INFO Indexed output3_0000000780.png (2 face(s))
2026-07-19 16:58:26,479 face_rec.engine DEBUG Detected 1 face(s)
2026-07-19 16:58:26,481 face_rec.service INFO Indexed output3_0000000781.png (1 face(s))
2026-07-19 16:58:26,786 face_rec.engine DEBUG Detected 1 face(s)
2026-07-19 16:58:26,787 face_rec.service INFO Indexed output3_0000000782.png (1 face(s))
2026-07-19 16:58:27,107 face_rec.engine DEBUG Detected 1 face(s)
2026-07-19 16:58:27,108 face_rec.service INFO Indexed output3_0000000783.png (1 face(s))
2026-07-19 16:58:27,431 face_rec.engine DEBUG Detected 1 face(s)
2026-07-19 16:58:27,432 face_rec.service INFO Indexed output3_0000000784.png (1 face(s))
2026-07-19 16:58:27,746 face_rec.engine DEBUG Detected 1 face(s)
2026-07-19 16:58:27,747 face_rec.service INFO Indexed output3_0000000785.png (1 face(s))
2026-07-19 16:58:28,042 face_rec.engine DEBUG Detected 1 face(s)
2026-07-19 16:58:28,043 face_rec.service INFO Indexed output3_0000000786.png (1 face(s))
2026-07-19 16:58:28,344 face_rec.engine DEBUG Detected 1 face(s)
2026-07-19 16:58:28,345 face_rec.service INFO Indexed output3_0000000787.png (1 face(s))
2026-07-19 16:58:28,642 face_rec.engine DEBUG Detected 1 face(s)
2026-07-19 16:58:28,643 face_rec.service INFO Indexed output3_0000000788.png (1 face(s))
2026-07-19 16:58:28,955 face_rec.engine DEBUG Detected 1 face(s)
2026-07-19 16:58:28,960 face_rec.service INFO Indexed output3_0000000789.png (1 face(s))
2026-07-19 16:59:43,759 face_rec.engine INFO Loading InsightFace model pack buffalo_l from /Users/sebastien/.cache/models/insightface
2026-07-19 16:59:44,153 face_rec.service WARNING Pruned missing file from database: /Users/sebastien/projects/perso/image-generation/out/output3_0000000779.png
2026-07-19 16:59:44,154 face_rec.service WARNING Pruned missing file from database: /Users/sebastien/projects/perso/image-generation/out/output3_0000000782.png
2026-07-19 16:59:44,154 face_rec.service WARNING Pruned missing file from database: /Users/sebastien/projects/perso/image-generation/out/output3_0000000783.png
2026-07-19 16:59:44,154 face_rec.service WARNING Pruned missing file from database: /Users/sebastien/projects/perso/image-generation/out/output3_0000000787.png
2026-07-19 16:59:44,155 face_rec.service WARNING Pruned missing file from database: /Users/sebastien/projects/perso/image-generation/out/output3_0000000788.png
2026-07-19 16:59:44,737 face_rec.engine DEBUG Detected 1 face(s)
2026-07-19 16:59:44,738 face_rec.service INFO Indexed output3_0000000790.png (1 face(s))
2026-07-19 17:01:44,545 face_rec.engine INFO Loading InsightFace model pack buffalo_l from /Users/sebastien/.cache/models/insightface
2026-07-19 17:01:45,501 face_rec.engine DEBUG Detected 1 face(s)
2026-07-19 17:01:45,513 face_rec.service INFO Indexed output3_0000000791.png (1 face(s))
2026-07-19 17:57:44,866 face_rec.engine INFO Loading InsightFace model pack buffalo_l from /Users/sebastien/.cache/models/insightface
2026-07-19 17:57:45,797 face_rec.engine DEBUG Detected 1 face(s)
2026-07-19 17:57:45,810 face_rec.service INFO Indexed output3_0000000792.png (1 face(s))
2026-07-19 17:57:46,358 face_rec.engine DEBUG Detected 2 face(s)
2026-07-19 17:57:46,360 face_rec.service INFO Indexed output3_0000000793.png (2 face(s))
2026-07-19 17:57:46,674 face_rec.engine DEBUG Detected 1 face(s)
2026-07-19 17:57:46,679 face_rec.service INFO Indexed output3_0000000795.png (1 face(s))
2026-07-19 17:57:47,026 face_rec.engine DEBUG Detected 1 face(s)
2026-07-19 17:57:47,028 face_rec.service INFO Indexed output3_0000000796.png (1 face(s))
2026-07-19 17:57:47,375 face_rec.engine DEBUG Detected 1 face(s)
2026-07-19 17:57:47,376 face_rec.service INFO Indexed output3_0000000797.png (1 face(s))
2026-07-19 17:57:47,699 face_rec.engine DEBUG Detected 1 face(s)
2026-07-19 17:57:47,700 face_rec.service INFO Indexed output3_0000000799.png (1 face(s))
2026-07-19 17:57:48,041 face_rec.engine DEBUG Detected 1 face(s)
2026-07-19 17:57:48,042 face_rec.service INFO Indexed output3_0000000800.png (1 face(s))
2026-07-19 17:57:48,377 face_rec.engine DEBUG Detected 1 face(s)
2026-07-19 17:57:48,378 face_rec.service INFO Indexed output3_0000000801.png (1 face(s))
2026-07-19 17:57:48,710 face_rec.engine DEBUG Detected 1 face(s)
2026-07-19 17:57:48,711 face_rec.service INFO Indexed output3_0000000802.png (1 face(s))
2026-07-19 17:57:49,106 face_rec.engine DEBUG Detected 1 face(s)
2026-07-19 17:57:49,107 face_rec.service INFO Indexed output3_0000000804.png (1 face(s))
2026-07-19 17:57:49,442 face_rec.engine DEBUG Detected 1 face(s)
2026-07-19 17:57:49,443 face_rec.service INFO Indexed output3_0000000807.png (1 face(s))
2026-07-19 17:57:49,799 face_rec.engine DEBUG Detected 1 face(s)
2026-07-19 17:57:49,800 face_rec.service INFO Indexed output3_0000000808.png (1 face(s))
2026-07-19 17:57:50,204 face_rec.engine DEBUG Detected 1 face(s)
2026-07-19 17:57:50,206 face_rec.service INFO Indexed output3_0000000809.png (1 face(s))
2026-07-19 17:57:50,601 face_rec.engine DEBUG Detected 1 face(s)
2026-07-19 17:57:50,602 face_rec.service INFO Indexed output3_0000000810.png (1 face(s))
2026-07-19 17:57:50,975 face_rec.engine DEBUG Detected 1 face(s)
2026-07-19 17:57:50,978 face_rec.service INFO Indexed output3_0000000811.png (1 face(s))
2026-07-19 17:57:51,319 face_rec.engine DEBUG Detected 1 face(s)
2026-07-19 17:57:51,320 face_rec.service INFO Indexed output3_0000000812.png (1 face(s))
2026-07-19 17:57:51,663 face_rec.engine DEBUG Detected 1 face(s)
2026-07-19 17:57:51,666 face_rec.service INFO Indexed output3_0000000813.png (1 face(s))
2026-07-19 17:57:52,050 face_rec.engine DEBUG Detected 1 face(s)
2026-07-19 17:57:52,051 face_rec.service INFO Indexed output3_0000000815.png (1 face(s))
2026-07-19 17:57:52,449 face_rec.engine DEBUG Detected 1 face(s)
2026-07-19 17:57:52,450 face_rec.service INFO Indexed output3_0000000816.png (1 face(s))
2026-07-19 17:57:52,811 face_rec.engine DEBUG Detected 1 face(s)
2026-07-19 17:57:52,812 face_rec.service INFO Indexed output3_0000000817.png (1 face(s))
2026-07-19 17:57:53,182 face_rec.engine DEBUG Detected 1 face(s)
2026-07-19 17:57:53,183 face_rec.service INFO Indexed output3_0000000820.png (1 face(s))
2026-07-19 18:00:24,488 face_rec.engine INFO Loading InsightFace model pack buffalo_l from /Users/sebastien/.cache/models/insightface
2026-07-19 18:00:25,401 face_rec.engine DEBUG Detected 1 face(s)
2026-07-19 18:00:25,408 face_rec.service INFO Indexed output3_0000000821.png (1 face(s))
2026-07-19 18:03:18,698 face_rec.engine INFO Loading InsightFace model pack buffalo_l from /Users/sebastien/.cache/models/insightface
2026-07-19 18:03:19,561 face_rec.engine DEBUG Detected 1 face(s)
2026-07-19 18:03:19,574 face_rec.service INFO Indexed output3_0000000822.png (1 face(s))
2026-07-19 18:03:19,886 face_rec.engine DEBUG Detected 1 face(s)
2026-07-19 18:03:19,887 face_rec.service INFO Indexed output3_0000000823.png (1 face(s))
2026-07-19 19:44:15,202 face_rec.engine INFO Loading InsightFace model pack buffalo_l from /Users/sebastien/.cache/models/insightface
2026-07-19 19:44:15,552 face_rec.service WARNING Pruned missing file from database: /Users/sebastien/projects/perso/image-generation/out/output3_0000000810.png
2026-07-19 19:44:15,554 face_rec.service WARNING Pruned missing file from database: /Users/sebastien/projects/perso/image-generation/out/output3_0000000811.png
2026-07-19 19:44:15,554 face_rec.service WARNING Pruned missing file from database: /Users/sebastien/projects/perso/image-generation/out/output3_0000000816.png
2026-07-19 19:44:15,554 face_rec.service WARNING Pruned missing file from database: /Users/sebastien/projects/perso/image-generation/out/output3_0000000817.png
2026-07-19 19:44:15,554 face_rec.service WARNING Pruned missing file from database: /Users/sebastien/projects/perso/image-generation/out/output3_0000000822.png
2026-07-19 19:44:16,201 face_rec.engine DEBUG Detected 1 face(s)
2026-07-19 19:44:16,202 face_rec.service INFO Indexed output3_0000000824.png (1 face(s))
2026-07-19 19:44:16,492 face_rec.engine DEBUG Detected 1 face(s)
2026-07-19 19:44:16,495 face_rec.service INFO Indexed output3_0000000825.png (1 face(s))
2026-07-19 19:44:16,835 face_rec.engine DEBUG Detected 1 face(s)
2026-07-19 19:44:16,849 face_rec.service INFO Indexed output3_0000000826.png (1 face(s))
2026-07-19 19:44:17,166 face_rec.engine DEBUG Detected 1 face(s)
2026-07-19 19:44:17,167 face_rec.service INFO Indexed output3_0000000832.png (1 face(s))
2026-07-19 19:44:17,452 face_rec.engine DEBUG Detected 1 face(s)
2026-07-19 19:44:17,454 face_rec.service INFO Indexed output3_0000000835.png (1 face(s))
2026-07-19 19:44:17,726 face_rec.engine DEBUG Detected 1 face(s)
2026-07-19 19:44:17,728 face_rec.service INFO Indexed output3_0000000837.png (1 face(s))
2026-07-19 19:44:18,729 face_rec.engine DEBUG Detected 1 face(s)
2026-07-19 19:44:18,749 face_rec.service INFO Indexed output3_0000000838.png (1 face(s))
2026-07-19 19:44:19,472 face_rec.engine DEBUG Detected 1 face(s)
2026-07-19 19:44:19,477 face_rec.service INFO Indexed output3_0000000840.png (1 face(s))
2026-07-19 19:44:19,986 face_rec.engine DEBUG Detected 1 face(s)
2026-07-19 19:44:19,987 face_rec.service INFO Indexed output3_0000000841.png (1 face(s))
2026-07-19 19:44:20,359 face_rec.engine DEBUG Detected 1 face(s)
2026-07-19 19:44:20,360 face_rec.service INFO Indexed output3_0000000842.png (1 face(s))
2026-07-19 19:44:20,672 face_rec.engine DEBUG Detected 1 face(s)
2026-07-19 19:44:20,673 face_rec.service INFO Indexed output3_0000000843.png (1 face(s))
2026-07-19 19:44:20,961 face_rec.engine DEBUG Detected 1 face(s)
2026-07-19 19:44:20,963 face_rec.service INFO Indexed output3_0000000844.png (1 face(s))
2026-07-19 19:44:21,285 face_rec.engine DEBUG Detected 1 face(s)
2026-07-19 19:44:21,286 face_rec.service INFO Indexed output3_0000000846.png (1 face(s))
2026-07-19 19:44:21,623 face_rec.engine DEBUG Detected 1 face(s)
2026-07-19 19:44:21,624 face_rec.service INFO Indexed output3_0000000847.png (1 face(s))
2026-07-19 19:44:21,902 face_rec.engine DEBUG Detected 1 face(s)
2026-07-19 19:44:21,903 face_rec.service INFO Indexed output3_0000000848.png (1 face(s))
2026-07-19 19:44:22,231 face_rec.engine DEBUG Detected 1 face(s)
2026-07-19 19:44:22,233 face_rec.service INFO Indexed output3_0000000850.png (1 face(s))
2026-07-19 19:44:22,591 face_rec.engine DEBUG Detected 1 face(s)
2026-07-19 19:44:22,592 face_rec.service INFO Indexed output3_0000000851.png (1 face(s))
2026-07-19 19:44:22,915 face_rec.engine DEBUG Detected 1 face(s)
2026-07-19 19:44:22,917 face_rec.service INFO Indexed output3_0000000853.png (1 face(s))
2026-07-19 19:44:23,229 face_rec.engine DEBUG Detected 1 face(s)
2026-07-19 19:44:23,230 face_rec.service INFO Indexed output3_0000000854.png (1 face(s))
2026-07-19 19:44:23,557 face_rec.engine DEBUG Detected 1 face(s)
2026-07-19 19:44:23,558 face_rec.service INFO Indexed output3_0000000855.png (1 face(s))
2026-07-19 19:44:23,873 face_rec.engine DEBUG Detected 1 face(s)
2026-07-19 19:44:23,875 face_rec.service INFO Indexed output3_0000000857.png (1 face(s))
2026-07-19 19:44:24,189 face_rec.engine DEBUG Detected 1 face(s)
2026-07-19 19:44:24,190 face_rec.service INFO Indexed output3_0000000860.png (1 face(s))
2026-07-19 19:44:24,496 face_rec.engine DEBUG Detected 1 face(s)
2026-07-19 19:44:24,497 face_rec.service INFO Indexed output3_0000000861.png (1 face(s))
2026-07-19 19:44:24,832 face_rec.engine DEBUG Detected 1 face(s)
2026-07-19 19:44:24,833 face_rec.service INFO Indexed output3_0000000862.png (1 face(s))
2026-07-19 19:44:25,151 face_rec.engine DEBUG Detected 1 face(s)
2026-07-19 19:44:25,153 face_rec.service INFO Indexed output3_0000000863.png (1 face(s))
2026-07-19 19:44:25,468 face_rec.engine DEBUG Detected 1 face(s)
2026-07-19 19:44:25,469 face_rec.service INFO Indexed output3_0000000869.png (1 face(s))
2026-07-19 19:44:25,783 face_rec.engine DEBUG Detected 1 face(s)
2026-07-19 19:44:25,785 face_rec.service INFO Indexed output3_0000000870.png (1 face(s))
2026-07-19 19:44:26,128 face_rec.engine DEBUG Detected 1 face(s)
2026-07-19 19:44:26,129 face_rec.service INFO Indexed output3_0000000871.png (1 face(s))
2026-07-19 19:44:26,437 face_rec.engine DEBUG Detected 1 face(s)
2026-07-19 19:44:26,438 face_rec.service INFO Indexed output3_0000000874.png (1 face(s))
2026-07-19 20:23:17,858 face_rec.engine INFO Loading InsightFace model pack buffalo_l from /Users/sebastien/.cache/models/insightface
2026-07-19 20:23:19,143 face_rec.engine DEBUG Detected 1 face(s)
2026-07-19 20:23:19,152 face_rec.service INFO Indexed output3_0000000875.png (1 face(s))
2026-07-19 20:23:19,510 face_rec.engine DEBUG Detected 1 face(s)
2026-07-19 20:23:19,512 face_rec.service INFO Indexed output3_0000000876.png (1 face(s))
2026-07-19 20:23:19,839 face_rec.engine DEBUG Detected 1 face(s)
2026-07-19 20:23:19,840 face_rec.service INFO Indexed output3_0000000877.png (1 face(s))
2026-07-19 20:23:20,178 face_rec.engine DEBUG Detected 1 face(s)
2026-07-19 20:23:20,179 face_rec.service INFO Indexed output3_0000000880.png (1 face(s))
2026-07-19 20:23:20,499 face_rec.engine DEBUG Detected 1 face(s)
2026-07-19 20:23:20,501 face_rec.service INFO Indexed output3_0000000882.png (1 face(s))
2026-07-19 20:23:20,863 face_rec.engine DEBUG Detected 1 face(s)
2026-07-19 20:23:20,865 face_rec.service INFO Indexed output3_0000000883.png (1 face(s))
2026-07-19 20:23:21,182 face_rec.engine DEBUG Detected 1 face(s)
2026-07-19 20:23:21,184 face_rec.service INFO Indexed output3_0000000884.png (1 face(s))
2026-07-19 20:23:21,524 face_rec.engine DEBUG Detected 1 face(s)
2026-07-19 20:23:21,525 face_rec.service INFO Indexed output3_0000000885.png (1 face(s))
2026-07-19 20:23:21,875 face_rec.engine DEBUG Detected 1 face(s)
2026-07-19 20:23:21,876 face_rec.service INFO Indexed output3_0000000886.png (1 face(s))
2026-07-19 20:23:22,219 face_rec.engine DEBUG Detected 1 face(s)
2026-07-19 20:23:22,220 face_rec.service INFO Indexed output3_0000000887.png (1 face(s))
2026-07-19 20:23:22,565 face_rec.engine DEBUG Detected 1 face(s)
2026-07-19 20:23:22,566 face_rec.service INFO Indexed output3_0000000889.png (1 face(s))
2026-07-19 20:23:22,933 face_rec.engine DEBUG Detected 1 face(s)
2026-07-19 20:23:22,933 face_rec.service INFO Indexed output3_0000000890.png (1 face(s))
2026-07-19 20:23:23,283 face_rec.engine DEBUG Detected 1 face(s)
2026-07-19 20:23:23,284 face_rec.service INFO Indexed output3_0000000892.png (1 face(s))
2026-07-19 20:23:23,636 face_rec.engine DEBUG Detected 1 face(s)
2026-07-19 20:23:23,637 face_rec.service INFO Indexed output3_0000000893.png (1 face(s))
2026-07-19 20:23:24,029 face_rec.engine DEBUG Detected 1 face(s)
2026-07-19 20:23:24,030 face_rec.service INFO Indexed output3_0000000894.png (1 face(s))
2026-07-19 20:29:40,639 face_rec.engine INFO Loading InsightFace model pack buffalo_l from /Users/sebastien/.cache/models/insightface
2026-07-19 20:29:41,698 face_rec.engine DEBUG Detected 1 face(s)
2026-07-19 20:29:41,705 face_rec.service INFO Indexed output3_0000000897.png (1 face(s))
2026-07-19 20:50:13,368 face_rec.engine INFO Loading InsightFace model pack buffalo_l from /Users/sebastien/.cache/models/insightface
2026-07-19 20:50:14,650 face_rec.engine DEBUG Detected 1 face(s)
2026-07-19 20:50:14,658 face_rec.service INFO Indexed output3_0000000898.png (1 face(s))
2026-07-19 20:50:15,123 face_rec.engine DEBUG Detected 1 face(s)
2026-07-19 20:50:15,124 face_rec.service INFO Indexed output3_0000000902.png (1 face(s))
2026-07-19 20:50:15,498 face_rec.engine DEBUG Detected 1 face(s)
2026-07-19 20:50:15,499 face_rec.service INFO Indexed output3_0000000903.png (1 face(s))
2026-07-19 20:50:15,927 face_rec.engine DEBUG Detected 1 face(s)
2026-07-19 20:50:15,930 face_rec.service INFO Indexed output3_0000000905.png (1 face(s))
2026-07-19 20:50:16,369 face_rec.engine DEBUG Detected 1 face(s)
2026-07-19 20:50:16,371 face_rec.service INFO Indexed output3_0000000907.png (1 face(s))
2026-07-19 20:50:16,787 face_rec.engine DEBUG Detected 1 face(s)
2026-07-19 20:50:16,788 face_rec.service INFO Indexed output3_0000000908.png (1 face(s))
2026-07-19 20:53:04,544 face_rec.engine INFO Loading InsightFace model pack buffalo_l from /Users/sebastien/.cache/models/insightface
2026-07-19 20:53:06,553 face_rec.service WARNING Pruned missing file from database: /Users/sebastien/projects/perso/image-generation/out/output3_0000000908.png
2026-07-19 20:53:08,737 face_rec.engine DEBUG Detected 1 face(s)
2026-07-19 20:53:08,741 face_rec.service INFO Indexed output3_0000000909.png (1 face(s))
2026-07-19 20:58:10,318 face_rec.engine INFO Loading InsightFace model pack buffalo_l from /Users/sebastien/.cache/models/insightface
2026-07-19 20:58:11,602 face_rec.engine DEBUG Detected 1 face(s)
2026-07-19 20:58:11,610 face_rec.service INFO Indexed output3_0000000911.png (1 face(s))
2026-07-19 20:58:12,092 face_rec.engine DEBUG Detected 1 face(s)
2026-07-19 20:58:12,093 face_rec.service INFO Indexed output3_0000000912.png (1 face(s))
2026-07-19 21:16:55,727 face_rec.engine INFO Loading InsightFace model pack buffalo_l from /Users/sebastien/.cache/models/insightface
2026-07-19 21:16:57,239 face_rec.engine DEBUG Detected 1 face(s)
2026-07-19 21:16:57,248 face_rec.service INFO Indexed output3_0000000913.png (1 face(s))
2026-07-19 21:16:57,675 face_rec.engine DEBUG Detected 1 face(s)
2026-07-19 21:16:57,677 face_rec.service INFO Indexed output3_0000000914.png (1 face(s))
2026-07-19 21:16:58,133 face_rec.engine DEBUG Detected 1 face(s)
2026-07-19 21:16:58,134 face_rec.service INFO Indexed output3_0000000915.png (1 face(s))
2026-07-19 21:16:58,482 face_rec.engine DEBUG Detected 1 face(s)
2026-07-19 21:16:58,484 face_rec.service INFO Indexed output3_0000000916.png (1 face(s))
2026-07-19 21:16:58,933 face_rec.engine DEBUG Detected 1 face(s)
2026-07-19 21:16:58,935 face_rec.service INFO Indexed output3_0000000918.png (1 face(s))
2026-07-19 21:16:59,507 face_rec.engine DEBUG Detected 1 face(s)
2026-07-19 21:16:59,508 face_rec.service INFO Indexed output3_0000000919.png (1 face(s))
2026-07-19 21:16:59,920 face_rec.engine DEBUG Detected 1 face(s)
2026-07-19 21:16:59,922 face_rec.service INFO Indexed output3_0000000920.png (1 face(s))
2026-07-19 21:17:00,435 face_rec.engine DEBUG Detected 1 face(s)
2026-07-19 21:17:00,437 face_rec.service INFO Indexed output3_0000000921.png (1 face(s))
2026-07-19 21:27:56,453 face_rec.engine INFO Loading InsightFace model pack buffalo_l from /Users/sebastien/.cache/models/insightface
2026-07-19 21:27:56,847 face_rec.service WARNING Pruned missing file from database: /Users/sebastien/projects/perso/image-generation/out/output3_0000000919.png
2026-07-19 21:27:56,848 face_rec.service WARNING Pruned missing file from database: /Users/sebastien/projects/perso/image-generation/out/output3_0000000920.png
2026-07-19 21:27:57,575 face_rec.engine DEBUG Detected 1 face(s)
2026-07-19 21:27:57,576 face_rec.service INFO Indexed output3_0000000923.png (1 face(s))
2026-07-19 21:27:57,915 face_rec.engine DEBUG Detected 1 face(s)
2026-07-19 21:27:57,917 face_rec.service INFO Indexed output3_0000000924.png (1 face(s))
2026-07-19 21:27:58,242 face_rec.engine DEBUG Detected 1 face(s)
2026-07-19 21:27:58,243 face_rec.service INFO Indexed output3_0000000925.png (1 face(s))
2026-07-19 21:27:58,612 face_rec.engine DEBUG Detected 1 face(s)
2026-07-19 21:27:58,614 face_rec.service INFO Indexed output3_0000000926.png (1 face(s))
2026-07-19 21:27:58,954 face_rec.engine DEBUG Detected 1 face(s)
2026-07-19 21:27:58,955 face_rec.service INFO Indexed output3_0000000927.png (1 face(s))
2026-07-19 21:28:49,213 face_rec.engine INFO Loading InsightFace model pack buffalo_l from /Users/sebastien/.cache/models/insightface
2026-07-19 21:28:49,614 face_rec.service WARNING Pruned missing file from database: /Users/sebastien/projects/perso/image-generation/out/output3_0000000924.png
2026-07-19 21:28:49,616 face_rec.service WARNING Pruned missing file from database: /Users/sebastien/projects/perso/image-generation/out/output3_0000000925.png
2026-07-19 21:28:49,616 face_rec.service WARNING Pruned missing file from database: /Users/sebastien/projects/perso/image-generation/out/output3_0000000927.png
2026-07-19 21:39:34,696 face_rec.engine INFO Loading InsightFace model pack buffalo_l from /Users/sebastien/.cache/models/insightface
2026-07-19 21:39:35,799 face_rec.engine DEBUG Detected 1 face(s)
2026-07-19 21:39:35,809 face_rec.service INFO Indexed output3_0000000928.png (1 face(s))
2026-07-19 21:39:36,170 face_rec.engine DEBUG Detected 1 face(s)
2026-07-19 21:39:36,171 face_rec.service INFO Indexed output3_0000000933.png (1 face(s))
2026-07-20 05:44:26,259 face_rec.engine INFO Loading InsightFace model pack buffalo_l from /Users/sebastien/.cache/models/insightface
2026-07-20 05:44:27,156 face_rec.engine DEBUG Detected 1 face(s)
2026-07-20 05:44:27,163 face_rec.service INFO Indexed output3_0000000934.png (1 face(s))
2026-07-20 05:44:27,403 face_rec.engine DEBUG Detected 1 face(s)
2026-07-20 05:44:27,404 face_rec.service INFO Indexed output3_0000000935.png (1 face(s))
2026-07-20 05:44:27,630 face_rec.engine DEBUG Detected 1 face(s)
2026-07-20 05:44:27,631 face_rec.service INFO Indexed output3_0000000936.png (1 face(s))
2026-07-20 05:44:27,858 face_rec.engine DEBUG Detected 1 face(s)
2026-07-20 05:44:27,859 face_rec.service INFO Indexed output3_0000000937.png (1 face(s))
2026-07-20 05:44:28,093 face_rec.engine DEBUG Detected 1 face(s)
2026-07-20 05:44:28,094 face_rec.service INFO Indexed output3_0000000938.png (1 face(s))
2026-07-20 05:44:28,331 face_rec.engine DEBUG Detected 1 face(s)
2026-07-20 05:44:28,335 face_rec.service INFO Indexed output3_0000000939.png (1 face(s))
2026-07-20 05:44:28,554 face_rec.engine DEBUG Detected 1 face(s)
2026-07-20 05:44:28,555 face_rec.service INFO Indexed output3_0000000940.png (1 face(s))
2026-07-20 05:44:28,764 face_rec.engine DEBUG Detected 1 face(s)
2026-07-20 05:44:28,765 face_rec.service INFO Indexed output3_0000000941.png (1 face(s))
2026-07-20 05:44:28,973 face_rec.engine DEBUG Detected 1 face(s)
2026-07-20 05:44:28,973 face_rec.service INFO Indexed output3_0000000942.png (1 face(s))
2026-07-20 05:44:29,195 face_rec.engine DEBUG Detected 1 face(s)
2026-07-20 05:44:29,199 face_rec.service INFO Indexed output3_0000000943.png (1 face(s))
2026-07-20 05:44:29,430 face_rec.engine DEBUG Detected 1 face(s)
2026-07-20 05:44:29,434 face_rec.service INFO Indexed output3_0000000944.png (1 face(s))
2026-07-20 05:44:29,657 face_rec.engine DEBUG Detected 1 face(s)
2026-07-20 05:44:29,658 face_rec.service INFO Indexed output3_0000000945.png (1 face(s))
2026-07-20 05:44:29,877 face_rec.engine DEBUG Detected 1 face(s)
2026-07-20 05:44:29,881 face_rec.service INFO Indexed output3_0000000946.png (1 face(s))
2026-07-20 05:44:30,102 face_rec.engine DEBUG Detected 1 face(s)
2026-07-20 05:44:30,103 face_rec.service INFO Indexed output3_0000000947.png (1 face(s))
2026-07-20 05:44:30,316 face_rec.engine DEBUG Detected 1 face(s)
2026-07-20 05:44:30,317 face_rec.service INFO Indexed output3_0000000948.png (1 face(s))
2026-07-20 05:44:30,562 face_rec.engine DEBUG Detected 1 face(s)
2026-07-20 05:44:30,563 face_rec.service INFO Indexed output3_0000000949.png (1 face(s))
2026-07-20 05:44:30,784 face_rec.engine DEBUG Detected 1 face(s)
2026-07-20 05:44:30,785 face_rec.service INFO Indexed output3_0000000951.png (1 face(s))
2026-07-20 05:44:31,000 face_rec.engine DEBUG Detected 1 face(s)
2026-07-20 05:44:31,001 face_rec.service INFO Indexed output3_0000000953.png (1 face(s))
2026-07-20 05:44:31,216 face_rec.engine DEBUG Detected 1 face(s)
2026-07-20 05:44:31,217 face_rec.service INFO Indexed output3_0000000954.png (1 face(s))
2026-07-20 05:44:31,423 face_rec.engine DEBUG Detected 1 face(s)
2026-07-20 05:44:31,424 face_rec.service INFO Indexed output3_0000000955.png (1 face(s))
2026-07-20 05:44:31,653 face_rec.engine DEBUG Detected 1 face(s)
2026-07-20 05:44:31,654 face_rec.service INFO Indexed output3_0000000956.png (1 face(s))
2026-07-20 05:44:31,863 face_rec.engine DEBUG Detected 1 face(s)
2026-07-20 05:44:31,864 face_rec.service INFO Indexed output3_0000000957.png (1 face(s))
2026-07-20 05:44:32,079 face_rec.engine DEBUG Detected 1 face(s)
2026-07-20 05:44:32,080 face_rec.service INFO Indexed output3_0000000958.png (1 face(s))
2026-07-20 05:44:32,298 face_rec.engine DEBUG Detected 1 face(s)
2026-07-20 05:44:32,302 face_rec.service INFO Indexed output3_0000000959.png (1 face(s))
2026-07-20 05:44:32,516 face_rec.engine DEBUG Detected 1 face(s)
2026-07-20 05:44:32,516 face_rec.service INFO Indexed output3_0000000960.png (1 face(s))
2026-07-20 05:44:32,738 face_rec.engine DEBUG Detected 1 face(s)
2026-07-20 05:44:32,739 face_rec.service INFO Indexed output3_0000000961.png (1 face(s))
2026-07-20 05:44:32,951 face_rec.engine DEBUG Detected 1 face(s)
2026-07-20 05:44:32,951 face_rec.service INFO Indexed output3_0000000962.png (1 face(s))
2026-07-20 05:44:33,177 face_rec.engine DEBUG Detected 1 face(s)
2026-07-20 05:44:33,177 face_rec.service INFO Indexed output3_0000000963.png (1 face(s))
2026-07-20 05:44:33,390 face_rec.engine DEBUG Detected 1 face(s)
2026-07-20 05:44:33,390 face_rec.service INFO Indexed output3_0000000964.png (1 face(s))
2026-07-20 05:44:33,614 face_rec.engine DEBUG Detected 1 face(s)
2026-07-20 05:44:33,615 face_rec.service INFO Indexed output3_0000000965.png (1 face(s))
2026-07-20 05:44:33,827 face_rec.engine DEBUG Detected 1 face(s)
2026-07-20 05:44:33,828 face_rec.service INFO Indexed output3_0000000967.png (1 face(s))
2026-07-20 05:44:34,043 face_rec.engine DEBUG Detected 1 face(s)
2026-07-20 05:44:34,044 face_rec.service INFO Indexed output3_0000000968.png (1 face(s))
2026-07-20 05:44:34,254 face_rec.engine DEBUG Detected 1 face(s)
2026-07-20 05:44:34,254 face_rec.service INFO Indexed output3_0000000969.png (1 face(s))
2026-07-20 05:44:34,471 face_rec.engine DEBUG Detected 1 face(s)
2026-07-20 05:44:34,471 face_rec.service INFO Indexed output3_0000000970.png (1 face(s))
2026-07-20 05:44:34,683 face_rec.engine DEBUG Detected 1 face(s)
2026-07-20 05:44:34,684 face_rec.service INFO Indexed output3_0000000971.png (1 face(s))
2026-07-20 05:44:34,899 face_rec.engine DEBUG Detected 1 face(s)
2026-07-20 05:44:34,900 face_rec.service INFO Indexed output3_0000000972.png (1 face(s))
2026-07-20 05:44:35,107 face_rec.engine DEBUG Detected 1 face(s)
2026-07-20 05:44:35,108 face_rec.service INFO Indexed output3_0000000973.png (1 face(s))
2026-07-20 05:44:35,318 face_rec.engine DEBUG Detected 1 face(s)
2026-07-20 05:44:35,319 face_rec.service INFO Indexed output3_0000000974.png (1 face(s))
2026-07-20 05:44:35,534 face_rec.engine DEBUG Detected 1 face(s)
2026-07-20 05:44:35,534 face_rec.service INFO Indexed output3_0000000975.png (1 face(s))
2026-07-20 05:44:35,748 face_rec.engine DEBUG Detected 1 face(s)
2026-07-20 05:44:35,751 face_rec.service INFO Indexed output3_0000000976.png (1 face(s))
2026-07-20 05:44:35,965 face_rec.engine DEBUG Detected 1 face(s)
2026-07-20 05:44:35,966 face_rec.service INFO Indexed output3_0000000977.png (1 face(s))
2026-07-20 05:44:36,178 face_rec.engine DEBUG Detected 1 face(s)
2026-07-20 05:44:36,182 face_rec.service INFO Indexed output3_0000000978.png (1 face(s))
2026-07-20 05:44:36,389 face_rec.engine DEBUG Detected 1 face(s)
2026-07-20 05:44:36,389 face_rec.service INFO Indexed output3_0000000979.png (1 face(s))
2026-07-20 05:44:36,607 face_rec.engine DEBUG Detected 1 face(s)
2026-07-20 05:44:36,607 face_rec.service INFO Indexed output3_0000000980.png (1 face(s))
2026-07-20 05:44:36,821 face_rec.engine DEBUG Detected 1 face(s)
2026-07-20 05:44:36,822 face_rec.service INFO Indexed output3_0000000981.png (1 face(s))
2026-07-20 05:44:37,038 face_rec.engine DEBUG Detected 1 face(s)
2026-07-20 05:44:37,042 face_rec.service INFO Indexed output3_0000000982.png (1 face(s))
2026-07-20 05:44:37,264 face_rec.engine DEBUG Detected 1 face(s)
2026-07-20 05:44:37,264 face_rec.service INFO Indexed output3_0000000983.png (1 face(s))
2026-07-20 05:44:37,467 face_rec.engine DEBUG Detected 1 face(s)
2026-07-20 05:44:37,471 face_rec.service INFO Indexed output3_0000000984.png (1 face(s))
2026-07-20 05:44:37,688 face_rec.engine DEBUG Detected 1 face(s)
2026-07-20 05:44:37,688 face_rec.service INFO Indexed output3_0000000985.png (1 face(s))
2026-07-20 05:44:37,910 face_rec.engine DEBUG Detected 1 face(s)
2026-07-20 05:44:37,911 face_rec.service INFO Indexed output3_0000000986.png (1 face(s))
2026-07-20 05:44:38,137 face_rec.engine DEBUG Detected 1 face(s)
2026-07-20 05:44:38,138 face_rec.service INFO Indexed output3_0000000987.png (1 face(s))
2026-07-20 05:44:38,345 face_rec.engine DEBUG Detected 1 face(s)
2026-07-20 05:44:38,345 face_rec.service INFO Indexed output3_0000000988.png (1 face(s))
2026-07-20 05:44:38,571 face_rec.engine DEBUG Detected 1 face(s)
2026-07-20 05:44:38,572 face_rec.service INFO Indexed output3_0000000989.png (1 face(s))
2026-07-20 05:44:38,799 face_rec.engine DEBUG Detected 1 face(s)
2026-07-20 05:44:38,800 face_rec.service INFO Indexed output3_0000000990.png (1 face(s))
2026-07-20 05:44:39,005 face_rec.engine DEBUG Detected 1 face(s)
2026-07-20 05:44:39,005 face_rec.service INFO Indexed output3_0000000991.png (1 face(s))
2026-07-20 05:44:39,230 face_rec.engine DEBUG Detected 1 face(s)
2026-07-20 05:44:39,235 face_rec.service INFO Indexed output3_0000000992.png (1 face(s))
2026-07-20 05:44:39,451 face_rec.engine DEBUG Detected 1 face(s)
2026-07-20 05:44:39,452 face_rec.service INFO Indexed output3_0000000993.png (1 face(s))
2026-07-20 05:44:39,669 face_rec.engine DEBUG Detected 1 face(s)
2026-07-20 05:44:39,670 face_rec.service INFO Indexed output3_0000000994.png (1 face(s))
2026-07-20 05:44:39,891 face_rec.engine DEBUG Detected 1 face(s)
2026-07-20 05:44:39,892 face_rec.service INFO Indexed output3_0000000996.png (1 face(s))
2026-07-20 05:44:40,110 face_rec.engine DEBUG Detected 1 face(s)
2026-07-20 05:44:40,111 face_rec.service INFO Indexed output3_0000000997.png (1 face(s))
2026-07-20 05:44:40,332 face_rec.engine DEBUG Detected 1 face(s)
2026-07-20 05:44:40,333 face_rec.service INFO Indexed output3_0000000999.png (1 face(s))
2026-07-20 05:44:40,560 face_rec.engine DEBUG Detected 1 face(s)
2026-07-20 05:44:40,561 face_rec.service INFO Indexed output3_0000001000.png (1 face(s))
2026-07-20 05:44:40,785 face_rec.engine DEBUG Detected 1 face(s)
2026-07-20 05:44:40,786 face_rec.service INFO Indexed output3_0000001002.png (1 face(s))
2026-07-20 05:44:40,996 face_rec.engine DEBUG Detected 1 face(s)
2026-07-20 05:44:40,999 face_rec.service INFO Indexed output3_0000001003.png (1 face(s))
2026-07-20 05:44:41,216 face_rec.engine DEBUG Detected 1 face(s)
2026-07-20 05:44:41,217 face_rec.service INFO Indexed output3_0000001004.png (1 face(s))
2026-07-20 05:44:41,437 face_rec.engine DEBUG Detected 1 face(s)
2026-07-20 05:44:41,438 face_rec.service INFO Indexed output3_0000001006.png (1 face(s))
2026-07-20 05:44:41,656 face_rec.engine DEBUG Detected 1 face(s)
2026-07-20 05:44:41,656 face_rec.service INFO Indexed output3_0000001007.png (1 face(s))
2026-07-20 05:44:41,868 face_rec.engine DEBUG Detected 1 face(s)
2026-07-20 05:44:41,869 face_rec.service INFO Indexed output3_0000001008.png (1 face(s))
2026-07-20 05:44:42,083 face_rec.engine DEBUG Detected 1 face(s)
2026-07-20 05:44:42,084 face_rec.service INFO Indexed output3_0000001009.png (1 face(s))
2026-07-20 05:44:42,298 face_rec.engine DEBUG Detected 1 face(s)
2026-07-20 05:44:42,299 face_rec.service INFO Indexed output3_0000001010.png (1 face(s))
2026-07-20 05:44:42,520 face_rec.engine DEBUG Detected 1 face(s)
2026-07-20 05:44:42,521 face_rec.service INFO Indexed output3_0000001011.png (1 face(s))
2026-07-20 05:44:42,737 face_rec.engine DEBUG Detected 1 face(s)
2026-07-20 05:44:42,744 face_rec.service INFO Indexed output3_0000001012.png (1 face(s))
2026-07-20 05:44:42,954 face_rec.engine DEBUG Detected 1 face(s)
2026-07-20 05:44:42,955 face_rec.service INFO Indexed output3_0000001013.png (1 face(s))
2026-07-20 05:44:43,180 face_rec.engine DEBUG Detected 1 face(s)
2026-07-20 05:44:43,184 face_rec.service INFO Indexed output3_0000001014.png (1 face(s))
2026-07-20 05:44:43,410 face_rec.engine DEBUG Detected 1 face(s)
2026-07-20 05:44:43,411 face_rec.service INFO Indexed output3_0000001015.png (1 face(s))
2026-07-20 05:44:43,626 face_rec.engine DEBUG Detected 1 face(s)
2026-07-20 05:44:43,627 face_rec.service INFO Indexed output3_0000001016.png (1 face(s))
2026-07-20 05:44:43,862 face_rec.engine DEBUG Detected 1 face(s)
2026-07-20 05:44:43,863 face_rec.service INFO Indexed output3_0000001017.png (1 face(s))
2026-07-20 05:44:44,085 face_rec.engine DEBUG Detected 1 face(s)
2026-07-20 05:44:44,086 face_rec.service INFO Indexed output3_0000001018.png (1 face(s))
2026-07-20 05:44:44,304 face_rec.engine DEBUG Detected 1 face(s)
2026-07-20 05:44:44,305 face_rec.service INFO Indexed output3_0000001019.png (1 face(s))
2026-07-20 05:44:44,548 face_rec.engine DEBUG Detected 1 face(s)
2026-07-20 05:44:44,549 face_rec.service INFO Indexed output3_0000001020.png (1 face(s))
2026-07-20 05:44:44,765 face_rec.engine DEBUG Detected 1 face(s)
2026-07-20 05:44:44,766 face_rec.service INFO Indexed output3_0000001021.png (1 face(s))
2026-07-20 05:44:45,000 face_rec.engine DEBUG Detected 1 face(s)
2026-07-20 05:44:45,004 face_rec.service INFO Indexed output3_0000001022.png (1 face(s))
2026-07-20 05:44:45,218 face_rec.engine DEBUG Detected 1 face(s)
2026-07-20 05:44:45,219 face_rec.service INFO Indexed output3_0000001024.png (1 face(s))
2026-07-20 05:44:45,433 face_rec.engine DEBUG Detected 1 face(s)
2026-07-20 05:44:45,433 face_rec.service INFO Indexed output3_0000001025.png (1 face(s))
2026-07-20 05:44:45,649 face_rec.engine DEBUG Detected 1 face(s)
2026-07-20 05:44:45,650 face_rec.service INFO Indexed output3_0000001026.png (1 face(s))
2026-07-20 05:44:45,880 face_rec.engine DEBUG Detected 1 face(s)
2026-07-20 05:44:45,881 face_rec.service INFO Indexed output3_0000001027.png (1 face(s))
2026-07-20 05:44:46,102 face_rec.engine DEBUG Detected 1 face(s)
2026-07-20 05:44:46,103 face_rec.service INFO Indexed output3_0000001028.png (1 face(s))
2026-07-20 05:44:46,328 face_rec.engine DEBUG Detected 1 face(s)
2026-07-20 05:44:46,329 face_rec.service INFO Indexed output3_0000001029.png (1 face(s))
2026-07-20 05:44:46,553 face_rec.engine DEBUG Detected 1 face(s)
2026-07-20 05:44:46,558 face_rec.service INFO Indexed output3_0000001030.png (1 face(s))
2026-07-20 05:44:46,787 face_rec.engine DEBUG Detected 1 face(s)
2026-07-20 05:44:46,788 face_rec.service INFO Indexed output3_0000001031.png (1 face(s))
2026-07-20 05:44:47,150 face_rec.engine DEBUG Detected 2 face(s)
2026-07-20 05:44:47,151 face_rec.service INFO Indexed output3_0000001032.png (2 face(s))
2026-07-20 05:44:47,364 face_rec.engine DEBUG Detected 1 face(s)
2026-07-20 05:44:47,365 face_rec.service INFO Indexed output3_0000001033.png (1 face(s))
2026-07-20 05:44:47,581 face_rec.engine DEBUG Detected 1 face(s)
2026-07-20 05:44:47,582 face_rec.service INFO Indexed output3_0000001035.png (1 face(s))
2026-07-20 05:44:47,801 face_rec.engine DEBUG Detected 1 face(s)
2026-07-20 05:44:47,801 face_rec.service INFO Indexed output3_0000001036.png (1 face(s))
2026-07-20 05:44:48,020 face_rec.engine DEBUG Detected 1 face(s)
2026-07-20 05:44:48,024 face_rec.service INFO Indexed output3_0000001037.png (1 face(s))
2026-07-20 05:44:48,247 face_rec.engine DEBUG Detected 1 face(s)
2026-07-20 05:44:48,248 face_rec.service INFO Indexed output3_0000001038.png (1 face(s))
2026-07-20 05:44:48,461 face_rec.engine DEBUG Detected 1 face(s)
2026-07-20 05:44:48,464 face_rec.service INFO Indexed output3_0000001039.png (1 face(s))
2026-07-20 05:44:48,687 face_rec.engine DEBUG Detected 1 face(s)
2026-07-20 05:44:48,688 face_rec.service INFO Indexed output3_0000001040.png (1 face(s))
2026-07-20 05:44:48,907 face_rec.engine DEBUG Detected 1 face(s)
2026-07-20 05:44:48,908 face_rec.service INFO Indexed output3_0000001041.png (1 face(s))
2026-07-20 05:44:49,147 face_rec.engine DEBUG Detected 1 face(s)
2026-07-20 05:44:49,148 face_rec.service INFO Indexed output3_0000001042.png (1 face(s))
2026-07-20 05:44:49,378 face_rec.engine DEBUG Detected 1 face(s)
2026-07-20 05:44:49,379 face_rec.service INFO Indexed output3_0000001043.png (1 face(s))
2026-07-20 05:44:49,598 face_rec.engine DEBUG Detected 1 face(s)
2026-07-20 05:44:49,599 face_rec.service INFO Indexed output3_0000001044.png (1 face(s))
2026-07-20 05:44:49,818 face_rec.engine DEBUG Detected 1 face(s)
2026-07-20 05:44:49,822 face_rec.service INFO Indexed output3_0000001045.png (1 face(s))
2026-07-20 05:44:50,037 face_rec.engine DEBUG Detected 1 face(s)
2026-07-20 05:44:50,037 face_rec.service INFO Indexed output3_0000001046.png (1 face(s))
2026-07-20 05:44:50,255 face_rec.engine DEBUG Detected 1 face(s)
2026-07-20 05:44:50,256 face_rec.service INFO Indexed output3_0000001047.png (1 face(s))
2026-07-20 05:44:50,541 face_rec.engine DEBUG Detected 1 face(s)
2026-07-20 05:44:50,543 face_rec.service INFO Indexed output3_0000001048.png (1 face(s))
2026-07-20 05:44:51,269 face_rec.engine DEBUG Detected 1 face(s)
2026-07-20 05:44:51,270 face_rec.service INFO Indexed output3_0000001049.png (1 face(s))
2026-07-20 05:44:51,492 face_rec.engine DEBUG Detected 1 face(s)
2026-07-20 05:44:51,492 face_rec.service INFO Indexed output3_0000001050.png (1 face(s))
2026-07-20 05:44:51,711 face_rec.engine DEBUG Detected 1 face(s)
2026-07-20 05:44:51,712 face_rec.service INFO Indexed output3_0000001051.png (1 face(s))
2026-07-20 05:44:51,932 face_rec.engine DEBUG Detected 1 face(s)
2026-07-20 05:44:51,933 face_rec.service INFO Indexed output3_0000001052.png (1 face(s))
2026-07-20 05:44:52,155 face_rec.engine DEBUG Detected 1 face(s)
2026-07-20 05:44:52,159 face_rec.service INFO Indexed output3_0000001053.png (1 face(s))
2026-07-20 05:44:52,378 face_rec.engine DEBUG Detected 1 face(s)
2026-07-20 05:44:52,379 face_rec.service INFO Indexed output3_0000001054.png (1 face(s))
2026-07-20 05:44:52,603 face_rec.engine DEBUG Detected 1 face(s)
2026-07-20 05:44:52,604 face_rec.service INFO Indexed output3_0000001055.png (1 face(s))
2026-07-20 05:44:52,839 face_rec.engine DEBUG Detected 1 face(s)
2026-07-20 05:44:52,840 face_rec.service INFO Indexed output3_0000001056.png (1 face(s))
2026-07-20 05:44:53,059 face_rec.engine DEBUG Detected 1 face(s)
2026-07-20 05:44:53,060 face_rec.service INFO Indexed output3_0000001057.png (1 face(s))
2026-07-20 05:44:53,294 face_rec.engine DEBUG Detected 1 face(s)
2026-07-20 05:44:53,294 face_rec.service INFO Indexed output3_0000001058.png (1 face(s))
2026-07-20 05:44:53,522 face_rec.engine DEBUG Detected 1 face(s)
2026-07-20 05:44:53,523 face_rec.service INFO Indexed output3_0000001059.png (1 face(s))
2026-07-20 05:44:53,748 face_rec.engine DEBUG Detected 1 face(s)
2026-07-20 05:44:53,749 face_rec.service INFO Indexed output3_0000001061.png (1 face(s))
2026-07-20 05:44:53,965 face_rec.engine DEBUG Detected 1 face(s)
2026-07-20 05:44:53,966 face_rec.service INFO Indexed output3_0000001062.png (1 face(s))
2026-07-20 05:44:54,192 face_rec.engine DEBUG Detected 1 face(s)
2026-07-20 05:44:54,193 face_rec.service INFO Indexed output3_0000001063.png (1 face(s))
2026-07-20 05:44:54,427 face_rec.engine DEBUG Detected 1 face(s)
2026-07-20 05:44:54,428 face_rec.service INFO Indexed output3_0000001064.png (1 face(s))
2026-07-20 05:44:54,643 face_rec.engine DEBUG Detected 1 face(s)
2026-07-20 05:44:54,644 face_rec.service INFO Indexed output3_0000001065.png (1 face(s))
2026-07-20 05:44:54,863 face_rec.engine DEBUG Detected 1 face(s)
2026-07-20 05:44:54,864 face_rec.service INFO Indexed output3_0000001066.png (1 face(s))
2026-07-20 05:44:55,088 face_rec.engine DEBUG Detected 1 face(s)
2026-07-20 05:44:55,089 face_rec.service INFO Indexed output3_0000001067.png (1 face(s))
2026-07-20 05:44:55,310 face_rec.engine DEBUG Detected 1 face(s)
2026-07-20 05:44:55,311 face_rec.service INFO Indexed output3_0000001068.png (1 face(s))
2026-07-20 05:44:55,529 face_rec.engine DEBUG Detected 1 face(s)
2026-07-20 05:44:55,530 face_rec.service INFO Indexed output3_0000001069.png (1 face(s))
2026-07-20 05:44:55,750 face_rec.engine DEBUG Detected 1 face(s)
2026-07-20 05:44:55,751 face_rec.service INFO Indexed output3_0000001070.png (1 face(s))
2026-07-20 05:44:55,978 face_rec.engine DEBUG Detected 1 face(s)
2026-07-20 05:44:55,982 face_rec.service INFO Indexed output3_0000001071.png (1 face(s))
2026-07-20 05:44:56,202 face_rec.engine DEBUG Detected 1 face(s)
2026-07-20 05:44:56,203 face_rec.service INFO Indexed output3_0000001072.png (1 face(s))
2026-07-20 05:44:56,423 face_rec.engine DEBUG Detected 1 face(s)
2026-07-20 05:44:56,427 face_rec.service INFO Indexed output3_0000001073.png (1 face(s))
2026-07-20 05:44:56,650 face_rec.engine DEBUG Detected 1 face(s)
2026-07-20 05:44:56,651 face_rec.service INFO Indexed output3_0000001074.png (1 face(s))
2026-07-20 05:44:56,874 face_rec.engine DEBUG Detected 1 face(s)
2026-07-20 05:44:56,878 face_rec.service INFO Indexed output3_0000001075.png (1 face(s))
2026-07-20 05:44:57,101 face_rec.engine DEBUG Detected 1 face(s)
2026-07-20 05:44:57,102 face_rec.service INFO Indexed output3_0000001076.png (1 face(s))
2026-07-20 05:44:57,326 face_rec.engine DEBUG Detected 1 face(s)
2026-07-20 05:44:57,330 face_rec.service INFO Indexed output3_0000001077.png (1 face(s))
2026-07-20 05:44:57,555 face_rec.engine DEBUG Detected 1 face(s)
2026-07-20 05:44:57,561 face_rec.service INFO Indexed output3_0000001078.png (1 face(s))
2026-07-20 05:44:57,783 face_rec.engine DEBUG Detected 1 face(s)
2026-07-20 05:44:57,784 face_rec.service INFO Indexed output3_0000001079.png (1 face(s))
2026-07-20 05:44:58,005 face_rec.engine DEBUG Detected 1 face(s)
2026-07-20 05:44:58,006 face_rec.service INFO Indexed output3_0000001080.png (1 face(s))
2026-07-20 05:44:58,233 face_rec.engine DEBUG Detected 1 face(s)
2026-07-20 05:44:58,234 face_rec.service INFO Indexed output3_0000001081.png (1 face(s))
2026-07-20 05:44:58,459 face_rec.engine DEBUG Detected 1 face(s)
2026-07-20 05:44:58,460 face_rec.service INFO Indexed output3_0000001084.png (1 face(s))
2026-07-20 05:44:58,681 face_rec.engine DEBUG Detected 1 face(s)
2026-07-20 05:44:58,681 face_rec.service INFO Indexed output3_0000001085.png (1 face(s))
2026-07-20 05:44:58,907 face_rec.engine DEBUG Detected 1 face(s)
2026-07-20 05:44:58,911 face_rec.service INFO Indexed output3_0000001088.png (1 face(s))
2026-07-20 05:44:59,133 face_rec.engine DEBUG Detected 1 face(s)
2026-07-20 05:44:59,137 face_rec.service INFO Indexed output3_0000001089.png (1 face(s))
2026-07-20 05:44:59,369 face_rec.engine DEBUG Detected 1 face(s)
2026-07-20 05:44:59,373 face_rec.service INFO Indexed output3_0000001090.png (1 face(s))
2026-07-20 05:44:59,592 face_rec.engine DEBUG Detected 1 face(s)
2026-07-20 05:44:59,595 face_rec.service INFO Indexed output3_0000001091.png (1 face(s))
2026-07-20 05:44:59,817 face_rec.engine DEBUG Detected 1 face(s)
2026-07-20 05:44:59,821 face_rec.service INFO Indexed output3_0000001092.png (1 face(s))
2026-07-20 05:45:00,045 face_rec.engine DEBUG Detected 1 face(s)
2026-07-20 05:45:00,049 face_rec.service INFO Indexed output3_0000001093.png (1 face(s))
2026-07-20 05:45:00,302 face_rec.engine DEBUG Detected 1 face(s)
2026-07-20 05:45:00,303 face_rec.service INFO Indexed output3_0000001094.png (1 face(s))
2026-07-20 05:45:00,526 face_rec.engine DEBUG Detected 1 face(s)
2026-07-20 05:45:00,527 face_rec.service INFO Indexed output3_0000001095.png (1 face(s))
2026-07-20 05:45:00,743 face_rec.engine DEBUG Detected 1 face(s)
2026-07-20 05:45:00,744 face_rec.service INFO Indexed output3_0000001096.png (1 face(s))
2026-07-20 05:45:00,967 face_rec.engine DEBUG Detected 1 face(s)
2026-07-20 05:45:00,968 face_rec.service INFO Indexed output3_0000001097.png (1 face(s))
2026-07-20 05:45:01,192 face_rec.engine DEBUG Detected 1 face(s)
2026-07-20 05:45:01,196 face_rec.service INFO Indexed output3_0000001098.png (1 face(s))
2026-07-20 05:45:01,417 face_rec.engine DEBUG Detected 1 face(s)
2026-07-20 05:45:01,418 face_rec.service INFO Indexed output3_0000001099.png (1 face(s))
2026-07-20 05:45:01,648 face_rec.engine DEBUG Detected 1 face(s)
2026-07-20 05:45:01,649 face_rec.service INFO Indexed output3_0000001100.png (1 face(s))
2026-07-20 05:45:02,014 face_rec.engine DEBUG Detected 2 face(s)
2026-07-20 05:45:02,018 face_rec.service INFO Indexed output3_0000001101.png (2 face(s))
2026-07-20 05:45:02,243 face_rec.engine DEBUG Detected 1 face(s)
2026-07-20 05:45:02,244 face_rec.service INFO Indexed output3_0000001102.png (1 face(s))
2026-07-20 05:45:02,467 face_rec.engine DEBUG Detected 1 face(s)
2026-07-20 05:45:02,467 face_rec.service INFO Indexed output3_0000001103.png (1 face(s))
2026-07-20 05:45:02,687 face_rec.engine DEBUG Detected 1 face(s)
2026-07-20 05:45:02,691 face_rec.service INFO Indexed output3_0000001106.png (1 face(s))
2026-07-20 05:45:02,913 face_rec.engine DEBUG Detected 1 face(s)
2026-07-20 05:45:02,917 face_rec.service INFO Indexed output3_0000001107.png (1 face(s))
2026-07-20 05:45:03,146 face_rec.engine DEBUG Detected 1 face(s)
2026-07-20 05:45:03,147 face_rec.service INFO Indexed output3_0000001108.png (1 face(s))
2026-07-20 05:45:03,379 face_rec.engine DEBUG Detected 1 face(s)
2026-07-20 05:45:03,383 face_rec.service INFO Indexed output3_0000001109.png (1 face(s))
2026-07-20 05:45:03,608 face_rec.engine DEBUG Detected 1 face(s)
2026-07-20 05:45:03,612 face_rec.service INFO Indexed output3_0000001110.png (1 face(s))
2026-07-20 05:45:03,842 face_rec.engine DEBUG Detected 1 face(s)
2026-07-20 05:45:03,846 face_rec.service INFO Indexed output3_0000001111.png (1 face(s))
2026-07-20 05:45:04,075 face_rec.engine DEBUG Detected 1 face(s)
2026-07-20 05:45:04,076 face_rec.service INFO Indexed output3_0000001112.png (1 face(s))
2026-07-20 05:45:04,307 face_rec.engine DEBUG Detected 1 face(s)
2026-07-20 05:45:04,308 face_rec.service INFO Indexed output3_0000001114.png (1 face(s))
2026-07-20 05:45:04,547 face_rec.engine DEBUG Detected 1 face(s)
2026-07-20 05:45:04,548 face_rec.service INFO Indexed output3_0000001115.png (1 face(s))
2026-07-20 05:45:04,770 face_rec.engine DEBUG Detected 1 face(s)
2026-07-20 05:45:04,771 face_rec.service INFO Indexed output3_0000001116.png (1 face(s))
2026-07-20 05:45:04,994 face_rec.engine DEBUG Detected 1 face(s)
2026-07-20 05:45:04,995 face_rec.service INFO Indexed output3_0000001117.png (1 face(s))
2026-07-20 05:45:05,217 face_rec.engine DEBUG Detected 1 face(s)
2026-07-20 05:45:05,218 face_rec.service INFO Indexed output3_0000001119.png (1 face(s))
2026-07-20 05:45:05,444 face_rec.engine DEBUG Detected 1 face(s)
2026-07-20 05:45:05,445 face_rec.service INFO Indexed output3_0000001120.png (1 face(s))
2026-07-20 05:45:05,674 face_rec.engine DEBUG Detected 1 face(s)
2026-07-20 05:45:05,675 face_rec.service INFO Indexed output3_0000001122.png (1 face(s))
2026-07-20 05:45:05,892 face_rec.engine DEBUG Detected 1 face(s)
2026-07-20 05:45:05,893 face_rec.service INFO Indexed output3_0000001123.png (1 face(s))
2026-07-20 05:45:06,110 face_rec.engine DEBUG Detected 1 face(s)
2026-07-20 05:45:06,111 face_rec.service INFO Indexed output3_0000001124.png (1 face(s))
2026-07-20 05:45:06,330 face_rec.engine DEBUG Detected 1 face(s)
2026-07-20 05:45:06,331 face_rec.service INFO Indexed output3_0000001125.png (1 face(s))
2026-07-20 05:45:06,550 face_rec.engine DEBUG Detected 1 face(s)
2026-07-20 05:45:06,554 face_rec.service INFO Indexed output3_0000001127.png (1 face(s))
2026-07-20 05:45:06,778 face_rec.engine DEBUG Detected 1 face(s)
2026-07-20 05:45:06,779 face_rec.service INFO Indexed output3_0000001128.png (1 face(s))
2026-07-20 05:45:07,003 face_rec.engine DEBUG Detected 1 face(s)
2026-07-20 05:45:07,004 face_rec.service INFO Indexed output3_0000001129.png (1 face(s))
2026-07-20 05:45:07,227 face_rec.engine DEBUG Detected 1 face(s)
2026-07-20 05:45:07,227 face_rec.service INFO Indexed output3_0000001131.png (1 face(s))
2026-07-20 05:45:07,454 face_rec.engine DEBUG Detected 1 face(s)
2026-07-20 05:45:07,455 face_rec.service INFO Indexed output3_0000001132.png (1 face(s))
2026-07-20 05:45:07,684 face_rec.engine DEBUG Detected 1 face(s)
2026-07-20 05:45:07,685 face_rec.service INFO Indexed output3_0000001133.png (1 face(s))
2026-07-20 05:45:07,928 face_rec.engine DEBUG Detected 1 face(s)
2026-07-20 05:45:07,929 face_rec.service INFO Indexed output3_0000001135.png (1 face(s))
2026-07-20 05:45:08,155 face_rec.engine DEBUG Detected 1 face(s)
2026-07-20 05:45:08,155 face_rec.service INFO Indexed output3_0000001136.png (1 face(s))
2026-07-20 05:45:08,378 face_rec.engine DEBUG Detected 1 face(s)
2026-07-20 05:45:08,382 face_rec.service INFO Indexed output3_0000001137.png (1 face(s))
2026-07-20 05:45:08,611 face_rec.engine DEBUG Detected 1 face(s)
2026-07-20 05:45:08,612 face_rec.service INFO Indexed output3_0000001138.png (1 face(s))
2026-07-20 05:45:08,831 face_rec.engine DEBUG Detected 1 face(s)
2026-07-20 05:45:08,832 face_rec.service INFO Indexed output3_0000001139.png (1 face(s))
2026-07-20 05:45:09,055 face_rec.engine DEBUG Detected 1 face(s)
2026-07-20 05:45:09,055 face_rec.service INFO Indexed output3_0000001142.png (1 face(s))
2026-07-20 05:45:09,279 face_rec.engine DEBUG Detected 1 face(s)
2026-07-20 05:45:09,280 face_rec.service INFO Indexed output3_0000001143.png (1 face(s))
2026-07-20 05:45:09,501 face_rec.engine DEBUG Detected 1 face(s)
2026-07-20 05:45:09,502 face_rec.service INFO Indexed output3_0000001144.png (1 face(s))
2026-07-20 05:45:09,751 face_rec.engine DEBUG Detected 1 face(s)
2026-07-20 05:45:09,751 face_rec.service INFO Indexed output3_0000001145.png (1 face(s))
2026-07-20 05:45:09,979 face_rec.engine DEBUG Detected 1 face(s)
2026-07-20 05:45:09,979 face_rec.service INFO Indexed output3_0000001147.png (1 face(s))
2026-07-20 05:45:10,206 face_rec.engine DEBUG Detected 1 face(s)
2026-07-20 05:45:10,210 face_rec.service INFO Indexed output3_0000001148.png (1 face(s))
2026-07-20 05:45:10,434 face_rec.engine DEBUG Detected 1 face(s)
2026-07-20 05:45:10,436 face_rec.service INFO Indexed output3_0000001150.png (1 face(s))
2026-07-20 05:45:10,817 face_rec.engine DEBUG Detected 2 face(s)
2026-07-20 05:45:10,818 face_rec.service INFO Indexed output3_0000001151.png (2 face(s))
2026-07-20 05:45:11,042 face_rec.engine DEBUG Detected 1 face(s)
2026-07-20 05:45:11,043 face_rec.service INFO Indexed output3_0000001153.png (1 face(s))
2026-07-20 05:45:11,264 face_rec.engine DEBUG Detected 1 face(s)
2026-07-20 05:45:11,265 face_rec.service INFO Indexed output3_0000001155.png (1 face(s))
2026-07-20 05:45:11,485 face_rec.engine DEBUG Detected 1 face(s)
2026-07-20 05:45:11,486 face_rec.service INFO Indexed output3_0000001157.png (1 face(s))
2026-07-20 05:45:11,709 face_rec.engine DEBUG Detected 1 face(s)
2026-07-20 05:45:11,710 face_rec.service INFO Indexed output3_0000001158.png (1 face(s))
2026-07-20 05:45:11,929 face_rec.engine DEBUG Detected 1 face(s)
2026-07-20 05:45:11,934 face_rec.service INFO Indexed output3_0000001159.png (1 face(s))
2026-07-20 05:45:12,160 face_rec.engine DEBUG Detected 1 face(s)
2026-07-20 05:45:12,161 face_rec.service INFO Indexed output3_0000001160.png (1 face(s))
2026-07-20 05:45:12,379 face_rec.engine DEBUG Detected 1 face(s)
2026-07-20 05:45:12,380 face_rec.service INFO Indexed output3_0000001161.png (1 face(s))
2026-07-20 05:45:12,604 face_rec.engine DEBUG Detected 1 face(s)
2026-07-20 05:45:12,605 face_rec.service INFO Indexed output3_0000001162.png (1 face(s))
2026-07-20 05:45:12,830 face_rec.engine DEBUG Detected 1 face(s)
2026-07-20 05:45:12,831 face_rec.service INFO Indexed output3_0000001163.png (1 face(s))
2026-07-20 05:45:13,051 face_rec.engine DEBUG Detected 1 face(s)
2026-07-20 05:45:13,052 face_rec.service INFO Indexed output3_0000001164.png (1 face(s))
2026-07-20 05:45:13,278 face_rec.engine DEBUG Detected 1 face(s)
2026-07-20 05:45:13,279 face_rec.service INFO Indexed output3_0000001165.png (1 face(s))
2026-07-20 05:45:13,499 face_rec.engine DEBUG Detected 1 face(s)
2026-07-20 05:45:13,500 face_rec.service INFO Indexed output3_0000001166.png (1 face(s))
2026-07-20 05:45:13,724 face_rec.engine DEBUG Detected 1 face(s)
2026-07-20 05:45:13,729 face_rec.service INFO Indexed output3_0000001167.png (1 face(s))
2026-07-20 05:45:13,964 face_rec.engine DEBUG Detected 1 face(s)
2026-07-20 05:45:13,965 face_rec.service INFO Indexed output3_0000001168.png (1 face(s))
2026-07-20 05:45:14,196 face_rec.engine DEBUG Detected 1 face(s)
2026-07-20 05:45:14,197 face_rec.service INFO Indexed output3_0000001169.png (1 face(s))
2026-07-20 05:45:14,435 face_rec.engine DEBUG Detected 1 face(s)
2026-07-20 05:45:14,436 face_rec.service INFO Indexed output3_0000001170.png (1 face(s))
2026-07-20 05:45:14,662 face_rec.engine DEBUG Detected 1 face(s)
2026-07-20 05:45:14,663 face_rec.service INFO Indexed output3_0000001171.png (1 face(s))
2026-07-20 05:45:14,914 face_rec.engine DEBUG Detected 1 face(s)
2026-07-20 05:45:14,915 face_rec.service INFO Indexed output3_0000001172.png (1 face(s))
2026-07-20 05:45:15,138 face_rec.engine DEBUG Detected 1 face(s)
2026-07-20 05:45:15,139 face_rec.service INFO Indexed output3_0000001173.png (1 face(s))
2026-07-20 05:45:15,362 face_rec.engine DEBUG Detected 1 face(s)
2026-07-20 05:45:15,363 face_rec.service INFO Indexed output3_0000001174.png (1 face(s))
2026-07-20 05:45:15,588 face_rec.engine DEBUG Detected 1 face(s)
2026-07-20 05:45:15,592 face_rec.service INFO Indexed output3_0000001175.png (1 face(s))
2026-07-20 05:45:15,824 face_rec.engine DEBUG Detected 1 face(s)
2026-07-20 05:45:15,825 face_rec.service INFO Indexed output3_0000001176.png (1 face(s))
2026-07-20 05:45:16,057 face_rec.engine DEBUG Detected 1 face(s)
2026-07-20 05:45:16,058 face_rec.service INFO Indexed output3_0000001177.png (1 face(s))
2026-07-20 05:45:16,287 face_rec.engine DEBUG Detected 1 face(s)
2026-07-20 05:45:16,288 face_rec.service INFO Indexed output3_0000001179.png (1 face(s))
2026-07-20 05:45:16,520 face_rec.engine DEBUG Detected 1 face(s)
2026-07-20 05:45:16,520 face_rec.service INFO Indexed output3_0000001180.png (1 face(s))
2026-07-20 05:45:16,752 face_rec.engine DEBUG Detected 1 face(s)
2026-07-20 05:45:16,753 face_rec.service INFO Indexed output3_0000001181.png (1 face(s))
2026-07-20 05:45:16,979 face_rec.engine DEBUG Detected 1 face(s)
2026-07-20 05:45:16,980 face_rec.service INFO Indexed output3_0000001182.png (1 face(s))
2026-07-20 05:45:17,211 face_rec.engine DEBUG Detected 1 face(s)
2026-07-20 05:45:17,212 face_rec.service INFO Indexed output3_0000001183.png (1 face(s))
2026-07-21 00:12:39,115 face_rec.engine INFO Loading InsightFace model pack buffalo_l from /Users/sebastien/.cache/models/insightface
2026-07-21 00:12:40,272 face_rec.engine DEBUG Detected 1 face(s)
2026-07-21 00:12:40,288 face_rec.service INFO Indexed output3_0000001184.png (1 face(s))
2026-07-21 00:12:40,585 face_rec.engine DEBUG Detected 1 face(s)
2026-07-21 00:12:40,586 face_rec.service INFO Indexed output3_0000001185.png (1 face(s))
2026-07-21 00:12:40,884 face_rec.engine DEBUG Detected 1 face(s)
2026-07-21 00:12:40,885 face_rec.service INFO Indexed output3_0000001186.png (1 face(s))
2026-07-21 00:12:41,177 face_rec.engine DEBUG Detected 1 face(s)
2026-07-21 00:12:41,178 face_rec.service INFO Indexed output3_0000001187.png (1 face(s))
2026-07-21 00:12:41,458 face_rec.engine DEBUG Detected 1 face(s)
2026-07-21 00:12:41,459 face_rec.service INFO Indexed output3_0000001188.png (1 face(s))
2026-07-21 00:12:41,768 face_rec.engine DEBUG Detected 1 face(s)
2026-07-21 00:12:41,769 face_rec.service INFO Indexed output3_0000001189.png (1 face(s))
2026-07-21 00:12:42,071 face_rec.engine DEBUG Detected 1 face(s)
2026-07-21 00:12:42,073 face_rec.service INFO Indexed output3_0000001190.png (1 face(s))
2026-07-21 00:12:42,363 face_rec.engine DEBUG Detected 1 face(s)
2026-07-21 00:12:42,364 face_rec.service INFO Indexed output3_0000001191.png (1 face(s))
2026-07-21 00:12:42,637 face_rec.engine DEBUG Detected 1 face(s)
2026-07-21 00:12:42,638 face_rec.service INFO Indexed output3_0000001192.png (1 face(s))
2026-07-21 00:12:42,917 face_rec.engine DEBUG Detected 1 face(s)
2026-07-21 00:12:42,919 face_rec.service INFO Indexed output3_0000001193.png (1 face(s))
2026-07-21 00:24:41,021 face_rec.engine INFO Loading InsightFace model pack buffalo_l from /Users/sebastien/.cache/models/insightface
2026-07-21 00:24:41,731 face_rec.service WARNING Pruned missing file from database: /Users/sebastien/projects/perso/image-generation/out/output3_0000001190.png
2026-07-21 00:24:41,733 face_rec.service WARNING Pruned missing file from database: /Users/sebastien/projects/perso/image-generation/out/output3_0000001193.png
2026-07-21 00:24:42,272 face_rec.engine DEBUG Detected 1 face(s)
2026-07-21 00:24:42,277 face_rec.service INFO Indexed output3_0000001195.png (1 face(s))
2026-07-21 00:24:42,575 face_rec.engine DEBUG Detected 1 face(s)
2026-07-21 00:24:42,576 face_rec.service INFO Indexed output3_0000001196.png (1 face(s))
2026-07-21 00:24:42,890 face_rec.engine DEBUG Detected 1 face(s)
2026-07-21 00:24:42,892 face_rec.service INFO Indexed output3_0000001198.png (1 face(s))
2026-07-21 00:24:43,196 face_rec.engine DEBUG Detected 1 face(s)
2026-07-21 00:24:43,197 face_rec.service INFO Indexed output3_0000001199.png (1 face(s))
2026-07-21 00:24:43,505 face_rec.engine DEBUG Detected 1 face(s)
2026-07-21 00:24:43,507 face_rec.service INFO Indexed output3_0000001201.png (1 face(s))
2026-07-21 00:24:43,848 face_rec.engine DEBUG Detected 1 face(s)
2026-07-21 00:24:43,849 face_rec.service INFO Indexed output3_0000001202.png (1 face(s))
2026-07-21 00:24:44,175 face_rec.engine DEBUG Detected 1 face(s)
2026-07-21 00:24:44,176 face_rec.service INFO Indexed output3_0000001204.png (1 face(s))
2026-07-21 00:24:44,463 face_rec.engine DEBUG Detected 1 face(s)
2026-07-21 00:24:44,465 face_rec.service INFO Indexed output3_0000001205.png (1 face(s))
2026-07-21 00:24:44,773 face_rec.engine DEBUG Detected 1 face(s)
2026-07-21 00:24:44,775 face_rec.service INFO Indexed output3_0000001206.png (1 face(s))
2026-07-21 00:24:45,071 face_rec.engine DEBUG Detected 1 face(s)
2026-07-21 00:24:45,072 face_rec.service INFO Indexed output3_0000001207.png (1 face(s))
2026-07-21 00:24:45,427 face_rec.engine DEBUG Detected 1 face(s)
2026-07-21 00:24:45,428 face_rec.service INFO Indexed output3_0000001209.png (1 face(s))
2026-07-21 00:24:45,734 face_rec.engine DEBUG Detected 1 face(s)
2026-07-21 00:24:45,735 face_rec.service INFO Indexed output3_0000001211.png (1 face(s))
2026-07-21 00:24:46,024 face_rec.engine DEBUG Detected 1 face(s)
2026-07-21 00:24:46,025 face_rec.service INFO Indexed output3_0000001212.png (1 face(s))
2026-07-21 00:24:46,330 face_rec.engine DEBUG Detected 1 face(s)
2026-07-21 00:24:46,332 face_rec.service INFO Indexed output3_0000001213.png (1 face(s))
2026-07-21 00:24:46,629 face_rec.engine DEBUG Detected 1 face(s)
2026-07-21 00:24:46,630 face_rec.service INFO Indexed output3_0000001214.png (1 face(s))
2026-07-21 00:24:46,924 face_rec.engine DEBUG Detected 1 face(s)
2026-07-21 00:24:46,925 face_rec.service INFO Indexed output3_0000001216.png (1 face(s))
2026-07-21 00:24:47,220 face_rec.engine DEBUG Detected 1 face(s)
2026-07-21 00:24:47,225 face_rec.service INFO Indexed output3_0000001217.png (1 face(s))
2026-07-21 00:24:47,518 face_rec.engine DEBUG Detected 1 face(s)
2026-07-21 00:24:47,519 face_rec.service INFO Indexed output3_0000001218.png (1 face(s))
2026-07-21 00:24:47,813 face_rec.engine DEBUG Detected 1 face(s)
2026-07-21 00:24:47,814 face_rec.service INFO Indexed output3_0000001220.png (1 face(s))
2026-07-21 00:24:48,111 face_rec.engine DEBUG Detected 1 face(s)
2026-07-21 00:24:48,113 face_rec.service INFO Indexed output3_0000001221.png (1 face(s))
2026-07-21 00:24:48,424 face_rec.engine DEBUG Detected 1 face(s)
2026-07-21 00:24:48,426 face_rec.service INFO Indexed output3_0000001222.png (1 face(s))
2026-07-21 00:24:48,710 face_rec.engine DEBUG Detected 1 face(s)
2026-07-21 00:24:48,711 face_rec.service INFO Indexed output3_0000001223.png (1 face(s))
2026-07-21 00:24:49,029 face_rec.engine DEBUG Detected 1 face(s)
2026-07-21 00:24:49,030 face_rec.service INFO Indexed output3_0000001225.png (1 face(s))
2026-07-21 00:24:49,386 face_rec.engine DEBUG Detected 1 face(s)
2026-07-21 00:24:49,387 face_rec.service INFO Indexed output3_0000001226.png (1 face(s))
2026-07-21 00:24:49,684 face_rec.engine DEBUG Detected 1 face(s)
2026-07-21 00:24:49,685 face_rec.service INFO Indexed output3_0000001227.png (1 face(s))
2026-07-21 00:24:49,991 face_rec.engine DEBUG Detected 1 face(s)
2026-07-21 00:24:49,992 face_rec.service INFO Indexed output3_0000001228.png (1 face(s))
2026-07-21 00:24:50,295 face_rec.engine DEBUG Detected 1 face(s)
2026-07-21 00:24:50,296 face_rec.service INFO Indexed output3_0000001229.png (1 face(s))
2026-07-21 00:24:50,614 face_rec.engine DEBUG Detected 1 face(s)
2026-07-21 00:24:50,615 face_rec.service INFO Indexed output3_0000001230.png (1 face(s))
2026-07-21 00:24:50,929 face_rec.engine DEBUG Detected 1 face(s)
2026-07-21 00:24:50,931 face_rec.service INFO Indexed output3_0000001231.png (1 face(s))
2026-07-21 00:24:51,248 face_rec.engine DEBUG Detected 1 face(s)
2026-07-21 00:24:51,249 face_rec.service INFO Indexed output3_0000001235.png (1 face(s))
2026-07-21 00:24:51,568 face_rec.engine DEBUG Detected 1 face(s)
2026-07-21 00:24:51,569 face_rec.service INFO Indexed output3_0000001236.png (1 face(s))
2026-07-21 00:24:51,868 face_rec.engine DEBUG Detected 1 face(s)
2026-07-21 00:24:51,869 face_rec.service INFO Indexed output3_0000001238.png (1 face(s))
2026-07-21 00:24:52,190 face_rec.engine DEBUG Detected 1 face(s)
2026-07-21 00:24:52,191 face_rec.service INFO Indexed output3_0000001239.png (1 face(s))
2026-07-21 00:24:52,561 face_rec.engine DEBUG Detected 1 face(s)
2026-07-21 00:24:52,562 face_rec.service INFO Indexed output3_0000001240.png (1 face(s))
2026-07-21 00:24:52,890 face_rec.engine DEBUG Detected 1 face(s)
2026-07-21 00:24:52,891 face_rec.service INFO Indexed output3_0000001242.png (1 face(s))
2026-07-21 00:24:53,189 face_rec.engine DEBUG Detected 1 face(s)
2026-07-21 00:24:53,190 face_rec.service INFO Indexed output3_0000001244.png (1 face(s))
2026-07-21 00:24:53,508 face_rec.engine DEBUG Detected 1 face(s)
2026-07-21 00:24:53,509 face_rec.service INFO Indexed output3_0000001245.png (1 face(s))
2026-07-21 00:24:53,830 face_rec.engine DEBUG Detected 1 face(s)
2026-07-21 00:24:53,831 face_rec.service INFO Indexed output3_0000001246.png (1 face(s))
2026-07-21 00:24:54,170 face_rec.engine DEBUG Detected 1 face(s)
2026-07-21 00:24:54,172 face_rec.service INFO Indexed output3_0000001247.png (1 face(s))
2026-07-21 00:24:54,514 face_rec.engine DEBUG Detected 1 face(s)
2026-07-21 00:24:54,515 face_rec.service INFO Indexed output3_0000001251.png (1 face(s))
2026-07-21 00:24:54,904 face_rec.engine DEBUG Detected 1 face(s)
2026-07-21 00:24:54,906 face_rec.service INFO Indexed output3_0000001252.png (1 face(s))
2026-07-21 00:24:55,236 face_rec.engine DEBUG Detected 1 face(s)
2026-07-21 00:24:55,238 face_rec.service INFO Indexed output3_0000001253.png (1 face(s))
2026-07-21 00:24:55,563 face_rec.engine DEBUG Detected 1 face(s)
2026-07-21 00:24:55,564 face_rec.service INFO Indexed output3_0000001254.png (1 face(s))
2026-07-21 00:24:55,884 face_rec.engine DEBUG Detected 1 face(s)
2026-07-21 00:24:55,886 face_rec.service INFO Indexed output3_0000001255.png (1 face(s))
2026-07-21 00:24:56,194 face_rec.engine DEBUG Detected 1 face(s)
2026-07-21 00:24:56,195 face_rec.service INFO Indexed output3_0000001256.png (1 face(s))
2026-07-21 00:24:56,507 face_rec.engine DEBUG Detected 1 face(s)
2026-07-21 00:24:56,508 face_rec.service INFO Indexed output3_0000001257.png (1 face(s))
2026-07-21 00:24:56,825 face_rec.engine DEBUG Detected 1 face(s)
2026-07-21 00:24:56,826 face_rec.service INFO Indexed output3_0000001258.png (1 face(s))
2026-07-21 00:24:57,154 face_rec.engine DEBUG Detected 1 face(s)
2026-07-21 00:24:57,156 face_rec.service INFO Indexed output3_0000001259.png (1 face(s))
2026-07-21 00:24:57,485 face_rec.engine DEBUG Detected 1 face(s)
2026-07-21 00:24:57,490 face_rec.service INFO Indexed output3_0000001260.png (1 face(s))
2026-07-21 00:24:57,788 face_rec.engine DEBUG Detected 1 face(s)
2026-07-21 00:24:57,789 face_rec.service INFO Indexed output3_0000001261.png (1 face(s))
2026-07-21 00:24:58,128 face_rec.engine DEBUG Detected 1 face(s)
2026-07-21 00:24:58,130 face_rec.service INFO Indexed output3_0000001263.png (1 face(s))
2026-07-21 00:24:58,449 face_rec.engine DEBUG Detected 1 face(s)
2026-07-21 00:24:58,450 face_rec.service INFO Indexed output3_0000001264.png (1 face(s))
2026-07-21 00:24:58,759 face_rec.engine DEBUG Detected 1 face(s)
2026-07-21 00:24:58,760 face_rec.service INFO Indexed output3_0000001265.png (1 face(s))
2026-07-21 00:24:59,080 face_rec.engine DEBUG Detected 1 face(s)
2026-07-21 00:24:59,082 face_rec.service INFO Indexed output3_0000001266.png (1 face(s))
2026-07-21 00:24:59,408 face_rec.engine DEBUG Detected 1 face(s)
2026-07-21 00:24:59,409 face_rec.service INFO Indexed output3_0000001267.png (1 face(s))
2026-07-21 00:24:59,743 face_rec.engine DEBUG Detected 1 face(s)
2026-07-21 00:24:59,744 face_rec.service INFO Indexed output3_0000001269.png (1 face(s))
2026-07-21 00:25:00,065 face_rec.engine DEBUG Detected 1 face(s)
2026-07-21 00:25:00,067 face_rec.service INFO Indexed output3_0000001270.png (1 face(s))
2026-07-21 00:25:00,405 face_rec.engine DEBUG Detected 1 face(s)
2026-07-21 00:25:00,407 face_rec.service INFO Indexed output3_0000001271.png (1 face(s))
2026-07-21 00:25:00,715 face_rec.engine DEBUG Detected 1 face(s)
2026-07-21 00:25:00,716 face_rec.service INFO Indexed output3_0000001272.png (1 face(s))
2026-07-21 00:26:44,088 face_rec.engine INFO Loading InsightFace model pack buffalo_l from /Users/sebastien/.cache/models/insightface
2026-07-21 00:26:45,115 face_rec.engine DEBUG Detected 1 face(s)
2026-07-21 00:26:45,127 face_rec.service INFO Indexed output3_0000001273.png (1 face(s))
2026-07-21 00:26:45,502 face_rec.engine DEBUG Detected 1 face(s)
2026-07-21 00:26:45,503 face_rec.service INFO Indexed output3_0000001274.png (1 face(s))
2026-07-21 00:28:15,698 face_rec.engine INFO Loading InsightFace model pack buffalo_l from /Users/sebastien/.cache/models/insightface
2026-07-21 00:28:38,457 face_rec.engine INFO Loading InsightFace model pack buffalo_l from /Users/sebastien/.cache/models/insightface
2026-07-21 00:28:39,391 face_rec.engine DEBUG Detected 1 face(s)
2026-07-21 00:28:39,403 face_rec.service INFO Indexed output3_0000001275.png (1 face(s))
2026-07-21 00:28:48,483 face_rec.engine INFO Loading InsightFace model pack buffalo_l from /Users/sebastien/.cache/models/insightface
2026-07-21 00:28:49,326 face_rec.engine DEBUG Detected 1 face(s)
2026-07-21 00:29:02,074 face_rec.engine INFO Loading InsightFace model pack buffalo_l from /Users/sebastien/.cache/models/insightface
2026-07-21 00:29:02,871 face_rec.engine DEBUG Detected 1 face(s)
2026-07-21 00:30:23,270 face_rec.engine INFO Loading InsightFace model pack buffalo_l from /Users/sebastien/.cache/models/insightface
2026-07-21 00:30:24,391 face_rec.engine DEBUG Detected 1 face(s)
2026-07-21 00:30:34,442 face_rec.engine INFO Loading InsightFace model pack buffalo_l from /Users/sebastien/.cache/models/insightface
2026-07-21 00:30:35,402 face_rec.engine DEBUG Detected 1 face(s)
2026-07-21 00:30:35,403 face_rec.service INFO Indexed output3_0000001276.png (1 face(s))
2026-07-21 00:30:42,947 face_rec.engine INFO Loading InsightFace model pack buffalo_l from /Users/sebastien/.cache/models/insightface
2026-07-21 00:31:43,991 face_rec.engine INFO Loading InsightFace model pack buffalo_l from /Users/sebastien/.cache/models/insightface
2026-07-21 00:59:12,818 face_rec.engine INFO Loading InsightFace model pack buffalo_l from /Users/sebastien/.cache/models/insightface
2026-07-21 00:59:14,051 face_rec.engine DEBUG Detected 1 face(s)
2026-07-21 00:59:14,062 face_rec.service INFO Indexed output3_0000001278.png (1 face(s))
2026-07-21 00:59:14,397 face_rec.engine DEBUG Detected 1 face(s)
2026-07-21 00:59:14,401 face_rec.service INFO Indexed output3_0000001280.png (1 face(s))
2026-07-21 00:59:14,707 face_rec.engine DEBUG Detected 1 face(s)
2026-07-21 00:59:14,708 face_rec.service INFO Indexed output3_0000001281.png (1 face(s))
2026-07-21 00:59:15,018 face_rec.engine DEBUG Detected 1 face(s)
2026-07-21 00:59:15,019 face_rec.service INFO Indexed output3_0000001282.png (1 face(s))
2026-07-21 00:59:15,340 face_rec.engine DEBUG Detected 1 face(s)
2026-07-21 00:59:15,342 face_rec.service INFO Indexed output3_0000001283.png (1 face(s))
2026-07-21 00:59:15,683 face_rec.engine DEBUG Detected 1 face(s)
2026-07-21 00:59:15,685 face_rec.service INFO Indexed output3_0000001284.png (1 face(s))
2026-07-21 00:59:15,996 face_rec.engine DEBUG Detected 1 face(s)
2026-07-21 00:59:15,997 face_rec.service INFO Indexed output3_0000001285.png (1 face(s))
2026-07-21 00:59:16,297 face_rec.engine DEBUG Detected 1 face(s)
2026-07-21 00:59:16,299 face_rec.service INFO Indexed output3_0000001287.png (1 face(s))
2026-07-21 00:59:16,628 face_rec.engine DEBUG Detected 1 face(s)
2026-07-21 00:59:16,629 face_rec.service INFO Indexed output3_0000001288.png (1 face(s))
2026-07-21 00:59:16,969 face_rec.engine DEBUG Detected 1 face(s)
2026-07-21 00:59:16,971 face_rec.service INFO Indexed output3_0000001289.png (1 face(s))
2026-07-21 00:59:18,045 face_rec.engine DEBUG Detected 1 face(s)
2026-07-21 00:59:18,046 face_rec.service INFO Indexed output3_0000001290.png (1 face(s))
2026-07-21 00:59:18,546 face_rec.engine DEBUG Detected 1 face(s)
2026-07-21 00:59:18,548 face_rec.service INFO Indexed output3_0000001291.png (1 face(s))
2026-07-21 01:00:19,203 face_rec.engine INFO Loading InsightFace model pack buffalo_l from /Users/sebastien/.cache/models/insightface
2026-07-21 01:00:27,064 face_rec.engine INFO Loading InsightFace model pack buffalo_l from /Users/sebastien/.cache/models/insightface
2026-07-21 01:00:28,067 face_rec.engine DEBUG Detected 1 face(s)
2026-07-21 01:00:28,077 face_rec.service INFO Indexed output3_0000001292.png (1 face(s))
2026-07-21 01:00:30,614 face_rec.engine INFO Loading InsightFace model pack buffalo_l from /Users/sebastien/.cache/models/insightface
2026-07-21 01:00:35,469 face_rec.engine INFO Loading InsightFace model pack buffalo_l from /Users/sebastien/.cache/models/insightface
2026-07-21 01:02:28,869 face_rec.engine INFO Loading InsightFace model pack buffalo_l from /Users/sebastien/.cache/models/insightface
2026-07-21 01:02:29,813 face_rec.engine DEBUG Detected 1 face(s)
2026-07-21 01:02:29,830 face_rec.service INFO Indexed output3_0000001293.png (1 face(s))
2026-07-21 08:15:48,035 face_rec.engine INFO Loading InsightFace model pack buffalo_l from /Users/sebastien/.cache/models/insightface
2026-07-21 08:15:48,983 face_rec.engine DEBUG Detected 1 face(s)
2026-07-21 08:15:48,994 face_rec.service INFO Indexed output3_0000001294.png (1 face(s))
2026-07-21 08:15:49,282 face_rec.engine DEBUG Detected 1 face(s)
2026-07-21 08:15:49,284 face_rec.service INFO Indexed output3_0000001295.png (1 face(s))
2026-07-21 08:15:49,584 face_rec.engine DEBUG Detected 1 face(s)
2026-07-21 08:15:49,586 face_rec.service INFO Indexed output3_0000001296.png (1 face(s))
2026-07-21 08:15:49,864 face_rec.engine DEBUG Detected 1 face(s)
2026-07-21 08:15:49,865 face_rec.service INFO Indexed output3_0000001297.png (1 face(s))
2026-07-21 08:15:50,137 face_rec.engine DEBUG Detected 1 face(s)
2026-07-21 08:15:50,138 face_rec.service INFO Indexed output3_0000001298.png (1 face(s))
2026-07-21 08:15:50,425 face_rec.engine DEBUG Detected 1 face(s)
2026-07-21 08:15:50,426 face_rec.service INFO Indexed output3_0000001299.png (1 face(s))
2026-07-21 08:15:50,744 face_rec.engine DEBUG Detected 1 face(s)
2026-07-21 08:15:50,745 face_rec.service INFO Indexed output3_0000001300.png (1 face(s))
2026-07-21 08:15:51,035 face_rec.engine DEBUG Detected 1 face(s)
2026-07-21 08:15:51,037 face_rec.service INFO Indexed output3_0000001301.png (1 face(s))
2026-07-21 08:15:51,315 face_rec.engine DEBUG Detected 1 face(s)
2026-07-21 08:15:51,316 face_rec.service INFO Indexed output3_0000001302.png (1 face(s))
2026-07-21 08:15:51,593 face_rec.engine DEBUG Detected 1 face(s)
2026-07-21 08:15:51,594 face_rec.service INFO Indexed output3_0000001304.png (1 face(s))
2026-07-21 08:15:51,892 face_rec.engine DEBUG Detected 1 face(s)
2026-07-21 08:15:51,893 face_rec.service INFO Indexed output3_0000001305.png (1 face(s))
2026-07-21 08:15:52,185 face_rec.engine DEBUG Detected 1 face(s)
2026-07-21 08:15:52,186 face_rec.service INFO Indexed output3_0000001306.png (1 face(s))
2026-07-21 08:15:52,500 face_rec.engine DEBUG Detected 1 face(s)
2026-07-21 08:15:52,501 face_rec.service INFO Indexed output3_0000001307.png (1 face(s))
2026-07-21 08:15:52,849 face_rec.engine DEBUG Detected 1 face(s)
2026-07-21 08:15:52,853 face_rec.service INFO Indexed output3_0000001308.png (1 face(s))
2026-07-21 08:15:53,135 face_rec.engine DEBUG Detected 1 face(s)
2026-07-21 08:15:53,136 face_rec.service INFO Indexed output3_0000001309.png (1 face(s))
2026-07-21 08:15:53,435 face_rec.engine DEBUG Detected 1 face(s)
2026-07-21 08:15:53,436 face_rec.service INFO Indexed output3_0000001310.png (1 face(s))
2026-07-21 08:15:53,745 face_rec.engine DEBUG Detected 1 face(s)
2026-07-21 08:15:53,746 face_rec.service INFO Indexed output3_0000001311.png (1 face(s))
2026-07-21 08:15:54,040 face_rec.engine DEBUG Detected 1 face(s)
2026-07-21 08:15:54,041 face_rec.service INFO Indexed output3_0000001312.png (1 face(s))
2026-07-21 08:15:54,320 face_rec.engine DEBUG Detected 1 face(s)
2026-07-21 08:15:54,321 face_rec.service INFO Indexed output3_0000001313.png (1 face(s))
2026-07-21 08:15:54,600 face_rec.engine DEBUG Detected 1 face(s)
2026-07-21 08:15:54,602 face_rec.service INFO Indexed output3_0000001314.png (1 face(s))
2026-07-21 08:15:54,950 face_rec.engine DEBUG Detected 1 face(s)
2026-07-21 08:15:54,951 face_rec.service INFO Indexed output3_0000001315.png (1 face(s))
2026-07-21 08:15:55,247 face_rec.engine DEBUG Detected 1 face(s)
2026-07-21 08:15:55,248 face_rec.service INFO Indexed output3_0000001316.png (1 face(s))
2026-07-21 08:15:55,567 face_rec.engine DEBUG Detected 1 face(s)
2026-07-21 08:15:55,568 face_rec.service INFO Indexed output3_0000001317.png (1 face(s))
2026-07-21 08:15:55,877 face_rec.engine DEBUG Detected 1 face(s)
2026-07-21 08:15:55,878 face_rec.service INFO Indexed output3_0000001318.png (1 face(s))
2026-07-21 08:15:56,172 face_rec.engine DEBUG Detected 1 face(s)
2026-07-21 08:15:56,173 face_rec.service INFO Indexed output3_0000001319.png (1 face(s))
2026-07-21 08:15:56,479 face_rec.engine DEBUG Detected 1 face(s)
2026-07-21 08:15:56,480 face_rec.service INFO Indexed output3_0000001320.png (1 face(s))
2026-07-21 08:15:56,791 face_rec.engine DEBUG Detected 1 face(s)
2026-07-21 08:15:56,792 face_rec.service INFO Indexed output3_0000001321.png (1 face(s))
2026-07-21 08:15:57,110 face_rec.engine DEBUG Detected 1 face(s)
2026-07-21 08:15:57,112 face_rec.service INFO Indexed output3_0000001322.png (1 face(s))
2026-07-21 08:15:57,410 face_rec.engine DEBUG Detected 1 face(s)
2026-07-21 08:15:57,411 face_rec.service INFO Indexed output3_0000001323.png (1 face(s))
2026-07-21 08:15:57,711 face_rec.engine DEBUG Detected 1 face(s)
2026-07-21 08:15:57,713 face_rec.service INFO Indexed output3_0000001324.png (1 face(s))
2026-07-21 08:15:58,004 face_rec.engine DEBUG Detected 1 face(s)
2026-07-21 08:15:58,006 face_rec.service INFO Indexed output3_0000001325.png (1 face(s))
2026-07-21 08:15:58,301 face_rec.engine DEBUG Detected 1 face(s)
2026-07-21 08:15:58,302 face_rec.service INFO Indexed output3_0000001326.png (1 face(s))
2026-07-21 08:15:58,603 face_rec.engine DEBUG Detected 1 face(s)
2026-07-21 08:15:58,604 face_rec.service INFO Indexed output3_0000001327.png (1 face(s))
2026-07-21 08:15:58,914 face_rec.engine DEBUG Detected 1 face(s)
2026-07-21 08:15:58,915 face_rec.service INFO Indexed output3_0000001330.png (1 face(s))
2026-07-21 08:15:59,206 face_rec.engine DEBUG Detected 1 face(s)
2026-07-21 08:15:59,208 face_rec.service INFO Indexed output3_0000001331.png (1 face(s))
2026-07-21 08:15:59,506 face_rec.engine DEBUG Detected 1 face(s)
2026-07-21 08:15:59,507 face_rec.service INFO Indexed output3_0000001332.png (1 face(s))
2026-07-21 08:15:59,813 face_rec.engine DEBUG Detected 1 face(s)
2026-07-21 08:15:59,814 face_rec.service INFO Indexed output3_0000001333.png (1 face(s))
2026-07-21 08:16:00,124 face_rec.engine DEBUG Detected 1 face(s)
2026-07-21 08:16:00,125 face_rec.service INFO Indexed output3_0000001334.png (1 face(s))
2026-07-21 08:16:00,451 face_rec.engine DEBUG Detected 1 face(s)
2026-07-21 08:16:00,452 face_rec.service INFO Indexed output3_0000001335.png (1 face(s))
2026-07-21 08:16:00,734 face_rec.engine DEBUG Detected 1 face(s)
2026-07-21 08:16:00,735 face_rec.service INFO Indexed output3_0000001336.png (1 face(s))
2026-07-21 08:16:01,033 face_rec.engine DEBUG Detected 1 face(s)
2026-07-21 08:16:01,035 face_rec.service INFO Indexed output3_0000001337.png (1 face(s))
2026-07-21 08:16:01,333 face_rec.engine DEBUG Detected 1 face(s)
2026-07-21 08:16:01,334 face_rec.service INFO Indexed output3_0000001338.png (1 face(s))
2026-07-21 08:16:01,626 face_rec.engine DEBUG Detected 1 face(s)
2026-07-21 08:16:01,627 face_rec.service INFO Indexed output3_0000001339.png (1 face(s))
2026-07-21 08:16:01,929 face_rec.engine DEBUG Detected 1 face(s)
2026-07-21 08:16:01,931 face_rec.service INFO Indexed output3_0000001340.png (1 face(s))
2026-07-21 08:16:02,210 face_rec.engine DEBUG Detected 1 face(s)
2026-07-21 08:16:02,211 face_rec.service INFO Indexed output3_0000001341.png (1 face(s))
2026-07-21 08:16:02,583 face_rec.engine DEBUG Detected 1 face(s)
2026-07-21 08:16:02,584 face_rec.service INFO Indexed output3_0000001342.png (1 face(s))
2026-07-21 08:16:02,905 face_rec.engine DEBUG Detected 1 face(s)
2026-07-21 08:16:02,906 face_rec.service INFO Indexed output3_0000001343.png (1 face(s))
2026-07-21 08:16:03,206 face_rec.engine DEBUG Detected 1 face(s)
2026-07-21 08:16:03,207 face_rec.service INFO Indexed output3_0000001344.png (1 face(s))
2026-07-21 08:16:03,502 face_rec.engine DEBUG Detected 1 face(s)
2026-07-21 08:16:03,503 face_rec.service INFO Indexed output3_0000001345.png (1 face(s))
2026-07-21 08:16:03,801 face_rec.engine DEBUG Detected 1 face(s)
2026-07-21 08:16:03,802 face_rec.service INFO Indexed output3_0000001346.png (1 face(s))
2026-07-21 08:16:04,114 face_rec.engine DEBUG Detected 1 face(s)
2026-07-21 08:16:04,116 face_rec.service INFO Indexed output3_0000001347.png (1 face(s))
2026-07-21 08:16:04,428 face_rec.engine DEBUG Detected 1 face(s)
2026-07-21 08:16:04,430 face_rec.service INFO Indexed output3_0000001348.png (1 face(s))
2026-07-21 08:16:04,721 face_rec.engine DEBUG Detected 1 face(s)
2026-07-21 08:16:04,722 face_rec.service INFO Indexed output3_0000001349.png (1 face(s))
2026-07-21 08:16:04,997 face_rec.engine DEBUG Detected 1 face(s)
2026-07-21 08:16:04,999 face_rec.service INFO Indexed output3_0000001350.png (1 face(s))
2026-07-21 08:16:05,311 face_rec.engine DEBUG Detected 1 face(s)
2026-07-21 08:16:05,312 face_rec.service INFO Indexed output3_0000001351.png (1 face(s))
2026-07-21 08:16:05,605 face_rec.engine DEBUG Detected 1 face(s)
2026-07-21 08:16:05,606 face_rec.service INFO Indexed output3_0000001352.png (1 face(s))
2026-07-21 08:16:05,905 face_rec.engine DEBUG Detected 1 face(s)
2026-07-21 08:16:05,908 face_rec.service INFO Indexed output3_0000001353.png (1 face(s))
2026-07-21 08:16:06,474 face_rec.engine DEBUG Detected 2 face(s)
2026-07-21 08:16:06,476 face_rec.service INFO Indexed output3_0000001354.png (2 face(s))
2026-07-21 08:16:06,771 face_rec.engine DEBUG Detected 1 face(s)
2026-07-21 08:16:06,772 face_rec.service INFO Indexed output3_0000001355.png (1 face(s))
2026-07-21 08:16:07,061 face_rec.engine DEBUG Detected 1 face(s)
2026-07-21 08:16:07,063 face_rec.service INFO Indexed output3_0000001356.png (1 face(s))
2026-07-21 08:16:07,368 face_rec.engine DEBUG Detected 1 face(s)
2026-07-21 08:16:07,369 face_rec.service INFO Indexed output3_0000001357.png (1 face(s))
2026-07-21 08:16:07,666 face_rec.engine DEBUG Detected 1 face(s)
2026-07-21 08:16:07,667 face_rec.service INFO Indexed output3_0000001358.png (1 face(s))
2026-07-21 08:16:07,944 face_rec.engine DEBUG Detected 1 face(s)
2026-07-21 08:16:07,946 face_rec.service INFO Indexed output3_0000001359.png (1 face(s))
2026-07-21 08:16:08,257 face_rec.engine DEBUG Detected 1 face(s)
2026-07-21 08:16:08,259 face_rec.service INFO Indexed output3_0000001362.png (1 face(s))
2026-07-21 08:16:08,546 face_rec.engine DEBUG Detected 1 face(s)
2026-07-21 08:16:08,548 face_rec.service INFO Indexed output3_0000001363.png (1 face(s))
2026-07-21 08:16:08,857 face_rec.engine DEBUG Detected 1 face(s)
2026-07-21 08:16:08,858 face_rec.service INFO Indexed output3_0000001364.png (1 face(s))
2026-07-21 08:16:09,160 face_rec.engine DEBUG Detected 1 face(s)
2026-07-21 08:16:09,164 face_rec.service INFO Indexed output3_0000001365.png (1 face(s))
2026-07-21 08:16:09,463 face_rec.engine DEBUG Detected 1 face(s)
2026-07-21 08:16:09,465 face_rec.service INFO Indexed output3_0000001366.png (1 face(s))
2026-07-21 08:16:09,771 face_rec.engine DEBUG Detected 1 face(s)
2026-07-21 08:16:09,772 face_rec.service INFO Indexed output3_0000001367.png (1 face(s))
2026-07-21 08:16:10,126 face_rec.engine DEBUG Detected 1 face(s)
2026-07-21 08:16:10,128 face_rec.service INFO Indexed output3_0000001368.png (1 face(s))
2026-07-21 08:16:10,447 face_rec.engine DEBUG Detected 1 face(s)
2026-07-21 08:16:10,449 face_rec.service INFO Indexed output3_0000001369.png (1 face(s))
2026-07-21 08:16:10,777 face_rec.engine DEBUG Detected 1 face(s)
2026-07-21 08:16:10,779 face_rec.service INFO Indexed output3_0000001370.png (1 face(s))
2026-07-21 08:16:11,098 face_rec.engine DEBUG Detected 1 face(s)
2026-07-21 08:16:11,106 face_rec.service INFO Indexed output3_0000001371.png (1 face(s))
2026-07-21 08:16:11,730 face_rec.engine DEBUG Detected 1 face(s)
2026-07-21 08:16:11,732 face_rec.service INFO Indexed output3_0000001372.png (1 face(s))
2026-07-21 08:16:12,095 face_rec.engine DEBUG Detected 1 face(s)
2026-07-21 08:16:12,097 face_rec.service INFO Indexed output3_0000001373.png (1 face(s))
2026-07-21 08:16:12,434 face_rec.engine DEBUG Detected 1 face(s)
2026-07-21 08:16:12,436 face_rec.service INFO Indexed output3_0000001374.png (1 face(s))
2026-07-21 08:16:12,737 face_rec.engine DEBUG Detected 1 face(s)
2026-07-21 08:16:12,738 face_rec.service INFO Indexed output3_0000001375.png (1 face(s))
2026-07-21 08:16:13,073 face_rec.engine DEBUG Detected 1 face(s)
2026-07-21 08:16:13,075 face_rec.service INFO Indexed output3_0000001376.png (1 face(s))
2026-07-21 08:16:13,439 face_rec.engine DEBUG Detected 1 face(s)
2026-07-21 08:16:13,440 face_rec.service INFO Indexed output3_0000001377.png (1 face(s))
2026-07-21 08:16:13,840 face_rec.engine DEBUG Detected 1 face(s)
2026-07-21 08:16:13,842 face_rec.service INFO Indexed output3_0000001378.png (1 face(s))
2026-07-21 08:16:14,207 face_rec.engine DEBUG Detected 1 face(s)
2026-07-21 08:16:14,209 face_rec.service INFO Indexed output3_0000001379.png (1 face(s))
2026-07-21 08:16:14,525 face_rec.engine DEBUG Detected 1 face(s)
2026-07-21 08:16:14,527 face_rec.service INFO Indexed output3_0000001380.png (1 face(s))
2026-07-21 08:16:14,863 face_rec.engine DEBUG Detected 1 face(s)
2026-07-21 08:16:14,865 face_rec.service INFO Indexed output3_0000001381.png (1 face(s))
2026-07-21 08:16:15,183 face_rec.engine DEBUG Detected 1 face(s)
2026-07-21 08:16:15,192 face_rec.service INFO Indexed output3_0000001382.png (1 face(s))
2026-07-21 08:16:15,504 face_rec.engine DEBUG Detected 1 face(s)
2026-07-21 08:16:15,506 face_rec.service INFO Indexed output3_0000001383.png (1 face(s))
2026-07-21 08:16:15,796 face_rec.engine DEBUG Detected 1 face(s)
2026-07-21 08:16:15,798 face_rec.service INFO Indexed output3_0000001384.png (1 face(s))
2026-07-21 08:16:16,086 face_rec.engine DEBUG Detected 1 face(s)
2026-07-21 08:16:16,088 face_rec.service INFO Indexed output3_0000001385.png (1 face(s))
2026-07-21 08:16:16,376 face_rec.engine DEBUG Detected 1 face(s)
2026-07-21 08:16:16,377 face_rec.service INFO Indexed output3_0000001386.png (1 face(s))
2026-07-21 08:16:16,669 face_rec.engine DEBUG Detected 1 face(s)
2026-07-21 08:16:16,671 face_rec.service INFO Indexed output3_0000001387.png (1 face(s))
2026-07-21 08:16:17,010 face_rec.engine DEBUG Detected 1 face(s)
2026-07-21 08:16:17,012 face_rec.service INFO Indexed output3_0000001388.png (1 face(s))
2026-07-21 08:16:17,296 face_rec.engine DEBUG Detected 1 face(s)
2026-07-21 08:16:17,300 face_rec.service INFO Indexed output3_0000001389.png (1 face(s))
2026-07-21 08:16:17,615 face_rec.engine DEBUG Detected 1 face(s)
2026-07-21 08:16:17,619 face_rec.service INFO Indexed output3_0000001390.png (1 face(s))
2026-07-21 08:16:17,920 face_rec.engine DEBUG Detected 1 face(s)
2026-07-21 08:16:17,921 face_rec.service INFO Indexed output3_0000001391.png (1 face(s))
2026-07-21 08:16:18,214 face_rec.engine DEBUG Detected 1 face(s)
2026-07-21 08:16:18,215 face_rec.service INFO Indexed output3_0000001392.png (1 face(s))
2026-07-21 08:16:18,511 face_rec.engine DEBUG Detected 1 face(s)
2026-07-21 08:16:18,512 face_rec.service INFO Indexed output3_0000001393.png (1 face(s))
2026-07-21 08:16:18,810 face_rec.engine DEBUG Detected 1 face(s)
2026-07-21 08:16:18,811 face_rec.service INFO Indexed output3_0000001394.png (1 face(s))
2026-07-21 08:16:19,112 face_rec.engine DEBUG Detected 1 face(s)
2026-07-21 08:16:19,114 face_rec.service INFO Indexed output3_0000001395.png (1 face(s))
2026-07-21 08:16:19,408 face_rec.engine DEBUG Detected 1 face(s)
2026-07-21 08:16:19,410 face_rec.service INFO Indexed output3_0000001397.png (1 face(s))
2026-07-21 08:16:19,716 face_rec.engine DEBUG Detected 1 face(s)
2026-07-21 08:16:19,718 face_rec.service INFO Indexed output3_0000001398.png (1 face(s))
2026-07-21 08:16:20,010 face_rec.engine DEBUG Detected 1 face(s)
2026-07-21 08:16:20,011 face_rec.service INFO Indexed output3_0000001399.png (1 face(s))
2026-07-21 08:16:20,418 face_rec.engine DEBUG Detected 1 face(s)
2026-07-21 08:16:20,419 face_rec.service INFO Indexed output3_0000001400.png (1 face(s))
2026-07-21 08:16:20,744 face_rec.engine DEBUG Detected 1 face(s)
2026-07-21 08:16:20,745 face_rec.service INFO Indexed output3_0000001401.png (1 face(s))
2026-07-21 08:16:21,063 face_rec.engine DEBUG Detected 1 face(s)
2026-07-21 08:16:21,064 face_rec.service INFO Indexed output3_0000001402.png (1 face(s))
2026-07-21 08:16:21,363 face_rec.engine DEBUG Detected 1 face(s)
2026-07-21 08:16:21,364 face_rec.service INFO Indexed output3_0000001403.png (1 face(s))
2026-07-21 08:16:21,655 face_rec.engine DEBUG Detected 1 face(s)
2026-07-21 08:16:21,657 face_rec.service INFO Indexed output3_0000001404.png (1 face(s))
2026-07-21 08:16:21,966 face_rec.engine DEBUG Detected 1 face(s)
2026-07-21 08:16:21,968 face_rec.service INFO Indexed output3_0000001405.png (1 face(s))
2026-07-21 08:16:22,274 face_rec.engine DEBUG Detected 1 face(s)
2026-07-21 08:16:22,275 face_rec.service INFO Indexed output3_0000001406.png (1 face(s))
2026-07-21 08:16:22,590 face_rec.engine DEBUG Detected 1 face(s)
2026-07-21 08:16:22,592 face_rec.service INFO Indexed output3_0000001407.png (1 face(s))
2026-07-21 08:16:22,928 face_rec.engine DEBUG Detected 1 face(s)
2026-07-21 08:16:22,929 face_rec.service INFO Indexed output3_0000001408.png (1 face(s))
2026-07-21 08:16:23,198 face_rec.engine DEBUG Detected 1 face(s)
2026-07-21 08:16:23,200 face_rec.service INFO Indexed output3_0000001409.png (1 face(s))
2026-07-21 08:16:23,516 face_rec.engine DEBUG Detected 1 face(s)
2026-07-21 08:16:23,518 face_rec.service INFO Indexed output3_0000001410.png (1 face(s))
2026-07-21 08:16:23,855 face_rec.engine DEBUG Detected 1 face(s)
2026-07-21 08:16:23,857 face_rec.service INFO Indexed output3_0000001411.png (1 face(s))
2026-07-21 08:16:24,158 face_rec.engine DEBUG Detected 1 face(s)
2026-07-21 08:16:24,160 face_rec.service INFO Indexed output3_0000001412.png (1 face(s))
2026-07-21 08:16:24,477 face_rec.engine DEBUG Detected 1 face(s)
2026-07-21 08:16:24,479 face_rec.service INFO Indexed output3_0000001413.png (1 face(s))
2026-07-21 08:16:24,780 face_rec.engine DEBUG Detected 1 face(s)
2026-07-21 08:16:24,781 face_rec.service INFO Indexed output3_0000001414.png (1 face(s))
2026-07-21 08:16:25,077 face_rec.engine DEBUG Detected 1 face(s)
2026-07-21 08:16:25,079 face_rec.service INFO Indexed output3_0000001415.png (1 face(s))
2026-07-21 08:16:25,371 face_rec.engine DEBUG Detected 1 face(s)
2026-07-21 08:16:25,374 face_rec.service INFO Indexed output3_0000001416.png (1 face(s))
2026-07-21 08:16:25,678 face_rec.engine DEBUG Detected 1 face(s)
2026-07-21 08:16:25,679 face_rec.service INFO Indexed output3_0000001417.png (1 face(s))
2026-07-21 08:16:26,012 face_rec.engine DEBUG Detected 1 face(s)
2026-07-21 08:16:26,015 face_rec.service INFO Indexed output3_0000001418.png (1 face(s))
2026-07-21 08:16:26,305 face_rec.engine DEBUG Detected 1 face(s)
2026-07-21 08:16:26,306 face_rec.service INFO Indexed output3_0000001419.png (1 face(s))
2026-07-21 08:16:26,654 face_rec.engine DEBUG Detected 1 face(s)
2026-07-21 08:16:26,656 face_rec.service INFO Indexed output3_0000001420.png (1 face(s))
2026-07-21 08:16:27,006 face_rec.engine DEBUG Detected 1 face(s)
2026-07-21 08:16:27,007 face_rec.service INFO Indexed output3_0000001421.png (1 face(s))
2026-07-21 08:16:27,309 face_rec.engine DEBUG Detected 1 face(s)
2026-07-21 08:16:27,311 face_rec.service INFO Indexed output3_0000001422.png (1 face(s))
2026-07-21 08:16:27,692 face_rec.engine DEBUG Detected 1 face(s)
2026-07-21 08:16:27,694 face_rec.service INFO Indexed output3_0000001424.png (1 face(s))
2026-07-21 08:16:27,995 face_rec.engine DEBUG Detected 1 face(s)
2026-07-21 08:16:27,996 face_rec.service INFO Indexed output3_0000001425.png (1 face(s))
2026-07-21 08:16:28,292 face_rec.engine DEBUG Detected 1 face(s)
2026-07-21 08:16:28,294 face_rec.service INFO Indexed output3_0000001426.png (1 face(s))
2026-07-21 08:16:28,654 face_rec.engine DEBUG Detected 1 face(s)
2026-07-21 08:16:28,655 face_rec.service INFO Indexed output3_0000001427.png (1 face(s))
2026-07-21 08:16:29,040 face_rec.engine DEBUG Detected 1 face(s)
2026-07-21 08:16:29,042 face_rec.service INFO Indexed output3_0000001428.png (1 face(s))
2026-07-21 08:16:29,382 face_rec.engine DEBUG Detected 1 face(s)
2026-07-21 08:16:29,385 face_rec.service INFO Indexed output3_0000001429.png (1 face(s))
2026-07-21 08:16:29,682 face_rec.engine DEBUG Detected 1 face(s)
2026-07-21 08:16:29,685 face_rec.service INFO Indexed output3_0000001430.png (1 face(s))
2026-07-21 08:16:30,210 face_rec.engine DEBUG Detected 2 face(s)
2026-07-21 08:16:30,212 face_rec.service INFO Indexed output3_0000001431.png (2 face(s))
2026-07-21 08:16:30,518 face_rec.engine DEBUG Detected 1 face(s)
2026-07-21 08:16:30,520 face_rec.service INFO Indexed output3_0000001432.png (1 face(s))
2026-07-21 08:16:30,824 face_rec.engine DEBUG Detected 1 face(s)
2026-07-21 08:16:30,825 face_rec.service INFO Indexed output3_0000001433.png (1 face(s))
2026-07-21 08:16:31,118 face_rec.engine DEBUG Detected 1 face(s)
2026-07-21 08:16:31,120 face_rec.service INFO Indexed output3_0000001434.png (1 face(s))
2026-07-21 08:16:31,406 face_rec.engine DEBUG Detected 1 face(s)
2026-07-21 08:16:31,407 face_rec.service INFO Indexed output3_0000001435.png (1 face(s))
2026-07-21 08:16:31,702 face_rec.engine DEBUG Detected 1 face(s)
2026-07-21 08:16:31,704 face_rec.service INFO Indexed output3_0000001436.png (1 face(s))
2026-07-21 08:16:32,007 face_rec.engine DEBUG Detected 1 face(s)
2026-07-21 08:16:32,009 face_rec.service INFO Indexed output3_0000001437.png (1 face(s))
2026-07-21 08:16:32,317 face_rec.engine DEBUG Detected 1 face(s)
2026-07-21 08:16:32,319 face_rec.service INFO Indexed output3_0000001439.png (1 face(s))
2026-07-21 08:16:32,596 face_rec.engine DEBUG Detected 1 face(s)
2026-07-21 08:16:32,598 face_rec.service INFO Indexed output3_0000001440.png (1 face(s))
2026-07-21 08:16:32,923 face_rec.engine DEBUG Detected 1 face(s)
2026-07-21 08:16:32,924 face_rec.service INFO Indexed output3_0000001441.png (1 face(s))
2026-07-21 08:16:33,227 face_rec.engine DEBUG Detected 1 face(s)
2026-07-21 08:16:33,228 face_rec.service INFO Indexed output3_0000001443.png (1 face(s))
2026-07-21 08:16:33,522 face_rec.engine DEBUG Detected 1 face(s)
2026-07-21 08:16:33,523 face_rec.service INFO Indexed output3_0000001444.png (1 face(s))
2026-07-21 08:16:33,813 face_rec.engine DEBUG Detected 1 face(s)
2026-07-21 08:16:33,814 face_rec.service INFO Indexed output3_0000001445.png (1 face(s))
2026-07-21 08:16:34,106 face_rec.engine DEBUG Detected 1 face(s)
2026-07-21 08:16:34,108 face_rec.service INFO Indexed output3_0000001446.png (1 face(s))
2026-07-21 08:16:34,407 face_rec.engine DEBUG Detected 1 face(s)
2026-07-21 08:16:34,408 face_rec.service INFO Indexed output3_0000001447.png (1 face(s))
2026-07-21 08:16:34,825 face_rec.engine DEBUG Detected 1 face(s)
2026-07-21 08:16:34,827 face_rec.service INFO Indexed output3_0000001448.png (1 face(s))
2026-07-21 08:16:35,157 face_rec.engine DEBUG Detected 1 face(s)
2026-07-21 08:16:35,159 face_rec.service INFO Indexed output3_0000001449.png (1 face(s))
2026-07-21 08:16:35,490 face_rec.engine DEBUG Detected 1 face(s)
2026-07-21 08:16:35,492 face_rec.service INFO Indexed output3_0000001450.png (1 face(s))
2026-07-21 08:16:35,790 face_rec.engine DEBUG Detected 1 face(s)
2026-07-21 08:16:35,793 face_rec.service INFO Indexed output3_0000001451.png (1 face(s))
2026-07-21 08:16:36,099 face_rec.engine DEBUG Detected 1 face(s)
2026-07-21 08:16:36,100 face_rec.service INFO Indexed output3_0000001452.png (1 face(s))
2026-07-21 08:16:36,404 face_rec.engine DEBUG Detected 1 face(s)
2026-07-21 08:16:36,406 face_rec.service INFO Indexed output3_0000001453.png (1 face(s))
2026-07-21 08:16:36,699 face_rec.engine DEBUG Detected 1 face(s)
2026-07-21 08:16:36,701 face_rec.service INFO Indexed output3_0000001454.png (1 face(s))
2026-07-21 08:16:36,993 face_rec.engine DEBUG Detected 1 face(s)
2026-07-21 08:16:36,994 face_rec.service INFO Indexed output3_0000001456.png (1 face(s))
2026-07-21 08:16:37,295 face_rec.engine DEBUG Detected 1 face(s)
2026-07-21 08:16:37,297 face_rec.service INFO Indexed output3_0000001457.png (1 face(s))
2026-07-21 08:16:37,594 face_rec.engine DEBUG Detected 1 face(s)
2026-07-21 08:16:37,596 face_rec.service INFO Indexed output3_0000001458.png (1 face(s))
2026-07-21 08:16:37,903 face_rec.engine DEBUG Detected 1 face(s)
2026-07-21 08:16:37,907 face_rec.service INFO Indexed output3_0000001459.png (1 face(s))
2026-07-21 08:16:38,216 face_rec.engine DEBUG Detected 1 face(s)
2026-07-21 08:16:38,218 face_rec.service INFO Indexed output3_0000001460.png (1 face(s))
2026-07-21 08:16:38,516 face_rec.engine DEBUG Detected 1 face(s)
2026-07-21 08:16:38,517 face_rec.service INFO Indexed output3_0000001461.png (1 face(s))
2026-07-21 08:16:38,818 face_rec.engine DEBUG Detected 1 face(s)
2026-07-21 08:16:38,819 face_rec.service INFO Indexed output3_0000001462.png (1 face(s))
2026-07-21 08:16:39,132 face_rec.engine DEBUG Detected 1 face(s)
2026-07-21 08:16:39,133 face_rec.service INFO Indexed output3_0000001463.png (1 face(s))
2026-07-21 08:16:39,434 face_rec.engine DEBUG Detected 1 face(s)
2026-07-21 08:16:39,438 face_rec.service INFO Indexed output3_0000001464.png (1 face(s))
2026-07-21 08:16:39,741 face_rec.engine DEBUG Detected 1 face(s)
2026-07-21 08:16:39,742 face_rec.service INFO Indexed output3_0000001465.png (1 face(s))
2026-07-21 08:16:40,025 face_rec.engine DEBUG Detected 1 face(s)
2026-07-21 08:16:40,026 face_rec.service INFO Indexed output3_0000001466.png (1 face(s))
2026-07-21 08:16:40,310 face_rec.engine DEBUG Detected 1 face(s)
2026-07-21 08:16:40,312 face_rec.service INFO Indexed output3_0000001467.png (1 face(s))
2026-07-21 08:16:40,604 face_rec.engine DEBUG Detected 1 face(s)
2026-07-21 08:16:40,605 face_rec.service INFO Indexed output3_0000001468.png (1 face(s))
2026-07-21 08:16:40,902 face_rec.engine DEBUG Detected 1 face(s)
2026-07-21 08:16:40,903 face_rec.service INFO Indexed output3_0000001469.png (1 face(s))
2026-07-21 08:16:41,214 face_rec.engine DEBUG Detected 1 face(s)
2026-07-21 08:16:41,215 face_rec.service INFO Indexed output3_0000001470.png (1 face(s))
2026-07-21 08:16:41,505 face_rec.engine DEBUG Detected 1 face(s)
2026-07-21 08:16:41,506 face_rec.service INFO Indexed output3_0000001471.png (1 face(s))
2026-07-21 08:16:41,813 face_rec.engine DEBUG Detected 1 face(s)
2026-07-21 08:16:41,814 face_rec.service INFO Indexed output3_0000001472.png (1 face(s))
2026-07-21 08:16:42,129 face_rec.engine DEBUG Detected 1 face(s)
2026-07-21 08:16:42,130 face_rec.service INFO Indexed output3_0000001473.png (1 face(s))
2026-07-21 08:16:42,428 face_rec.engine DEBUG Detected 1 face(s)
2026-07-21 08:16:42,429 face_rec.service INFO Indexed output3_0000001474.png (1 face(s))
2026-07-21 08:16:42,721 face_rec.engine DEBUG Detected 1 face(s)
2026-07-21 08:16:42,722 face_rec.service INFO Indexed output3_0000001476.png (1 face(s))
2026-07-21 08:16:43,033 face_rec.engine DEBUG Detected 1 face(s)
2026-07-21 08:16:43,037 face_rec.service INFO Indexed output3_0000001477.png (1 face(s))
2026-07-21 08:16:43,398 face_rec.engine DEBUG Detected 1 face(s)
2026-07-21 08:16:43,403 face_rec.service INFO Indexed output3_0000001478.png (1 face(s))
2026-07-21 08:16:43,697 face_rec.engine DEBUG Detected 1 face(s)
2026-07-21 08:16:43,698 face_rec.service INFO Indexed output3_0000001479.png (1 face(s))
2026-07-21 08:16:44,057 face_rec.engine DEBUG Detected 1 face(s)
2026-07-21 08:16:44,058 face_rec.service INFO Indexed output3_0000001480.png (1 face(s))
2026-07-21 08:16:44,431 face_rec.engine DEBUG Detected 1 face(s)
2026-07-21 08:16:44,432 face_rec.service INFO Indexed output3_0000001481.png (1 face(s))
2026-07-21 08:16:44,723 face_rec.engine DEBUG Detected 1 face(s)
2026-07-21 08:16:44,725 face_rec.service INFO Indexed output3_0000001482.png (1 face(s))
2026-07-21 08:16:45,081 face_rec.engine DEBUG Detected 1 face(s)
2026-07-21 08:16:45,086 face_rec.service INFO Indexed output3_0000001483.png (1 face(s))
2026-07-21 08:16:45,415 face_rec.engine DEBUG Detected 1 face(s)
2026-07-21 08:16:45,416 face_rec.service INFO Indexed output3_0000001484.png (1 face(s))
2026-07-21 08:16:45,953 face_rec.engine DEBUG Detected 2 face(s)
2026-07-21 08:16:45,954 face_rec.service INFO Indexed output3_0000001485.png (2 face(s))
2026-07-21 08:16:46,252 face_rec.engine DEBUG Detected 1 face(s)
2026-07-21 08:16:46,253 face_rec.service INFO Indexed output3_0000001486.png (1 face(s))
2026-07-21 08:16:46,695 face_rec.engine DEBUG Detected 1 face(s)
2026-07-21 08:16:46,697 face_rec.service INFO Indexed output3_0000001487.png (1 face(s))
2026-07-21 08:16:47,064 face_rec.engine DEBUG Detected 1 face(s)
2026-07-21 08:16:47,066 face_rec.service INFO Indexed output3_0000001488.png (1 face(s))
2026-07-21 08:16:47,483 face_rec.engine DEBUG Detected 1 face(s)
2026-07-21 08:16:47,484 face_rec.service INFO Indexed output3_0000001490.png (1 face(s))
2026-07-21 08:16:47,788 face_rec.engine DEBUG Detected 1 face(s)
2026-07-21 08:16:47,789 face_rec.service INFO Indexed output3_0000001491.png (1 face(s))
2026-07-21 08:16:48,128 face_rec.engine DEBUG Detected 1 face(s)
2026-07-21 08:16:48,129 face_rec.service INFO Indexed output3_0000001492.png (1 face(s))
2026-07-21 08:16:48,486 face_rec.engine DEBUG Detected 1 face(s)
2026-07-21 08:16:48,487 face_rec.service INFO Indexed output3_0000001493.png (1 face(s))
2026-07-21 08:16:48,813 face_rec.engine DEBUG Detected 1 face(s)
2026-07-21 08:16:48,815 face_rec.service INFO Indexed output3_0000001494.png (1 face(s))
2026-07-21 08:16:49,135 face_rec.engine DEBUG Detected 1 face(s)
2026-07-21 08:16:49,136 face_rec.service INFO Indexed output3_0000001495.png (1 face(s))
2026-07-21 08:16:49,463 face_rec.engine DEBUG Detected 1 face(s)
2026-07-21 08:16:49,464 face_rec.service INFO Indexed output3_0000001496.png (1 face(s))
2026-07-21 08:16:49,782 face_rec.engine DEBUG Detected 1 face(s)
2026-07-21 08:16:49,783 face_rec.service INFO Indexed output3_0000001497.png (1 face(s))
2026-07-21 08:16:50,108 face_rec.engine DEBUG Detected 1 face(s)
2026-07-21 08:16:50,109 face_rec.service INFO Indexed output3_0000001498.png (1 face(s))
2026-07-21 08:16:50,429 face_rec.engine DEBUG Detected 1 face(s)
2026-07-21 08:16:50,430 face_rec.service INFO Indexed output3_0000001499.png (1 face(s))
2026-07-21 08:16:50,733 face_rec.engine DEBUG Detected 1 face(s)
2026-07-21 08:16:50,734 face_rec.service INFO Indexed output3_0000001500.png (1 face(s))
2026-07-21 08:16:51,037 face_rec.engine DEBUG Detected 1 face(s)
2026-07-21 08:16:51,038 face_rec.service INFO Indexed output3_0000001501.png (1 face(s))
2026-07-21 08:16:51,341 face_rec.engine DEBUG Detected 1 face(s)
2026-07-21 08:16:51,342 face_rec.service INFO Indexed output3_0000001502.png (1 face(s))
2026-07-21 08:16:51,651 face_rec.engine DEBUG Detected 1 face(s)
2026-07-21 08:16:51,652 face_rec.service INFO Indexed output3_0000001504.png (1 face(s))
2026-07-21 08:16:51,970 face_rec.engine DEBUG Detected 1 face(s)
2026-07-21 08:16:51,971 face_rec.service INFO Indexed output3_0000001505.png (1 face(s))
2026-07-21 08:16:52,301 face_rec.engine DEBUG Detected 1 face(s)
2026-07-21 08:16:52,302 face_rec.service INFO Indexed output3_0000001506.png (1 face(s))
2026-07-21 08:16:52,601 face_rec.engine DEBUG Detected 1 face(s)
2026-07-21 08:16:52,601 face_rec.service INFO Indexed output3_0000001507.png (1 face(s))
2026-07-21 08:16:52,905 face_rec.engine DEBUG Detected 1 face(s)
2026-07-21 08:16:52,906 face_rec.service INFO Indexed output3_0000001508.png (1 face(s))
2026-07-21 08:16:53,253 face_rec.engine DEBUG Detected 1 face(s)
2026-07-21 08:16:53,254 face_rec.service INFO Indexed output3_0000001509.png (1 face(s))
2026-07-21 08:16:53,558 face_rec.engine DEBUG Detected 1 face(s)
2026-07-21 08:16:53,559 face_rec.service INFO Indexed output3_0000001510.png (1 face(s))
2026-07-21 08:16:53,965 face_rec.engine DEBUG Detected 1 face(s)
2026-07-21 08:16:53,966 face_rec.service INFO Indexed output3_0000001511.png (1 face(s))
2026-07-21 08:16:54,491 face_rec.engine DEBUG Detected 1 face(s)
2026-07-21 08:16:54,492 face_rec.service INFO Indexed output3_0000001512.png (1 face(s))
2026-07-21 08:16:55,042 face_rec.engine DEBUG Detected 1 face(s)
2026-07-21 08:16:55,043 face_rec.service INFO Indexed output3_0000001513.png (1 face(s))
2026-07-21 08:16:55,426 face_rec.engine DEBUG Detected 1 face(s)
2026-07-21 08:16:55,427 face_rec.service INFO Indexed output3_0000001514.png (1 face(s))
2026-07-21 08:16:55,860 face_rec.engine DEBUG Detected 1 face(s)
2026-07-21 08:16:55,861 face_rec.service INFO Indexed output3_0000001515.png (1 face(s))
2026-07-21 08:16:56,173 face_rec.engine DEBUG Detected 1 face(s)
2026-07-21 08:16:56,174 face_rec.service INFO Indexed output3_0000001516.png (1 face(s))
2026-07-21 08:16:56,507 face_rec.engine DEBUG Detected 1 face(s)
2026-07-21 08:16:56,508 face_rec.service INFO Indexed output3_0000001517.png (1 face(s))
2026-07-21 08:16:56,851 face_rec.engine DEBUG Detected 1 face(s)
2026-07-21 08:16:56,852 face_rec.service INFO Indexed output3_0000001518.png (1 face(s))
2026-07-21 08:16:57,217 face_rec.engine DEBUG Detected 1 face(s)
2026-07-21 08:16:57,219 face_rec.service INFO Indexed output3_0000001519.png (1 face(s))
2026-07-21 08:16:57,562 face_rec.engine DEBUG Detected 1 face(s)
2026-07-21 08:16:57,563 face_rec.service INFO Indexed output3_0000001520.png (1 face(s))
2026-07-21 08:16:57,886 face_rec.engine DEBUG Detected 1 face(s)
2026-07-21 08:16:57,887 face_rec.service INFO Indexed output3_0000001521.png (1 face(s))
2026-07-21 08:16:58,204 face_rec.engine DEBUG Detected 1 face(s)
2026-07-21 08:16:58,206 face_rec.service INFO Indexed output3_0000001522.png (1 face(s))
2026-07-21 08:20:14,660 face_rec.engine INFO Loading InsightFace model pack buffalo_l from /Users/sebastien/.cache/models/insightface
2026-07-21 08:20:14,929 face_rec.service WARNING Pruned missing file from database: /Users/sebastien/projects/perso/image-generation/out/output3_0000001510.png
2026-07-21 08:20:14,930 face_rec.service WARNING Pruned missing file from database: /Users/sebastien/projects/perso/image-generation/out/output3_0000001511.png
2026-07-21 08:20:14,930 face_rec.service WARNING Pruned missing file from database: /Users/sebastien/projects/perso/image-generation/out/output3_0000001512.png
2026-07-21 08:20:14,931 face_rec.service WARNING Pruned missing file from database: /Users/sebastien/projects/perso/image-generation/out/output3_0000001521.png
2026-07-21 08:20:15,371 face_rec.engine DEBUG Detected 1 face(s)
2026-07-21 08:20:15,372 face_rec.service INFO Indexed output3_0000001523.png (1 face(s))
2026-07-21 08:20:15,588 face_rec.engine DEBUG Detected 1 face(s)
2026-07-21 08:20:15,589 face_rec.service INFO Indexed output3_0000001524.png (1 face(s))
2026-07-21 08:20:36,388 face_rec.engine INFO Loading InsightFace model pack buffalo_l from /Users/sebastien/.cache/models/insightface
2026-07-21 08:38:55,772 face_rec.engine INFO Loading InsightFace model pack buffalo_l from /Users/sebastien/.cache/models/insightface
2026-07-21 08:38:56,598 face_rec.engine DEBUG Detected 1 face(s)
2026-07-21 20:01:10,896 face_rec.engine INFO Loading InsightFace model pack buffalo_l from /Users/sebastien/.cache/models/insightface
2026-07-21 20:01:12,205 face_rec.engine DEBUG Detected 1 face(s)
2026-07-21 20:01:12,208 face_rec.service INFO Indexed output3_0000001525.png (1 face(s))
2026-07-21 20:01:12,735 face_rec.engine DEBUG Detected 1 face(s)
2026-07-21 20:01:12,737 face_rec.service INFO Indexed output3_0000001526.png (1 face(s))
2026-07-21 20:01:13,020 face_rec.engine DEBUG Detected 1 face(s)
2026-07-21 20:01:13,024 face_rec.service INFO Indexed output3_0000001527.png (1 face(s))
2026-07-21 20:01:13,373 face_rec.engine DEBUG Detected 1 face(s)
2026-07-21 20:01:13,374 face_rec.service INFO Indexed output3_0000001528.png (1 face(s))
2026-07-21 20:01:13,677 face_rec.engine DEBUG Detected 1 face(s)
2026-07-21 20:01:13,677 face_rec.service INFO Indexed output3_0000001529.png (1 face(s))
2026-07-21 20:01:13,959 face_rec.engine DEBUG Detected 1 face(s)
2026-07-21 20:01:13,960 face_rec.service INFO Indexed output3_0000001530.png (1 face(s))
2026-07-21 20:01:14,264 face_rec.engine DEBUG Detected 1 face(s)
2026-07-21 20:01:14,265 face_rec.service INFO Indexed output3_0000001532.png (1 face(s))
2026-07-21 20:01:14,568 face_rec.engine DEBUG Detected 1 face(s)
2026-07-21 20:01:14,569 face_rec.service INFO Indexed output3_0000001533.png (1 face(s))
2026-07-21 20:01:14,857 face_rec.engine DEBUG Detected 1 face(s)
2026-07-21 20:01:14,858 face_rec.service INFO Indexed output3_0000001534.png (1 face(s))
2026-07-21 20:01:15,148 face_rec.engine DEBUG Detected 1 face(s)
2026-07-21 20:01:15,150 face_rec.service INFO Indexed output3_0000001535.png (1 face(s))
2026-07-21 20:01:15,451 face_rec.engine DEBUG Detected 1 face(s)
2026-07-21 20:01:15,453 face_rec.service INFO Indexed output3_0000001537.png (1 face(s))
2026-07-21 20:01:15,738 face_rec.engine DEBUG Detected 1 face(s)
2026-07-21 20:01:15,742 face_rec.service INFO Indexed output3_0000001538.png (1 face(s))
2026-07-21 20:01:16,041 face_rec.engine DEBUG Detected 1 face(s)
2026-07-21 20:01:16,042 face_rec.service INFO Indexed output3_0000001539.png (1 face(s))
2026-07-21 20:01:16,353 face_rec.engine DEBUG Detected 1 face(s)
2026-07-21 20:01:16,354 face_rec.service INFO Indexed output3_0000001540.png (1 face(s))
2026-07-21 20:01:16,848 face_rec.engine DEBUG Detected 2 face(s)
2026-07-21 20:01:16,849 face_rec.service INFO Indexed output3_0000001541.png (2 face(s))
2026-07-21 20:01:17,147 face_rec.engine DEBUG Detected 1 face(s)
2026-07-21 20:01:17,148 face_rec.service INFO Indexed output3_0000001542.png (1 face(s))
2026-07-21 20:01:17,447 face_rec.engine DEBUG Detected 1 face(s)
2026-07-21 20:01:17,448 face_rec.service INFO Indexed output3_0000001543.png (1 face(s))
2026-07-21 20:01:17,755 face_rec.engine DEBUG Detected 1 face(s)
2026-07-21 20:01:17,756 face_rec.service INFO Indexed output3_0000001544.png (1 face(s))
2026-07-21 20:01:18,068 face_rec.engine DEBUG Detected 1 face(s)
2026-07-21 20:01:18,069 face_rec.service INFO Indexed output3_0000001545.png (1 face(s))
2026-07-21 20:01:18,374 face_rec.engine DEBUG Detected 1 face(s)
2026-07-21 20:01:18,375 face_rec.service INFO Indexed output3_0000001546.png (1 face(s))
2026-07-21 20:01:18,674 face_rec.engine DEBUG Detected 1 face(s)
2026-07-21 20:01:18,675 face_rec.service INFO Indexed output3_0000001547.png (1 face(s))
2026-07-21 20:01:18,968 face_rec.engine DEBUG Detected 1 face(s)
2026-07-21 20:01:18,969 face_rec.service INFO Indexed output3_0000001548.png (1 face(s))
2026-07-21 20:01:19,285 face_rec.engine DEBUG Detected 1 face(s)
2026-07-21 20:01:19,286 face_rec.service INFO Indexed output3_0000001549.png (1 face(s))
2026-07-21 20:01:19,581 face_rec.engine DEBUG Detected 1 face(s)
2026-07-21 20:01:19,583 face_rec.service INFO Indexed output3_0000001550.png (1 face(s))
2026-07-21 20:01:19,897 face_rec.engine DEBUG Detected 1 face(s)
2026-07-21 20:01:19,898 face_rec.service INFO Indexed output3_0000001552.png (1 face(s))
2026-07-21 20:01:20,225 face_rec.engine DEBUG Detected 1 face(s)
2026-07-21 20:01:20,226 face_rec.service INFO Indexed output3_0000001553.png (1 face(s))
2026-07-21 20:01:20,543 face_rec.engine DEBUG Detected 1 face(s)
2026-07-21 20:01:20,544 face_rec.service INFO Indexed output3_0000001554.png (1 face(s))
2026-07-21 20:01:20,840 face_rec.engine DEBUG Detected 1 face(s)
2026-07-21 20:01:20,845 face_rec.service INFO Indexed output3_0000001556.png (1 face(s))
2026-07-21 20:01:21,151 face_rec.engine DEBUG Detected 1 face(s)
2026-07-21 20:01:21,152 face_rec.service INFO Indexed output3_0000001557.png (1 face(s))
2026-07-21 20:01:21,547 face_rec.engine DEBUG Detected 1 face(s)
2026-07-21 20:01:21,549 face_rec.service INFO Indexed output3_0000001558.png (1 face(s))
2026-07-21 20:01:21,910 face_rec.engine DEBUG Detected 1 face(s)
2026-07-21 20:01:21,911 face_rec.service INFO Indexed output3_0000001559.png (1 face(s))
2026-07-21 20:01:22,214 face_rec.engine DEBUG Detected 1 face(s)
2026-07-21 20:01:22,216 face_rec.service INFO Indexed output3_0000001560.png (1 face(s))
2026-07-21 20:01:22,514 face_rec.engine DEBUG Detected 1 face(s)
2026-07-21 20:01:22,516 face_rec.service INFO Indexed output3_0000001561.png (1 face(s))
2026-07-21 20:01:22,852 face_rec.engine DEBUG Detected 1 face(s)
2026-07-21 20:01:22,853 face_rec.service INFO Indexed output3_0000001563.png (1 face(s))
2026-07-21 20:01:23,185 face_rec.engine DEBUG Detected 1 face(s)
2026-07-21 20:01:23,186 face_rec.service INFO Indexed output3_0000001564.png (1 face(s))
2026-07-21 20:01:23,706 face_rec.engine DEBUG Detected 2 face(s)
2026-07-21 20:01:23,707 face_rec.service INFO Indexed output3_0000001565.png (2 face(s))
2026-07-21 20:01:24,012 face_rec.engine DEBUG Detected 1 face(s)
2026-07-21 20:01:24,014 face_rec.service INFO Indexed output3_0000001566.png (1 face(s))
2026-07-21 20:01:24,379 face_rec.engine DEBUG Detected 1 face(s)
2026-07-21 20:01:24,380 face_rec.service INFO Indexed output3_0000001567.png (1 face(s))
2026-07-21 20:01:24,703 face_rec.engine DEBUG Detected 1 face(s)
2026-07-21 20:01:24,704 face_rec.service INFO Indexed output3_0000001568.png (1 face(s))
2026-07-21 20:01:25,071 face_rec.engine DEBUG Detected 1 face(s)
2026-07-21 20:01:25,072 face_rec.service INFO Indexed output3_0000001569.png (1 face(s))
2026-07-21 20:01:25,391 face_rec.engine DEBUG Detected 1 face(s)
2026-07-21 20:01:25,393 face_rec.service INFO Indexed output3_0000001570.png (1 face(s))
2026-07-21 20:05:08,242 face_rec.engine INFO Loading InsightFace model pack buffalo_l from /Users/sebastien/.cache/models/insightface
2026-07-21 20:05:08,611 face_rec.service WARNING Pruned missing file from database: /Users/sebastien/projects/perso/image-generation/out/output3_0000001564.png
2026-07-21 20:05:08,612 face_rec.service WARNING Pruned missing file from database: /Users/sebastien/projects/perso/image-generation/out/output3_0000001570.png
2026-07-21 20:05:09,172 face_rec.engine DEBUG Detected 1 face(s)
2026-07-21 20:05:09,173 face_rec.service INFO Indexed output3_0000001571.png (1 face(s))
2026-07-21 20:05:09,476 face_rec.engine DEBUG Detected 1 face(s)
2026-07-21 20:05:09,477 face_rec.service INFO Indexed output3_0000001572.png (1 face(s))
2026-07-21 20:29:57,157 face_rec.engine INFO Loading InsightFace model pack buffalo_l from /Users/sebastien/.cache/models/insightface
2026-07-21 20:29:57,921 face_rec.service WARNING Pruned missing file from database: /Users/sebastien/projects/perso/image-generation/out/output_0000000005.png
2026-07-21 20:29:57,922 face_rec.service WARNING Pruned missing file from database: /Users/sebastien/projects/perso/image-generation/out/output_0000000006.png
2026-07-21 20:29:57,922 face_rec.service WARNING Pruned missing file from database: /Users/sebastien/projects/perso/image-generation/out/output_0000000007.png
2026-07-21 20:29:57,923 face_rec.service WARNING Pruned missing file from database: /Users/sebastien/projects/perso/image-generation/out/output_0000000008.png
2026-07-21 20:29:57,923 face_rec.service WARNING Pruned missing file from database: /Users/sebastien/projects/perso/image-generation/out/output_0000000010.png
2026-07-21 20:29:57,923 face_rec.service WARNING Pruned missing file from database: /Users/sebastien/projects/perso/image-generation/out/output_0000000011.png
2026-07-21 20:29:57,923 face_rec.service WARNING Pruned missing file from database: /Users/sebastien/projects/perso/image-generation/out/output_0000000014.png
2026-07-21 20:29:57,923 face_rec.service WARNING Pruned missing file from database: /Users/sebastien/projects/perso/image-generation/out/output_0000000015.png
2026-07-21 20:29:57,923 face_rec.service WARNING Pruned missing file from database: /Users/sebastien/projects/perso/image-generation/out/output_0000000016.png
2026-07-21 20:29:57,924 face_rec.service WARNING Pruned missing file from database: /Users/sebastien/projects/perso/image-generation/out/output_0000000022.png
2026-07-21 20:29:57,924 face_rec.service WARNING Pruned missing file from database: /Users/sebastien/projects/perso/image-generation/out/output_0000000024.png
2026-07-21 20:29:57,924 face_rec.service WARNING Pruned missing file from database: /Users/sebastien/projects/perso/image-generation/out/output_0000000027.png
2026-07-21 20:29:57,924 face_rec.service WARNING Pruned missing file from database: /Users/sebastien/projects/perso/image-generation/out/output_0000000028.png
2026-07-21 20:29:57,924 face_rec.service WARNING Pruned missing file from database: /Users/sebastien/projects/perso/image-generation/out/output_0000000029.png
2026-07-21 20:29:57,925 face_rec.service WARNING Pruned missing file from database: /Users/sebastien/projects/perso/image-generation/out/output_0000000030.png
2026-07-21 20:29:57,925 face_rec.service WARNING Pruned missing file from database: /Users/sebastien/projects/perso/image-generation/out/output_0000000032.png
2026-07-21 20:29:57,925 face_rec.service WARNING Pruned missing file from database: /Users/sebastien/projects/perso/image-generation/out/output_0000000033.png
2026-07-21 20:29:57,925 face_rec.service WARNING Pruned missing file from database: /Users/sebastien/projects/perso/image-generation/out/output_0000000035.png
2026-07-21 20:29:57,925 face_rec.service WARNING Pruned missing file from database: /Users/sebastien/projects/perso/image-generation/out/output_0000000037.png
2026-07-21 20:29:57,926 face_rec.service WARNING Pruned missing file from database: /Users/sebastien/projects/perso/image-generation/out/output_0000000039.png
2026-07-21 20:29:57,926 face_rec.service WARNING Pruned missing file from database: /Users/sebastien/projects/perso/image-generation/out/output_0000000040.png
2026-07-21 20:29:57,926 face_rec.service WARNING Pruned missing file from database: /Users/sebastien/projects/perso/image-generation/out/output_0000000044.png
2026-07-21 20:29:57,926 face_rec.service WARNING Pruned missing file from database: /Users/sebastien/projects/perso/image-generation/out/output_0000000045.png
2026-07-21 20:29:57,926 face_rec.service WARNING Pruned missing file from database: /Users/sebastien/projects/perso/image-generation/out/output_0000000047.png
2026-07-21 20:29:57,927 face_rec.service WARNING Pruned missing file from database: /Users/sebastien/projects/perso/image-generation/out/output_0000000048.png
2026-07-21 20:29:57,927 face_rec.service WARNING Pruned missing file from database: /Users/sebastien/projects/perso/image-generation/out/output_0000000049.png
2026-07-21 20:29:57,927 face_rec.service WARNING Pruned missing file from database: /Users/sebastien/projects/perso/image-generation/out/output_0000000050.png
2026-07-21 20:29:57,927 face_rec.service WARNING Pruned missing file from database: /Users/sebastien/projects/perso/image-generation/out/output_0000000051.png
2026-07-21 20:29:57,927 face_rec.service WARNING Pruned missing file from database: /Users/sebastien/projects/perso/image-generation/out/output_0000000052.png
2026-07-21 20:29:57,927 face_rec.service WARNING Pruned missing file from database: /Users/sebastien/projects/perso/image-generation/out/output_0000000056.png
2026-07-21 20:29:57,928 face_rec.service WARNING Pruned missing file from database: /Users/sebastien/projects/perso/image-generation/out/output_0000000058.png
2026-07-21 20:29:57,928 face_rec.service WARNING Pruned missing file from database: /Users/sebastien/projects/perso/image-generation/out/output_0000000059.png
2026-07-21 20:29:57,928 face_rec.service WARNING Pruned missing file from database: /Users/sebastien/projects/perso/image-generation/out/output_0000000061.png
2026-07-21 20:29:57,928 face_rec.service WARNING Pruned missing file from database: /Users/sebastien/projects/perso/image-generation/out/output_0000000063.png
2026-07-21 20:29:57,928 face_rec.service WARNING Pruned missing file from database: /Users/sebastien/projects/perso/image-generation/out/output_0000000064.png
2026-07-21 20:29:57,929 face_rec.service WARNING Pruned missing file from database: /Users/sebastien/projects/perso/image-generation/out/output_0000000069.png
2026-07-21 20:29:57,929 face_rec.service WARNING Pruned missing file from database: /Users/sebastien/projects/perso/image-generation/out/output_0000000070.png
2026-07-21 20:29:57,929 face_rec.service WARNING Pruned missing file from database: /Users/sebastien/projects/perso/image-generation/out/output_0000000072.png
2026-07-21 20:29:57,929 face_rec.service WARNING Pruned missing file from database: /Users/sebastien/projects/perso/image-generation/out/output_0000000073.png
2026-07-21 20:29:57,929 face_rec.service WARNING Pruned missing file from database: /Users/sebastien/projects/perso/image-generation/out/output_0000000078.png
2026-07-21 20:29:57,929 face_rec.service WARNING Pruned missing file from database: /Users/sebastien/projects/perso/image-generation/out/output_0000000080.png
2026-07-21 20:29:57,930 face_rec.service WARNING Pruned missing file from database: /Users/sebastien/projects/perso/image-generation/out/output_0000000084.png
2026-07-21 20:29:57,930 face_rec.service WARNING Pruned missing file from database: /Users/sebastien/projects/perso/image-generation/out/output_0000000086.png
2026-07-21 20:29:57,930 face_rec.service WARNING Pruned missing file from database: /Users/sebastien/projects/perso/image-generation/out/output_0000000088.png
2026-07-21 20:29:57,930 face_rec.service WARNING Pruned missing file from database: /Users/sebastien/projects/perso/image-generation/out/output_0000000090.png
2026-07-21 20:29:57,930 face_rec.service WARNING Pruned missing file from database: /Users/sebastien/projects/perso/image-generation/out/output_0000000091.png
2026-07-21 20:29:57,931 face_rec.service WARNING Pruned missing file from database: /Users/sebastien/projects/perso/image-generation/out/output_0000000093.png
2026-07-21 20:29:57,931 face_rec.service WARNING Pruned missing file from database: /Users/sebastien/projects/perso/image-generation/out/output_0000000094.png
2026-07-21 20:29:57,931 face_rec.service WARNING Pruned missing file from database: /Users/sebastien/projects/perso/image-generation/out/output_0000000095.png
2026-07-21 20:29:57,931 face_rec.service WARNING Pruned missing file from database: /Users/sebastien/projects/perso/image-generation/out/output_0000000096.png
2026-07-21 20:29:57,932 face_rec.service WARNING Pruned missing file from database: /Users/sebastien/projects/perso/image-generation/out/output_0000000097.png
2026-07-21 20:29:57,932 face_rec.service WARNING Pruned missing file from database: /Users/sebastien/projects/perso/image-generation/out/output_0000000098.png
2026-07-21 20:29:57,932 face_rec.service WARNING Pruned missing file from database: /Users/sebastien/projects/perso/image-generation/out/output_0000000099.png
2026-07-21 20:29:57,932 face_rec.service WARNING Pruned missing file from database: /Users/sebastien/projects/perso/image-generation/out/output_0000000100.png
2026-07-21 20:29:57,932 face_rec.service WARNING Pruned missing file from database: /Users/sebastien/projects/perso/image-generation/out/output_0000000101.png
2026-07-21 20:29:57,933 face_rec.service WARNING Pruned missing file from database: /Users/sebastien/projects/perso/image-generation/out/output_0000000103.png
2026-07-21 20:29:57,933 face_rec.service WARNING Pruned missing file from database: /Users/sebastien/projects/perso/image-generation/out/output_0000000104.png
2026-07-21 20:29:57,933 face_rec.service WARNING Pruned missing file from database: /Users/sebastien/projects/perso/image-generation/out/output_0000000107.png
2026-07-21 20:29:57,933 face_rec.service WARNING Pruned missing file from database: /Users/sebastien/projects/perso/image-generation/out/output_0000000110.png
2026-07-21 20:29:57,933 face_rec.service WARNING Pruned missing file from database: /Users/sebastien/projects/perso/image-generation/out/output_0000000111.png
2026-07-21 20:29:57,934 face_rec.service WARNING Pruned missing file from database: /Users/sebastien/projects/perso/image-generation/out/output_0000000112.png
2026-07-21 20:29:57,934 face_rec.service WARNING Pruned missing file from database: /Users/sebastien/projects/perso/image-generation/out/output_0000000113.png
2026-07-21 20:29:57,934 face_rec.service WARNING Pruned missing file from database: /Users/sebastien/projects/perso/image-generation/out/output_0000000115.png
2026-07-21 20:29:57,934 face_rec.service WARNING Pruned missing file from database: /Users/sebastien/projects/perso/image-generation/out/output_0000000116.png
2026-07-21 20:29:57,934 face_rec.service WARNING Pruned missing file from database: /Users/sebastien/projects/perso/image-generation/out/output_0000000119.png
2026-07-21 20:29:57,935 face_rec.service WARNING Pruned missing file from database: /Users/sebastien/projects/perso/image-generation/out/output_0000000122.png
2026-07-21 20:29:57,935 face_rec.service WARNING Pruned missing file from database: /Users/sebastien/projects/perso/image-generation/out/output_0000000124.png
2026-07-21 20:29:57,935 face_rec.service WARNING Pruned missing file from database: /Users/sebastien/projects/perso/image-generation/out/output_0000000125.png
2026-07-21 20:29:57,935 face_rec.service WARNING Pruned missing file from database: /Users/sebastien/projects/perso/image-generation/out/output_0000000126.png
2026-07-21 20:29:57,935 face_rec.service WARNING Pruned missing file from database: /Users/sebastien/projects/perso/image-generation/out/output_0000000129.png
2026-07-21 20:29:57,935 face_rec.service WARNING Pruned missing file from database: /Users/sebastien/projects/perso/image-generation/out/output_0000000130.png
2026-07-21 20:29:57,936 face_rec.service WARNING Pruned missing file from database: /Users/sebastien/projects/perso/image-generation/out/output_0000000131.png
2026-07-21 20:29:57,936 face_rec.service WARNING Pruned missing file from database: /Users/sebastien/projects/perso/image-generation/out/output_0000000132.png
2026-07-21 20:29:57,936 face_rec.service WARNING Pruned missing file from database: /Users/sebastien/projects/perso/image-generation/out/output_0000000133.png
2026-07-21 20:29:57,936 face_rec.service WARNING Pruned missing file from database: /Users/sebastien/projects/perso/image-generation/out/output_0000000137.png
2026-07-21 20:29:57,936 face_rec.service WARNING Pruned missing file from database: /Users/sebastien/projects/perso/image-generation/out/output_0000000141.png
2026-07-21 20:29:57,937 face_rec.service WARNING Pruned missing file from database: /Users/sebastien/projects/perso/image-generation/out/output_0000000143.png
2026-07-21 20:29:57,937 face_rec.service WARNING Pruned missing file from database: /Users/sebastien/projects/perso/image-generation/out/output_0000000144.png
2026-07-21 20:29:57,937 face_rec.service WARNING Pruned missing file from database: /Users/sebastien/projects/perso/image-generation/out/output_0000000145.png
2026-07-21 20:29:57,937 face_rec.service WARNING Pruned missing file from database: /Users/sebastien/projects/perso/image-generation/out/output_0000000146.png
2026-07-21 20:29:57,937 face_rec.service WARNING Pruned missing file from database: /Users/sebastien/projects/perso/image-generation/out/output_0000000147.png
2026-07-21 20:29:57,938 face_rec.service WARNING Pruned missing file from database: /Users/sebastien/projects/perso/image-generation/out/output_0000000148.png
2026-07-21 20:29:57,938 face_rec.service WARNING Pruned missing file from database: /Users/sebastien/projects/perso/image-generation/out/output_0000000149.png
2026-07-21 20:29:57,938 face_rec.service WARNING Pruned missing file from database: /Users/sebastien/projects/perso/image-generation/out/output_0000000150.png
2026-07-21 20:29:57,938 face_rec.service WARNING Pruned missing file from database: /Users/sebastien/projects/perso/image-generation/out/output_0000000151.png
2026-07-21 20:29:57,938 face_rec.service WARNING Pruned missing file from database: /Users/sebastien/projects/perso/image-generation/out/output_0000000153.png
2026-07-21 20:29:57,938 face_rec.service WARNING Pruned missing file from database: /Users/sebastien/projects/perso/image-generation/out/output_0000000154.png
2026-07-21 20:29:57,939 face_rec.service WARNING Pruned missing file from database: /Users/sebastien/projects/perso/image-generation/out/output_0000000156.png
2026-07-21 20:29:57,939 face_rec.service WARNING Pruned missing file from database: /Users/sebastien/projects/perso/image-generation/out/output_0000000157.png
2026-07-21 20:29:57,939 face_rec.service WARNING Pruned missing file from database: /Users/sebastien/projects/perso/image-generation/out/output_0000000158.png
2026-07-21 20:29:57,939 face_rec.service WARNING Pruned missing file from database: /Users/sebastien/projects/perso/image-generation/out/output_0000000160.png
2026-07-21 20:29:57,939 face_rec.service WARNING Pruned missing file from database: /Users/sebastien/projects/perso/image-generation/out/output_0000000163.png
2026-07-21 20:29:57,940 face_rec.service WARNING Pruned missing file from database: /Users/sebastien/projects/perso/image-generation/out/output_0000000165.png
2026-07-21 20:29:57,940 face_rec.service WARNING Pruned missing file from database: /Users/sebastien/projects/perso/image-generation/out/output_0000000166.png
2026-07-21 20:29:57,940 face_rec.service WARNING Pruned missing file from database: /Users/sebastien/projects/perso/image-generation/out/output_0000000168.png
2026-07-21 20:29:57,940 face_rec.service WARNING Pruned missing file from database: /Users/sebastien/projects/perso/image-generation/out/output_0000000169.png
2026-07-21 20:29:57,941 face_rec.service WARNING Pruned missing file from database: /Users/sebastien/projects/perso/image-generation/out/output_0000000171.png
2026-07-21 20:29:57,941 face_rec.service WARNING Pruned missing file from database: /Users/sebastien/projects/perso/image-generation/out/output_0000000172.png
2026-07-21 20:29:57,941 face_rec.service WARNING Pruned missing file from database: /Users/sebastien/projects/perso/image-generation/out/output_0000000173.png
2026-07-21 20:29:57,941 face_rec.service WARNING Pruned missing file from database: /Users/sebastien/projects/perso/image-generation/out/output_0000000174.png
2026-07-21 20:29:57,941 face_rec.service WARNING Pruned missing file from database: /Users/sebastien/projects/perso/image-generation/out/output_0000000175.png
2026-07-21 20:29:57,942 face_rec.service WARNING Pruned missing file from database: /Users/sebastien/projects/perso/image-generation/out/output_0000000176.png
2026-07-21 20:29:57,942 face_rec.service WARNING Pruned missing file from database: /Users/sebastien/projects/perso/image-generation/out/output_0000000177.png
2026-07-21 20:29:57,942 face_rec.service WARNING Pruned missing file from database: /Users/sebastien/projects/perso/image-generation/out/output_0000000178.png
2026-07-21 20:29:57,942 face_rec.service WARNING Pruned missing file from database: /Users/sebastien/projects/perso/image-generation/out/output_0000000179.png
2026-07-21 20:29:57,942 face_rec.service WARNING Pruned missing file from database: /Users/sebastien/projects/perso/image-generation/out/output_0000000180.png
2026-07-21 20:29:57,943 face_rec.service WARNING Pruned missing file from database: /Users/sebastien/projects/perso/image-generation/out/output_0000000181.png
2026-07-21 20:29:57,943 face_rec.service WARNING Pruned missing file from database: /Users/sebastien/projects/perso/image-generation/out/output_0000000182.png
2026-07-21 20:29:57,943 face_rec.service WARNING Pruned missing file from database: /Users/sebastien/projects/perso/image-generation/out/output_0000000183.png
2026-07-21 20:29:57,943 face_rec.service WARNING Pruned missing file from database: /Users/sebastien/projects/perso/image-generation/out/output_0000000185.png
2026-07-21 20:29:57,943 face_rec.service WARNING Pruned missing file from database: /Users/sebastien/projects/perso/image-generation/out/output_0000000186.png
2026-07-21 20:29:57,944 face_rec.service WARNING Pruned missing file from database: /Users/sebastien/projects/perso/image-generation/out/output_0000000188.png
2026-07-21 20:29:57,944 face_rec.service WARNING Pruned missing file from database: /Users/sebastien/projects/perso/image-generation/out/output_0000000189.png
2026-07-21 20:29:57,944 face_rec.service WARNING Pruned missing file from database: /Users/sebastien/projects/perso/image-generation/out/output_0000000190.png
2026-07-21 20:29:57,944 face_rec.service WARNING Pruned missing file from database: /Users/sebastien/projects/perso/image-generation/out/output_0000000191.png
2026-07-21 20:29:57,944 face_rec.service WARNING Pruned missing file from database: /Users/sebastien/projects/perso/image-generation/out/output_0000000192.png
2026-07-21 20:29:57,944 face_rec.service WARNING Pruned missing file from database: /Users/sebastien/projects/perso/image-generation/out/output_0000000195.png
2026-07-21 20:29:57,945 face_rec.service WARNING Pruned missing file from database: /Users/sebastien/projects/perso/image-generation/out/output_0000000196.png
2026-07-21 20:29:57,945 face_rec.service WARNING Pruned missing file from database: /Users/sebastien/projects/perso/image-generation/out/output_0000000197.png
2026-07-21 20:29:57,945 face_rec.service WARNING Pruned missing file from database: /Users/sebastien/projects/perso/image-generation/out/output_0000000198.png
2026-07-21 20:29:57,945 face_rec.service WARNING Pruned missing file from database: /Users/sebastien/projects/perso/image-generation/out/output_0000000199.png
2026-07-21 20:29:57,945 face_rec.service WARNING Pruned missing file from database: /Users/sebastien/projects/perso/image-generation/out/output_0000000200.png
2026-07-21 20:29:57,946 face_rec.service WARNING Pruned missing file from database: /Users/sebastien/projects/perso/image-generation/out/output_0000000201.png
2026-07-21 20:29:57,946 face_rec.service WARNING Pruned missing file from database: /Users/sebastien/projects/perso/image-generation/out/output_0000000203.png
2026-07-21 20:29:57,946 face_rec.service WARNING Pruned missing file from database: /Users/sebastien/projects/perso/image-generation/out/output_0000000205.png
2026-07-21 20:29:57,946 face_rec.service WARNING Pruned missing file from database: /Users/sebastien/projects/perso/image-generation/out/output_0000000206.png
2026-07-21 20:29:57,946 face_rec.service WARNING Pruned missing file from database: /Users/sebastien/projects/perso/image-generation/out/output_0000000207.png
2026-07-21 20:29:57,947 face_rec.service WARNING Pruned missing file from database: /Users/sebastien/projects/perso/image-generation/out/output_0000000208.png
2026-07-21 20:29:57,947 face_rec.service WARNING Pruned missing file from database: /Users/sebastien/projects/perso/image-generation/out/output_0000000209.png
2026-07-21 20:29:57,947 face_rec.service WARNING Pruned missing file from database: /Users/sebastien/projects/perso/image-generation/out/output_0000000210.png
2026-07-21 20:29:57,947 face_rec.service WARNING Pruned missing file from database: /Users/sebastien/projects/perso/image-generation/out/output_0000000211.png
2026-07-21 20:29:57,947 face_rec.service WARNING Pruned missing file from database: /Users/sebastien/projects/perso/image-generation/out/output_0000000212.png
2026-07-21 20:29:57,947 face_rec.service WARNING Pruned missing file from database: /Users/sebastien/projects/perso/image-generation/out/output_0000000213.png
2026-07-21 20:29:57,948 face_rec.service WARNING Pruned missing file from database: /Users/sebastien/projects/perso/image-generation/out/output_0000000214.png
2026-07-21 20:29:57,948 face_rec.service WARNING Pruned missing file from database: /Users/sebastien/projects/perso/image-generation/out/output_0000000215.png
2026-07-21 20:29:57,948 face_rec.service WARNING Pruned missing file from database: /Users/sebastien/projects/perso/image-generation/out/output_0000000216.png
2026-07-21 20:29:57,948 face_rec.service WARNING Pruned missing file from database: /Users/sebastien/projects/perso/image-generation/out/output_0000000217.png
2026-07-21 20:29:57,948 face_rec.service WARNING Pruned missing file from database: /Users/sebastien/projects/perso/image-generation/out/output_0000000218.png
2026-07-21 20:29:57,949 face_rec.service WARNING Pruned missing file from database: /Users/sebastien/projects/perso/image-generation/out/output_0000000219.png
2026-07-21 20:29:57,949 face_rec.service WARNING Pruned missing file from database: /Users/sebastien/projects/perso/image-generation/out/output_0000000223.png
2026-07-21 20:29:57,949 face_rec.service WARNING Pruned missing file from database: /Users/sebastien/projects/perso/image-generation/out/output_0000000228.png
2026-07-21 20:29:57,949 face_rec.service WARNING Pruned missing file from database: /Users/sebastien/projects/perso/image-generation/out/output_0000000230.png
2026-07-21 20:29:57,949 face_rec.service WARNING Pruned missing file from database: /Users/sebastien/projects/perso/image-generation/out/output_0000000232.png
2026-07-21 20:29:57,949 face_rec.service WARNING Pruned missing file from database: /Users/sebastien/projects/perso/image-generation/out/output_0000000233.png
2026-07-21 20:29:57,950 face_rec.service WARNING Pruned missing file from database: /Users/sebastien/projects/perso/image-generation/out/output_0000000236.png
2026-07-21 20:29:57,950 face_rec.service WARNING Pruned missing file from database: /Users/sebastien/projects/perso/image-generation/out/output_0000000237.png
2026-07-21 20:29:57,950 face_rec.service WARNING Pruned missing file from database: /Users/sebastien/projects/perso/image-generation/out/output_0000000238.png
2026-07-21 20:29:57,950 face_rec.service WARNING Pruned missing file from database: /Users/sebastien/projects/perso/image-generation/out/output_0000000239.png
2026-07-21 20:29:57,950 face_rec.service WARNING Pruned missing file from database: /Users/sebastien/projects/perso/image-generation/out/output_0000000243.png
2026-07-21 20:29:57,951 face_rec.service WARNING Pruned missing file from database: /Users/sebastien/projects/perso/image-generation/out/output_0000000246.png
2026-07-21 20:29:57,951 face_rec.service WARNING Pruned missing file from database: /Users/sebastien/projects/perso/image-generation/out/output_0000000247.png
2026-07-21 20:29:57,951 face_rec.service WARNING Pruned missing file from database: /Users/sebastien/projects/perso/image-generation/out/output_0000000248.png
2026-07-21 20:29:57,951 face_rec.service WARNING Pruned missing file from database: /Users/sebastien/projects/perso/image-generation/out/output_0000000249.png
2026-07-21 20:29:57,951 face_rec.service WARNING Pruned missing file from database: /Users/sebastien/projects/perso/image-generation/out/output_0000000250.png
2026-07-21 20:29:57,952 face_rec.service WARNING Pruned missing file from database: /Users/sebastien/projects/perso/image-generation/out/output_0000000251.png
2026-07-21 20:29:57,952 face_rec.service WARNING Pruned missing file from database: /Users/sebastien/projects/perso/image-generation/out/output_0000000252.png
2026-07-21 20:29:57,952 face_rec.service WARNING Pruned missing file from database: /Users/sebastien/projects/perso/image-generation/out/output_0000000254.png
2026-07-21 20:29:57,952 face_rec.service WARNING Pruned missing file from database: /Users/sebastien/projects/perso/image-generation/out/output_0000000256.png
2026-07-21 20:29:57,952 face_rec.service WARNING Pruned missing file from database: /Users/sebastien/projects/perso/image-generation/out/output_0000000257.png
2026-07-21 20:29:57,953 face_rec.service WARNING Pruned missing file from database: /Users/sebastien/projects/perso/image-generation/out/output_0000000259.png
2026-07-21 20:29:57,953 face_rec.service WARNING Pruned missing file from database: /Users/sebastien/projects/perso/image-generation/out/output_0000000260.png
2026-07-21 20:29:57,953 face_rec.service WARNING Pruned missing file from database: /Users/sebastien/projects/perso/image-generation/out/output_0000000261.png
2026-07-21 20:29:57,953 face_rec.service WARNING Pruned missing file from database: /Users/sebastien/projects/perso/image-generation/out/output_0000000262.png
2026-07-21 20:29:57,953 face_rec.service WARNING Pruned missing file from database: /Users/sebastien/projects/perso/image-generation/out/output_0000000263.png
2026-07-21 20:29:57,953 face_rec.service WARNING Pruned missing file from database: /Users/sebastien/projects/perso/image-generation/out/output_0000000264.png
2026-07-21 20:29:57,954 face_rec.service WARNING Pruned missing file from database: /Users/sebastien/projects/perso/image-generation/out/output_0000000266.png
2026-07-21 20:29:57,954 face_rec.service WARNING Pruned missing file from database: /Users/sebastien/projects/perso/image-generation/out/output_0000000267.png
2026-07-21 20:29:57,954 face_rec.service WARNING Pruned missing file from database: /Users/sebastien/projects/perso/image-generation/out/output_0000000268.png
2026-07-21 20:29:57,954 face_rec.service WARNING Pruned missing file from database: /Users/sebastien/projects/perso/image-generation/out/output_0000000269.png
2026-07-21 20:29:57,955 face_rec.service WARNING Pruned missing file from database: /Users/sebastien/projects/perso/image-generation/out/output_0000000270.png
2026-07-21 20:29:57,955 face_rec.service WARNING Pruned missing file from database: /Users/sebastien/projects/perso/image-generation/out/output_0000000271.png
2026-07-21 20:29:57,955 face_rec.service WARNING Pruned missing file from database: /Users/sebastien/projects/perso/image-generation/out/output_0000000273.png
2026-07-21 20:29:57,955 face_rec.service WARNING Pruned missing file from database: /Users/sebastien/projects/perso/image-generation/out/output_0000000274.png
2026-07-21 20:29:57,955 face_rec.service WARNING Pruned missing file from database: /Users/sebastien/projects/perso/image-generation/out/output_0000000275.png
2026-07-21 20:29:57,955 face_rec.service WARNING Pruned missing file from database: /Users/sebastien/projects/perso/image-generation/out/output_0000000276.png
2026-07-21 20:29:57,956 face_rec.service WARNING Pruned missing file from database: /Users/sebastien/projects/perso/image-generation/out/output_0000000277.png
2026-07-21 20:29:57,956 face_rec.service WARNING Pruned missing file from database: /Users/sebastien/projects/perso/image-generation/out/output_0000000278.png
2026-07-21 20:29:57,956 face_rec.service WARNING Pruned missing file from database: /Users/sebastien/projects/perso/image-generation/out/output_0000000279.png
2026-07-21 20:29:57,956 face_rec.service WARNING Pruned missing file from database: /Users/sebastien/projects/perso/image-generation/out/output_0000000281.png
2026-07-21 20:29:57,956 face_rec.service WARNING Pruned missing file from database: /Users/sebastien/projects/perso/image-generation/out/output_0000000282.png
2026-07-21 20:29:57,957 face_rec.service WARNING Pruned missing file from database: /Users/sebastien/projects/perso/image-generation/out/output_0000000283.png
2026-07-21 20:29:57,957 face_rec.service WARNING Pruned missing file from database: /Users/sebastien/projects/perso/image-generation/out/output_0000000284.png
2026-07-21 20:29:57,957 face_rec.service WARNING Pruned missing file from database: /Users/sebastien/projects/perso/image-generation/out/output_0000000285.png
2026-07-21 20:29:57,958 face_rec.service WARNING Pruned missing file from database: /Users/sebastien/projects/perso/image-generation/out/output_0000000287.png
2026-07-21 20:29:57,958 face_rec.service WARNING Pruned missing file from database: /Users/sebastien/projects/perso/image-generation/out/output_0000000288.png
2026-07-21 20:29:57,958 face_rec.service WARNING Pruned missing file from database: /Users/sebastien/projects/perso/image-generation/out/output_0000000289.png
2026-07-21 20:29:57,958 face_rec.service WARNING Pruned missing file from database: /Users/sebastien/projects/perso/image-generation/out/output_0000000291.png
2026-07-21 20:29:57,958 face_rec.service WARNING Pruned missing file from database: /Users/sebastien/projects/perso/image-generation/out/output_0000000292.png
2026-07-21 20:29:57,959 face_rec.service WARNING Pruned missing file from database: /Users/sebastien/projects/perso/image-generation/out/output_0000000293.png
2026-07-21 20:29:57,959 face_rec.service WARNING Pruned missing file from database: /Users/sebastien/projects/perso/image-generation/out/output_0000000294.png
2026-07-21 20:29:57,959 face_rec.service WARNING Pruned missing file from database: /Users/sebastien/projects/perso/image-generation/out/output_0000000295.png
2026-07-21 20:29:57,959 face_rec.service WARNING Pruned missing file from database: /Users/sebastien/projects/perso/image-generation/out/output_0000000296.png
2026-07-21 20:29:57,959 face_rec.service WARNING Pruned missing file from database: /Users/sebastien/projects/perso/image-generation/out/output_0000000297.png
2026-07-21 20:29:57,960 face_rec.service WARNING Pruned missing file from database: /Users/sebastien/projects/perso/image-generation/out/output_0000000301.png
2026-07-21 20:29:57,960 face_rec.service WARNING Pruned missing file from database: /Users/sebastien/projects/perso/image-generation/out/output_0000000304.png
2026-07-21 20:29:57,960 face_rec.service WARNING Pruned missing file from database: /Users/sebastien/projects/perso/image-generation/out/output_0000000305.png
2026-07-21 20:29:57,960 face_rec.service WARNING Pruned missing file from database: /Users/sebastien/projects/perso/image-generation/out/output_0000000308.png
2026-07-21 20:29:57,960 face_rec.service WARNING Pruned missing file from database: /Users/sebastien/projects/perso/image-generation/out/output_0000000309.png
2026-07-21 20:29:57,961 face_rec.service WARNING Pruned missing file from database: /Users/sebastien/projects/perso/image-generation/out/output_0000000310.png
2026-07-21 20:29:57,961 face_rec.service WARNING Pruned missing file from database: /Users/sebastien/projects/perso/image-generation/out/output_0000000312.png
2026-07-21 20:29:57,961 face_rec.service WARNING Pruned missing file from database: /Users/sebastien/projects/perso/image-generation/out/output_0000000313.png
2026-07-21 20:29:57,961 face_rec.service WARNING Pruned missing file from database: /Users/sebastien/projects/perso/image-generation/out/output_0000000314.png
2026-07-21 20:29:57,961 face_rec.service WARNING Pruned missing file from database: /Users/sebastien/projects/perso/image-generation/out/output_0000000315.png
2026-07-21 20:29:57,962 face_rec.service WARNING Pruned missing file from database: /Users/sebastien/projects/perso/image-generation/out/output_0000000316.png
2026-07-21 20:29:57,962 face_rec.service WARNING Pruned missing file from database: /Users/sebastien/projects/perso/image-generation/out/output_0000000317.png
2026-07-21 20:29:57,962 face_rec.service WARNING Pruned missing file from database: /Users/sebastien/projects/perso/image-generation/out/output_0000000318.png
2026-07-21 20:29:57,962 face_rec.service WARNING Pruned missing file from database: /Users/sebastien/projects/perso/image-generation/out/output_0000000319.png
2026-07-21 20:29:57,962 face_rec.service WARNING Pruned missing file from database: /Users/sebastien/projects/perso/image-generation/out/output_0000000320.png
2026-07-21 20:29:57,963 face_rec.service WARNING Pruned missing file from database: /Users/sebastien/projects/perso/image-generation/out/output_0000000321.png
2026-07-21 20:29:57,963 face_rec.service WARNING Pruned missing file from database: /Users/sebastien/projects/perso/image-generation/out/output_0000000322.png
2026-07-21 20:29:57,963 face_rec.service WARNING Pruned missing file from database: /Users/sebastien/projects/perso/image-generation/out/output_0000000323.png
2026-07-21 20:29:57,963 face_rec.service WARNING Pruned missing file from database: /Users/sebastien/projects/perso/image-generation/out/output_0000000324.png
2026-07-21 20:29:57,963 face_rec.service WARNING Pruned missing file from database: /Users/sebastien/projects/perso/image-generation/out/output_0000000325.png
2026-07-21 20:29:57,963 face_rec.service WARNING Pruned missing file from database: /Users/sebastien/projects/perso/image-generation/out/output_0000000326.png
2026-07-21 20:29:57,964 face_rec.service WARNING Pruned missing file from database: /Users/sebastien/projects/perso/image-generation/out/output_0000000327.png
2026-07-21 20:29:57,964 face_rec.service WARNING Pruned missing file from database: /Users/sebastien/projects/perso/image-generation/out/output_0000000328.png
2026-07-21 20:29:57,964 face_rec.service WARNING Pruned missing file from database: /Users/sebastien/projects/perso/image-generation/out/output_0000000329.png
2026-07-21 20:29:57,964 face_rec.service WARNING Pruned missing file from database: /Users/sebastien/projects/perso/image-generation/out/output_0000000330.png
2026-07-21 20:29:57,965 face_rec.service WARNING Pruned missing file from database: /Users/sebastien/projects/perso/image-generation/out/output_0000000331.png
2026-07-21 20:29:57,965 face_rec.service WARNING Pruned missing file from database: /Users/sebastien/projects/perso/image-generation/out/output_0000000332.png
2026-07-21 20:29:57,965 face_rec.service WARNING Pruned missing file from database: /Users/sebastien/projects/perso/image-generation/out/output_0000000333.png
2026-07-21 20:29:57,965 face_rec.service WARNING Pruned missing file from database: /Users/sebastien/projects/perso/image-generation/out/output_0000000334.png
2026-07-21 20:29:57,965 face_rec.service WARNING Pruned missing file from database: /Users/sebastien/projects/perso/image-generation/out/output_0000000335.png
2026-07-21 20:29:57,965 face_rec.service WARNING Pruned missing file from database: /Users/sebastien/projects/perso/image-generation/out/output_0000000336.png
2026-07-21 20:29:57,966 face_rec.service WARNING Pruned missing file from database: /Users/sebastien/projects/perso/image-generation/out/output_0000000337.png
2026-07-21 20:29:57,966 face_rec.service WARNING Pruned missing file from database: /Users/sebastien/projects/perso/image-generation/out/output_0000000338.png
2026-07-21 20:29:57,966 face_rec.service WARNING Pruned missing file from database: /Users/sebastien/projects/perso/image-generation/out/output_0000000339.png
2026-07-21 20:29:57,966 face_rec.service WARNING Pruned missing file from database: /Users/sebastien/projects/perso/image-generation/out/output_0000000342.png
2026-07-21 20:29:57,966 face_rec.service WARNING Pruned missing file from database: /Users/sebastien/projects/perso/image-generation/out/output_0000000343.png
2026-07-21 20:29:57,967 face_rec.service WARNING Pruned missing file from database: /Users/sebastien/projects/perso/image-generation/out/output_0000000346.png
2026-07-21 20:29:57,967 face_rec.service WARNING Pruned missing file from database: /Users/sebastien/projects/perso/image-generation/out/output_0000000347.png
2026-07-21 20:29:57,967 face_rec.service WARNING Pruned missing file from database: /Users/sebastien/projects/perso/image-generation/out/output_0000000348.png
2026-07-21 20:29:57,968 face_rec.service WARNING Pruned missing file from database: /Users/sebastien/projects/perso/image-generation/out/output_0000000349.png
2026-07-21 20:29:57,968 face_rec.service WARNING Pruned missing file from database: /Users/sebastien/projects/perso/image-generation/out/output_0000000350.png
2026-07-21 20:29:57,968 face_rec.service WARNING Pruned missing file from database: /Users/sebastien/projects/perso/image-generation/out/output_0000000351.png
2026-07-21 20:29:57,968 face_rec.service WARNING Pruned missing file from database: /Users/sebastien/projects/perso/image-generation/out/output_0000000353.png
2026-07-21 20:29:57,968 face_rec.service WARNING Pruned missing file from database: /Users/sebastien/projects/perso/image-generation/out/output_0000000354.png
2026-07-21 20:29:57,969 face_rec.service WARNING Pruned missing file from database: /Users/sebastien/projects/perso/image-generation/out/output_0000000355.png
2026-07-21 20:29:57,969 face_rec.service WARNING Pruned missing file from database: /Users/sebastien/projects/perso/image-generation/out/output_0000000356.png
2026-07-21 20:29:57,969 face_rec.service WARNING Pruned missing file from database: /Users/sebastien/projects/perso/image-generation/out/output_0000000357.png
2026-07-21 20:29:57,969 face_rec.service WARNING Pruned missing file from database: /Users/sebastien/projects/perso/image-generation/out/output_0000000360.png
2026-07-21 20:29:57,969 face_rec.service WARNING Pruned missing file from database: /Users/sebastien/projects/perso/image-generation/out/output_0000000362.png
2026-07-21 20:29:57,970 face_rec.service WARNING Pruned missing file from database: /Users/sebastien/projects/perso/image-generation/out/output_0000000363.png
2026-07-21 20:29:57,970 face_rec.service WARNING Pruned missing file from database: /Users/sebastien/projects/perso/image-generation/out/output_0000000364.png
2026-07-21 20:29:57,970 face_rec.service WARNING Pruned missing file from database: /Users/sebastien/projects/perso/image-generation/out/output_0000000368.png
2026-07-21 20:29:57,970 face_rec.service WARNING Pruned missing file from database: /Users/sebastien/projects/perso/image-generation/out/output_0000000369.png
2026-07-21 20:29:57,970 face_rec.service WARNING Pruned missing file from database: /Users/sebastien/projects/perso/image-generation/out/output_0000000370.png
2026-07-21 20:29:57,970 face_rec.service WARNING Pruned missing file from database: /Users/sebastien/projects/perso/image-generation/out/output_0000000371.png
2026-07-21 20:29:57,971 face_rec.service WARNING Pruned missing file from database: /Users/sebastien/projects/perso/image-generation/out/output_0000000372.png
2026-07-21 20:29:57,971 face_rec.service WARNING Pruned missing file from database: /Users/sebastien/projects/perso/image-generation/out/output_0000000375.png
2026-07-21 20:29:57,971 face_rec.service WARNING Pruned missing file from database: /Users/sebastien/projects/perso/image-generation/out/output_0000000376.png
2026-07-21 20:29:57,971 face_rec.service WARNING Pruned missing file from database: /Users/sebastien/projects/perso/image-generation/out/output_0000000377.png
2026-07-21 20:29:57,972 face_rec.service WARNING Pruned missing file from database: /Users/sebastien/projects/perso/image-generation/out/output_0000000378.png
2026-07-21 20:29:57,972 face_rec.service WARNING Pruned missing file from database: /Users/sebastien/projects/perso/image-generation/out/output_0000000380.png
2026-07-21 20:29:57,972 face_rec.service WARNING Pruned missing file from database: /Users/sebastien/projects/perso/image-generation/out/output_0000000381.png
2026-07-21 20:29:57,972 face_rec.service WARNING Pruned missing file from database: /Users/sebastien/projects/perso/image-generation/out/output_0000000382.png
2026-07-21 20:29:57,972 face_rec.service WARNING Pruned missing file from database: /Users/sebastien/projects/perso/image-generation/out/output_0000000385.png
2026-07-21 20:29:57,973 face_rec.service WARNING Pruned missing file from database: /Users/sebastien/projects/perso/image-generation/out/output_0000000386.png
2026-07-21 20:29:57,973 face_rec.service WARNING Pruned missing file from database: /Users/sebastien/projects/perso/image-generation/out/output_0000000387.png
2026-07-21 20:29:57,973 face_rec.service WARNING Pruned missing file from database: /Users/sebastien/projects/perso/image-generation/out/output_0000000388.png
2026-07-21 20:29:57,973 face_rec.service WARNING Pruned missing file from database: /Users/sebastien/projects/perso/image-generation/out/output_0000000389.png
2026-07-21 20:29:57,973 face_rec.service WARNING Pruned missing file from database: /Users/sebastien/projects/perso/image-generation/out/output_0000000390.png
2026-07-21 20:29:57,974 face_rec.service WARNING Pruned missing file from database: /Users/sebastien/projects/perso/image-generation/out/output_0000000391.png
2026-07-21 20:29:57,974 face_rec.service WARNING Pruned missing file from database: /Users/sebastien/projects/perso/image-generation/out/output_0000000392.png
2026-07-21 20:29:57,974 face_rec.service WARNING Pruned missing file from database: /Users/sebastien/projects/perso/image-generation/out/output_0000000393.png
2026-07-21 20:29:57,974 face_rec.service WARNING Pruned missing file from database: /Users/sebastien/projects/perso/image-generation/out/output_0000000394.png
2026-07-21 20:29:57,974 face_rec.service WARNING Pruned missing file from database: /Users/sebastien/projects/perso/image-generation/out/output_0000000395.png
2026-07-21 20:29:57,975 face_rec.service WARNING Pruned missing file from database: /Users/sebastien/projects/perso/image-generation/out/output_0000000396.png
2026-07-21 20:29:57,975 face_rec.service WARNING Pruned missing file from database: /Users/sebastien/projects/perso/image-generation/out/output_0000000397.png
2026-07-21 20:29:57,975 face_rec.service WARNING Pruned missing file from database: /Users/sebastien/projects/perso/image-generation/out/output_0000000398.png
2026-07-21 20:29:57,976 face_rec.service WARNING Pruned missing file from database: /Users/sebastien/projects/perso/image-generation/out/output_0000000399.png
2026-07-21 20:29:57,976 face_rec.service WARNING Pruned missing file from database: /Users/sebastien/projects/perso/image-generation/out/output_0000000401.png
2026-07-21 20:29:57,976 face_rec.service WARNING Pruned missing file from database: /Users/sebastien/projects/perso/image-generation/out/output_0000000403.png
2026-07-21 20:29:57,977 face_rec.service WARNING Pruned missing file from database: /Users/sebastien/projects/perso/image-generation/out/output_0000000404.png
2026-07-21 20:29:57,977 face_rec.service WARNING Pruned missing file from database: /Users/sebastien/projects/perso/image-generation/out/output_0000000405.png
2026-07-21 20:29:57,977 face_rec.service WARNING Pruned missing file from database: /Users/sebastien/projects/perso/image-generation/out/output_0000000407.png
2026-07-21 20:29:57,977 face_rec.service WARNING Pruned missing file from database: /Users/sebastien/projects/perso/image-generation/out/output_0000000408.png
2026-07-21 20:29:57,977 face_rec.service WARNING Pruned missing file from database: /Users/sebastien/projects/perso/image-generation/out/output_0000000409.png
2026-07-21 20:29:57,978 face_rec.service WARNING Pruned missing file from database: /Users/sebastien/projects/perso/image-generation/out/output_0000000412.png
2026-07-21 20:29:57,978 face_rec.service WARNING Pruned missing file from database: /Users/sebastien/projects/perso/image-generation/out/output_0000000415.png
2026-07-21 20:29:57,978 face_rec.service WARNING Pruned missing file from database: /Users/sebastien/projects/perso/image-generation/out/output_0000000417.png
2026-07-21 20:29:57,978 face_rec.service WARNING Pruned missing file from database: /Users/sebastien/projects/perso/image-generation/out/output_0000000421.png
2026-07-21 20:29:57,978 face_rec.service WARNING Pruned missing file from database: /Users/sebastien/projects/perso/image-generation/out/output_0000000422.png
2026-07-21 20:29:57,978 face_rec.service WARNING Pruned missing file from database: /Users/sebastien/projects/perso/image-generation/out/output_0000000423.png
2026-07-21 20:29:57,979 face_rec.service WARNING Pruned missing file from database: /Users/sebastien/projects/perso/image-generation/out/output_0000000424.png
2026-07-21 20:29:57,979 face_rec.service WARNING Pruned missing file from database: /Users/sebastien/projects/perso/image-generation/out/output_0000000425.png
2026-07-21 20:29:57,979 face_rec.service WARNING Pruned missing file from database: /Users/sebastien/projects/perso/image-generation/out/output_0000000426.png
2026-07-21 20:29:57,979 face_rec.service WARNING Pruned missing file from database: /Users/sebastien/projects/perso/image-generation/out/output_0000000428.png
2026-07-21 20:29:57,979 face_rec.service WARNING Pruned missing file from database: /Users/sebastien/projects/perso/image-generation/out/output_0000000429.png
2026-07-21 20:29:57,980 face_rec.service WARNING Pruned missing file from database: /Users/sebastien/projects/perso/image-generation/out/output_0000000431.png
2026-07-21 20:29:57,980 face_rec.service WARNING Pruned missing file from database: /Users/sebastien/projects/perso/image-generation/out/output_0000000432.png
2026-07-21 20:29:57,980 face_rec.service WARNING Pruned missing file from database: /Users/sebastien/projects/perso/image-generation/out/output_0000000433.png
2026-07-21 20:29:57,980 face_rec.service WARNING Pruned missing file from database: /Users/sebastien/projects/perso/image-generation/out/output_0000000435.png
2026-07-21 20:29:57,980 face_rec.service WARNING Pruned missing file from database: /Users/sebastien/projects/perso/image-generation/out/output_0000000436.png
2026-07-21 20:29:57,981 face_rec.service WARNING Pruned missing file from database: /Users/sebastien/projects/perso/image-generation/out/output_0000000437.png
2026-07-21 20:29:57,981 face_rec.service WARNING Pruned missing file from database: /Users/sebastien/projects/perso/image-generation/out/output_0000000439.png
2026-07-21 20:29:57,981 face_rec.service WARNING Pruned missing file from database: /Users/sebastien/projects/perso/image-generation/out/output_0000000440.png
2026-07-21 20:29:57,981 face_rec.service WARNING Pruned missing file from database: /Users/sebastien/projects/perso/image-generation/out/output_0000000441.png
2026-07-21 20:29:57,981 face_rec.service WARNING Pruned missing file from database: /Users/sebastien/projects/perso/image-generation/out/output_0000000442.png
2026-07-21 20:29:57,982 face_rec.service WARNING Pruned missing file from database: /Users/sebastien/projects/perso/image-generation/out/output_0000000443.png
2026-07-21 20:29:57,982 face_rec.service WARNING Pruned missing file from database: /Users/sebastien/projects/perso/image-generation/out/output_0000000444.png
2026-07-21 20:29:57,982 face_rec.service WARNING Pruned missing file from database: /Users/sebastien/projects/perso/image-generation/out/output_0000000445.png
2026-07-21 20:29:57,982 face_rec.service WARNING Pruned missing file from database: /Users/sebastien/projects/perso/image-generation/out/output_0000000446.png
2026-07-21 20:29:57,982 face_rec.service WARNING Pruned missing file from database: /Users/sebastien/projects/perso/image-generation/out/output_0000000447.png
2026-07-21 20:29:57,983 face_rec.service WARNING Pruned missing file from database: /Users/sebastien/projects/perso/image-generation/out/output_0000000450.png
2026-07-21 20:29:57,983 face_rec.service WARNING Pruned missing file from database: /Users/sebastien/projects/perso/image-generation/out/output_0000000451.png
2026-07-21 20:29:57,983 face_rec.service WARNING Pruned missing file from database: /Users/sebastien/projects/perso/image-generation/out/output_0000000452.png
2026-07-21 20:29:57,983 face_rec.service WARNING Pruned missing file from database: /Users/sebastien/projects/perso/image-generation/out/output_0000000453.png
2026-07-21 20:29:57,983 face_rec.service WARNING Pruned missing file from database: /Users/sebastien/projects/perso/image-generation/out/output_0000000454.png
2026-07-21 20:29:57,984 face_rec.service WARNING Pruned missing file from database: /Users/sebastien/projects/perso/image-generation/out/output_0000000455.png
2026-07-21 20:29:57,984 face_rec.service WARNING Pruned missing file from database: /Users/sebastien/projects/perso/image-generation/out/output_0000000456.png
2026-07-21 20:29:57,984 face_rec.service WARNING Pruned missing file from database: /Users/sebastien/projects/perso/image-generation/out/output_0000000458.png
2026-07-21 20:29:57,984 face_rec.service WARNING Pruned missing file from database: /Users/sebastien/projects/perso/image-generation/out/output_0000000459.png
2026-07-21 20:29:57,984 face_rec.service WARNING Pruned missing file from database: /Users/sebastien/projects/perso/image-generation/out/output_0000000460.png
2026-07-21 20:29:57,984 face_rec.service WARNING Pruned missing file from database: /Users/sebastien/projects/perso/image-generation/out/output_0000000462.png
2026-07-21 20:29:57,985 face_rec.service WARNING Pruned missing file from database: /Users/sebastien/projects/perso/image-generation/out/output_0000000463.png
2026-07-21 20:29:57,985 face_rec.service WARNING Pruned missing file from database: /Users/sebastien/projects/perso/image-generation/out/output_0000000464.png
2026-07-21 20:29:57,985 face_rec.service WARNING Pruned missing file from database: /Users/sebastien/projects/perso/image-generation/out/output_0000000465.png
2026-07-21 20:29:57,985 face_rec.service WARNING Pruned missing file from database: /Users/sebastien/projects/perso/image-generation/out/output_0000000466.png
2026-07-21 20:29:57,985 face_rec.service WARNING Pruned missing file from database: /Users/sebastien/projects/perso/image-generation/out/output_0000000467.png
2026-07-21 20:29:57,986 face_rec.service WARNING Pruned missing file from database: /Users/sebastien/projects/perso/image-generation/out/output_0000000469.png
2026-07-21 20:29:57,986 face_rec.service WARNING Pruned missing file from database: /Users/sebastien/projects/perso/image-generation/out/output_0000000471.png
2026-07-21 20:29:57,986 face_rec.service WARNING Pruned missing file from database: /Users/sebastien/projects/perso/image-generation/out/output_0000000472.png
2026-07-21 20:29:57,986 face_rec.service WARNING Pruned missing file from database: /Users/sebastien/projects/perso/image-generation/out/output_0000000474.png
2026-07-21 20:29:57,986 face_rec.service WARNING Pruned missing file from database: /Users/sebastien/projects/perso/image-generation/out/output_0000000475.png
2026-07-21 20:29:57,987 face_rec.service WARNING Pruned missing file from database: /Users/sebastien/projects/perso/image-generation/out/output_0000000477.png
2026-07-21 20:29:57,987 face_rec.service WARNING Pruned missing file from database: /Users/sebastien/projects/perso/image-generation/out/output_0000000478.png
2026-07-21 20:29:57,987 face_rec.service WARNING Pruned missing file from database: /Users/sebastien/projects/perso/image-generation/out/output_0000000479.png
2026-07-21 20:29:57,987 face_rec.service WARNING Pruned missing file from database: /Users/sebastien/projects/perso/image-generation/out/output_0000000481.png
2026-07-21 20:29:57,987 face_rec.service WARNING Pruned missing file from database: /Users/sebastien/projects/perso/image-generation/out/output_0000000483.png
2026-07-21 20:29:57,987 face_rec.service WARNING Pruned missing file from database: /Users/sebastien/projects/perso/image-generation/out/output_0000000484.png
2026-07-21 20:29:57,988 face_rec.service WARNING Pruned missing file from database: /Users/sebastien/projects/perso/image-generation/out/output_0000000486.png
2026-07-21 20:29:57,988 face_rec.service WARNING Pruned missing file from database: /Users/sebastien/projects/perso/image-generation/out/output_0000000487.png
2026-07-21 20:29:57,988 face_rec.service WARNING Pruned missing file from database: /Users/sebastien/projects/perso/image-generation/out/output_0000000488.png
2026-07-21 20:29:57,988 face_rec.service WARNING Pruned missing file from database: /Users/sebastien/projects/perso/image-generation/out/output_0000000491.png
2026-07-21 20:29:57,988 face_rec.service WARNING Pruned missing file from database: /Users/sebastien/projects/perso/image-generation/out/output_0000000493.png
2026-07-21 20:29:57,989 face_rec.service WARNING Pruned missing file from database: /Users/sebastien/projects/perso/image-generation/out/output_0000000494.png
2026-07-21 20:29:57,989 face_rec.service WARNING Pruned missing file from database: /Users/sebastien/projects/perso/image-generation/out/output_0000000497.png
2026-07-21 20:29:57,989 face_rec.service WARNING Pruned missing file from database: /Users/sebastien/projects/perso/image-generation/out/output_0000000498.png
2026-07-21 20:29:57,989 face_rec.service WARNING Pruned missing file from database: /Users/sebastien/projects/perso/image-generation/out/output_0000000499.png
2026-07-21 20:29:57,990 face_rec.service WARNING Pruned missing file from database: /Users/sebastien/projects/perso/image-generation/out/output_0000000500.png
2026-07-21 20:29:57,990 face_rec.service WARNING Pruned missing file from database: /Users/sebastien/projects/perso/image-generation/out/output_0000000501.png
2026-07-21 20:29:57,990 face_rec.service WARNING Pruned missing file from database: /Users/sebastien/projects/perso/image-generation/out/output_0000000502.png
2026-07-21 20:29:57,990 face_rec.service WARNING Pruned missing file from database: /Users/sebastien/projects/perso/image-generation/out/output_0000000504.png
2026-07-21 20:29:57,991 face_rec.service WARNING Pruned missing file from database: /Users/sebastien/projects/perso/image-generation/out/output_0000000505.png
2026-07-21 20:29:57,991 face_rec.service WARNING Pruned missing file from database: /Users/sebastien/projects/perso/image-generation/out/output_0000000507.png
2026-07-21 20:29:57,991 face_rec.service WARNING Pruned missing file from database: /Users/sebastien/projects/perso/image-generation/out/output_0000000508.png
2026-07-21 20:29:57,991 face_rec.service WARNING Pruned missing file from database: /Users/sebastien/projects/perso/image-generation/out/output_0000000509.png
2026-07-21 20:29:57,991 face_rec.service WARNING Pruned missing file from database: /Users/sebastien/projects/perso/image-generation/out/output_0000000510.png
2026-07-21 20:29:57,992 face_rec.service WARNING Pruned missing file from database: /Users/sebastien/projects/perso/image-generation/out/output_0000000511.png
2026-07-21 20:29:57,992 face_rec.service WARNING Pruned missing file from database: /Users/sebastien/projects/perso/image-generation/out/output_0000000512.png
2026-07-21 20:29:57,992 face_rec.service WARNING Pruned missing file from database: /Users/sebastien/projects/perso/image-generation/out/output_0000000514.png
2026-07-21 20:29:57,992 face_rec.service WARNING Pruned missing file from database: /Users/sebastien/projects/perso/image-generation/out/output_0000000515.png
2026-07-21 20:29:57,993 face_rec.service WARNING Pruned missing file from database: /Users/sebastien/projects/perso/image-generation/out/output_0000000516.png
2026-07-21 20:29:57,993 face_rec.service WARNING Pruned missing file from database: /Users/sebastien/projects/perso/image-generation/out/output_0000000517.png
2026-07-21 20:29:57,993 face_rec.service WARNING Pruned missing file from database: /Users/sebastien/projects/perso/image-generation/out/output_0000000518.png
2026-07-21 20:29:57,993 face_rec.service WARNING Pruned missing file from database: /Users/sebastien/projects/perso/image-generation/out/output_0000000519.png
2026-07-21 20:29:57,993 face_rec.service WARNING Pruned missing file from database: /Users/sebastien/projects/perso/image-generation/out/output_0000000520.png
2026-07-21 20:29:57,994 face_rec.service WARNING Pruned missing file from database: /Users/sebastien/projects/perso/image-generation/out/output_0000000522.png
2026-07-21 20:29:57,994 face_rec.service WARNING Pruned missing file from database: /Users/sebastien/projects/perso/image-generation/out/output_0000000524.png
2026-07-21 20:29:57,994 face_rec.service WARNING Pruned missing file from database: /Users/sebastien/projects/perso/image-generation/out/output_0000000527.png
2026-07-21 20:29:57,994 face_rec.service WARNING Pruned missing file from database: /Users/sebastien/projects/perso/image-generation/out/output_0000000528.png
2026-07-21 20:29:57,994 face_rec.service WARNING Pruned missing file from database: /Users/sebastien/projects/perso/image-generation/out/output_0000000529.png
2026-07-21 20:29:57,995 face_rec.service WARNING Pruned missing file from database: /Users/sebastien/projects/perso/image-generation/out/output_0000000530.png
2026-07-21 20:29:57,995 face_rec.service WARNING Pruned missing file from database: /Users/sebastien/projects/perso/image-generation/out/output_0000000531.png
2026-07-21 20:29:57,995 face_rec.service WARNING Pruned missing file from database: /Users/sebastien/projects/perso/image-generation/out/output_0000000532.png
2026-07-21 20:29:57,995 face_rec.service WARNING Pruned missing file from database: /Users/sebastien/projects/perso/image-generation/out/output_0000000533.png
2026-07-21 20:29:57,995 face_rec.service WARNING Pruned missing file from database: /Users/sebastien/projects/perso/image-generation/out/output_0000000534.png
2026-07-21 20:29:57,995 face_rec.service WARNING Pruned missing file from database: /Users/sebastien/projects/perso/image-generation/out/output_0000000535.png
2026-07-21 20:29:57,996 face_rec.service WARNING Pruned missing file from database: /Users/sebastien/projects/perso/image-generation/out/output_0000000537.png
2026-07-21 20:29:57,996 face_rec.service WARNING Pruned missing file from database: /Users/sebastien/projects/perso/image-generation/out/output_0000000538.png
2026-07-21 20:29:57,996 face_rec.service WARNING Pruned missing file from database: /Users/sebastien/projects/perso/image-generation/out/output_0000000541.png
2026-07-21 20:29:57,996 face_rec.service WARNING Pruned missing file from database: /Users/sebastien/projects/perso/image-generation/out/output_0000000542.png
2026-07-21 20:29:57,996 face_rec.service WARNING Pruned missing file from database: /Users/sebastien/projects/perso/image-generation/out/output_0000000544.png
2026-07-21 20:29:57,997 face_rec.service WARNING Pruned missing file from database: /Users/sebastien/projects/perso/image-generation/out/output_0000000545.png
2026-07-21 20:29:57,997 face_rec.service WARNING Pruned missing file from database: /Users/sebastien/projects/perso/image-generation/out/output_0000000546.png
2026-07-21 20:29:57,997 face_rec.service WARNING Pruned missing file from database: /Users/sebastien/projects/perso/image-generation/out/output_0000000550.png
2026-07-21 20:29:57,997 face_rec.service WARNING Pruned missing file from database: /Users/sebastien/projects/perso/image-generation/out/output_0000000551.png
2026-07-21 20:29:57,997 face_rec.service WARNING Pruned missing file from database: /Users/sebastien/projects/perso/image-generation/out/output_0000000553.png
2026-07-21 20:29:57,998 face_rec.service WARNING Pruned missing file from database: /Users/sebastien/projects/perso/image-generation/out/output_0000000555.png
2026-07-21 20:29:57,998 face_rec.service WARNING Pruned missing file from database: /Users/sebastien/projects/perso/image-generation/out/output_0000000556.png
2026-07-21 20:29:57,998 face_rec.service WARNING Pruned missing file from database: /Users/sebastien/projects/perso/image-generation/out/output_0000000557.png
2026-07-21 20:29:57,998 face_rec.service WARNING Pruned missing file from database: /Users/sebastien/projects/perso/image-generation/out/output_0000000558.png
2026-07-21 20:29:57,998 face_rec.service WARNING Pruned missing file from database: /Users/sebastien/projects/perso/image-generation/out/output_0000000559.png
2026-07-21 20:29:57,999 face_rec.service WARNING Pruned missing file from database: /Users/sebastien/projects/perso/image-generation/out/output_0000000560.png
2026-07-21 20:29:57,999 face_rec.service WARNING Pruned missing file from database: /Users/sebastien/projects/perso/image-generation/out/output_0000000561.png
2026-07-21 20:29:57,999 face_rec.service WARNING Pruned missing file from database: /Users/sebastien/projects/perso/image-generation/out/output_0000000565.png
2026-07-21 20:29:57,999 face_rec.service WARNING Pruned missing file from database: /Users/sebastien/projects/perso/image-generation/out/output_0000000566.png
2026-07-21 20:29:57,999 face_rec.service WARNING Pruned missing file from database: /Users/sebastien/projects/perso/image-generation/out/output_0000000569.png
2026-07-21 20:29:58,000 face_rec.service WARNING Pruned missing file from database: /Users/sebastien/projects/perso/image-generation/out/output_0000000570.png
2026-07-21 20:29:58,000 face_rec.service WARNING Pruned missing file from database: /Users/sebastien/projects/perso/image-generation/out/output_0000000571.png
2026-07-21 20:29:58,000 face_rec.service WARNING Pruned missing file from database: /Users/sebastien/projects/perso/image-generation/out/output_0000000572.png
2026-07-21 20:29:58,000 face_rec.service WARNING Pruned missing file from database: /Users/sebastien/projects/perso/image-generation/out/output_0000000574.png
2026-07-21 20:29:58,000 face_rec.service WARNING Pruned missing file from database: /Users/sebastien/projects/perso/image-generation/out/output_0000000575.png
2026-07-21 20:29:58,001 face_rec.service WARNING Pruned missing file from database: /Users/sebastien/projects/perso/image-generation/out/output_0000000577.png
2026-07-21 20:29:58,001 face_rec.service WARNING Pruned missing file from database: /Users/sebastien/projects/perso/image-generation/out/output_0000000578.png
2026-07-21 20:29:58,001 face_rec.service WARNING Pruned missing file from database: /Users/sebastien/projects/perso/image-generation/out/output_0000000580.png
2026-07-21 20:29:58,001 face_rec.service WARNING Pruned missing file from database: /Users/sebastien/projects/perso/image-generation/out/output_0000000582.png
2026-07-21 20:29:58,001 face_rec.service WARNING Pruned missing file from database: /Users/sebastien/projects/perso/image-generation/out/output_0000000583.png
2026-07-21 20:29:58,001 face_rec.service WARNING Pruned missing file from database: /Users/sebastien/projects/perso/image-generation/out/output_0000000584.png
2026-07-21 20:29:58,002 face_rec.service WARNING Pruned missing file from database: /Users/sebastien/projects/perso/image-generation/out/output_0000000586.png
2026-07-21 20:29:58,002 face_rec.service WARNING Pruned missing file from database: /Users/sebastien/projects/perso/image-generation/out/output_0000000587.png
2026-07-21 20:29:58,002 face_rec.service WARNING Pruned missing file from database: /Users/sebastien/projects/perso/image-generation/out/output_0000000588.png
2026-07-21 20:29:58,002 face_rec.service WARNING Pruned missing file from database: /Users/sebastien/projects/perso/image-generation/out/output_0000000589.png
2026-07-21 20:29:58,003 face_rec.service WARNING Pruned missing file from database: /Users/sebastien/projects/perso/image-generation/out/output_0000000591.png
2026-07-21 20:29:58,003 face_rec.service WARNING Pruned missing file from database: /Users/sebastien/projects/perso/image-generation/out/output_0000000592.png
2026-07-21 20:29:58,003 face_rec.service WARNING Pruned missing file from database: /Users/sebastien/projects/perso/image-generation/out/output_0000000593.png
2026-07-21 20:29:58,003 face_rec.service WARNING Pruned missing file from database: /Users/sebastien/projects/perso/image-generation/out/output_0000000594.png
2026-07-21 20:29:58,003 face_rec.service WARNING Pruned missing file from database: /Users/sebastien/projects/perso/image-generation/out/output_0000000595.png
2026-07-21 20:29:58,004 face_rec.service WARNING Pruned missing file from database: /Users/sebastien/projects/perso/image-generation/out/output_0000000596.png
2026-07-21 20:29:58,004 face_rec.service WARNING Pruned missing file from database: /Users/sebastien/projects/perso/image-generation/out/output_0000000597.png
2026-07-21 20:29:58,004 face_rec.service WARNING Pruned missing file from database: /Users/sebastien/projects/perso/image-generation/out/output_0000000598.png
2026-07-21 20:29:58,004 face_rec.service WARNING Pruned missing file from database: /Users/sebastien/projects/perso/image-generation/out/output_0000000599.png
2026-07-21 20:29:58,004 face_rec.service WARNING Pruned missing file from database: /Users/sebastien/projects/perso/image-generation/out/output_0000000600.png
2026-07-21 20:29:58,005 face_rec.service WARNING Pruned missing file from database: /Users/sebastien/projects/perso/image-generation/out/output_0000000601.png
2026-07-21 20:29:58,005 face_rec.service WARNING Pruned missing file from database: /Users/sebastien/projects/perso/image-generation/out/output_0000000602.png
2026-07-21 20:29:58,005 face_rec.service WARNING Pruned missing file from database: /Users/sebastien/projects/perso/image-generation/out/output_0000000603.png
2026-07-21 20:29:58,005 face_rec.service WARNING Pruned missing file from database: /Users/sebastien/projects/perso/image-generation/out/output_0000000604.png
2026-07-21 20:29:58,005 face_rec.service WARNING Pruned missing file from database: /Users/sebastien/projects/perso/image-generation/out/output_0000000605.png
2026-07-21 20:29:58,006 face_rec.service WARNING Pruned missing file from database: /Users/sebastien/projects/perso/image-generation/out/output_0000000606.png
2026-07-21 20:29:58,006 face_rec.service WARNING Pruned missing file from database: /Users/sebastien/projects/perso/image-generation/out/output_0000000607.png
2026-07-21 20:29:58,006 face_rec.service WARNING Pruned missing file from database: /Users/sebastien/projects/perso/image-generation/out/output_0000000609.png
2026-07-21 20:29:58,006 face_rec.service WARNING Pruned missing file from database: /Users/sebastien/projects/perso/image-generation/out/output_0000000610.png
2026-07-21 20:29:58,006 face_rec.service WARNING Pruned missing file from database: /Users/sebastien/projects/perso/image-generation/out/output_0000000611.png
2026-07-21 20:29:58,007 face_rec.service WARNING Pruned missing file from database: /Users/sebastien/projects/perso/image-generation/out/output_0000000612.png
2026-07-21 20:29:58,007 face_rec.service WARNING Pruned missing file from database: /Users/sebastien/projects/perso/image-generation/out/output_0000000613.png
2026-07-21 20:29:58,007 face_rec.service WARNING Pruned missing file from database: /Users/sebastien/projects/perso/image-generation/out/output_0000000614.png
2026-07-21 20:29:58,007 face_rec.service WARNING Pruned missing file from database: /Users/sebastien/projects/perso/image-generation/out/output_0000000615.png
2026-07-21 20:29:58,007 face_rec.service WARNING Pruned missing file from database: /Users/sebastien/projects/perso/image-generation/out/output_0000000616.png
2026-07-21 20:29:58,008 face_rec.service WARNING Pruned missing file from database: /Users/sebastien/projects/perso/image-generation/out/output_0000000617.png
2026-07-21 20:29:58,008 face_rec.service WARNING Pruned missing file from database: /Users/sebastien/projects/perso/image-generation/out/output_0000000619.png
2026-07-21 20:29:58,008 face_rec.service WARNING Pruned missing file from database: /Users/sebastien/projects/perso/image-generation/out/output_0000000620.png
2026-07-21 20:29:58,008 face_rec.service WARNING Pruned missing file from database: /Users/sebastien/projects/perso/image-generation/out/output_0000000622.png
2026-07-21 20:29:58,008 face_rec.service WARNING Pruned missing file from database: /Users/sebastien/projects/perso/image-generation/out/output_0000000623.png
2026-07-21 20:29:58,009 face_rec.service WARNING Pruned missing file from database: /Users/sebastien/projects/perso/image-generation/out/output_0000000624.png
2026-07-21 20:29:58,009 face_rec.service WARNING Pruned missing file from database: /Users/sebastien/projects/perso/image-generation/out/output_0000000625.png
2026-07-21 20:29:58,009 face_rec.service WARNING Pruned missing file from database: /Users/sebastien/projects/perso/image-generation/out/output_0000000628.png
2026-07-21 20:29:58,009 face_rec.service WARNING Pruned missing file from database: /Users/sebastien/projects/perso/image-generation/out/output_0000000629.png
2026-07-21 20:29:58,009 face_rec.service WARNING Pruned missing file from database: /Users/sebastien/projects/perso/image-generation/out/output_0000000630.png
2026-07-21 20:29:58,010 face_rec.service WARNING Pruned missing file from database: /Users/sebastien/projects/perso/image-generation/out/output_0000000631.png
2026-07-21 20:29:58,010 face_rec.service WARNING Pruned missing file from database: /Users/sebastien/projects/perso/image-generation/out/output_0000000632.png
2026-07-21 20:29:58,010 face_rec.service WARNING Pruned missing file from database: /Users/sebastien/projects/perso/image-generation/out/output_0000000633.png
2026-07-21 20:29:58,010 face_rec.service WARNING Pruned missing file from database: /Users/sebastien/projects/perso/image-generation/out/output_0000000634.png
2026-07-21 20:29:58,010 face_rec.service WARNING Pruned missing file from database: /Users/sebastien/projects/perso/image-generation/out/output_0000000635.png
2026-07-21 20:29:58,011 face_rec.service WARNING Pruned missing file from database: /Users/sebastien/projects/perso/image-generation/out/output_0000000642.png
2026-07-21 20:29:58,011 face_rec.service WARNING Pruned missing file from database: /Users/sebastien/projects/perso/image-generation/out/output_0000000643.png
2026-07-21 20:29:58,011 face_rec.service WARNING Pruned missing file from database: /Users/sebastien/projects/perso/image-generation/out/output_0000000644.png
2026-07-21 20:29:58,011 face_rec.service WARNING Pruned missing file from database: /Users/sebastien/projects/perso/image-generation/out/output_0000000645.png
2026-07-21 20:29:58,011 face_rec.service WARNING Pruned missing file from database: /Users/sebastien/projects/perso/image-generation/out/output_0000000649.png
2026-07-21 20:29:58,012 face_rec.service WARNING Pruned missing file from database: /Users/sebastien/projects/perso/image-generation/out/output_0000000650.png
2026-07-21 20:29:58,012 face_rec.service WARNING Pruned missing file from database: /Users/sebastien/projects/perso/image-generation/out/output_0000000651.png
2026-07-21 20:29:58,012 face_rec.service WARNING Pruned missing file from database: /Users/sebastien/projects/perso/image-generation/out/output_0000000652.png
2026-07-21 20:29:58,012 face_rec.service WARNING Pruned missing file from database: /Users/sebastien/projects/perso/image-generation/out/output_0000000653.png
2026-07-21 20:29:58,012 face_rec.service WARNING Pruned missing file from database: /Users/sebastien/projects/perso/image-generation/out/output_0000000654.png
2026-07-21 20:29:58,013 face_rec.service WARNING Pruned missing file from database: /Users/sebastien/projects/perso/image-generation/out/output_0000000655.png
2026-07-21 20:29:58,013 face_rec.service WARNING Pruned missing file from database: /Users/sebastien/projects/perso/image-generation/out/output_0000000656.png
2026-07-21 20:29:58,013 face_rec.service WARNING Pruned missing file from database: /Users/sebastien/projects/perso/image-generation/out/output_0000000658.png
2026-07-21 20:29:58,013 face_rec.service WARNING Pruned missing file from database: /Users/sebastien/projects/perso/image-generation/out/output_0000000659.png
2026-07-21 20:29:58,013 face_rec.service WARNING Pruned missing file from database: /Users/sebastien/projects/perso/image-generation/out/output_0000000662.png
2026-07-21 20:29:58,014 face_rec.service WARNING Pruned missing file from database: /Users/sebastien/projects/perso/image-generation/out/output_0000000664.png
2026-07-21 20:29:58,014 face_rec.service WARNING Pruned missing file from database: /Users/sebastien/projects/perso/image-generation/out/output_0000000665.png
2026-07-21 20:29:58,014 face_rec.service WARNING Pruned missing file from database: /Users/sebastien/projects/perso/image-generation/out/output_0000000666.png
2026-07-21 20:29:58,014 face_rec.service WARNING Pruned missing file from database: /Users/sebastien/projects/perso/image-generation/out/output_0000000667.png
2026-07-21 20:29:58,014 face_rec.service WARNING Pruned missing file from database: /Users/sebastien/projects/perso/image-generation/out/output_0000000668.png
2026-07-21 20:29:58,015 face_rec.service WARNING Pruned missing file from database: /Users/sebastien/projects/perso/image-generation/out/output_0000000669.png
2026-07-21 20:29:58,015 face_rec.service WARNING Pruned missing file from database: /Users/sebastien/projects/perso/image-generation/out/output_0000000670.png
2026-07-21 20:29:58,015 face_rec.service WARNING Pruned missing file from database: /Users/sebastien/projects/perso/image-generation/out/output_0000000671.png
2026-07-21 20:29:58,015 face_rec.service WARNING Pruned missing file from database: /Users/sebastien/projects/perso/image-generation/out/output_0000000672.png
2026-07-21 20:29:58,015 face_rec.service WARNING Pruned missing file from database: /Users/sebastien/projects/perso/image-generation/out/output_0000000673.png
2026-07-21 20:29:58,016 face_rec.service WARNING Pruned missing file from database: /Users/sebastien/projects/perso/image-generation/out/output_0000000674.png
2026-07-21 20:29:58,016 face_rec.service WARNING Pruned missing file from database: /Users/sebastien/projects/perso/image-generation/out/output_0000000675.png
2026-07-21 20:29:58,016 face_rec.service WARNING Pruned missing file from database: /Users/sebastien/projects/perso/image-generation/out/output_0000000676.png
2026-07-21 20:29:58,016 face_rec.service WARNING Pruned missing file from database: /Users/sebastien/projects/perso/image-generation/out/output_0000000677.png
2026-07-21 20:29:58,016 face_rec.service WARNING Pruned missing file from database: /Users/sebastien/projects/perso/image-generation/out/output_0000000678.png
2026-07-21 20:29:58,016 face_rec.service WARNING Pruned missing file from database: /Users/sebastien/projects/perso/image-generation/out/output_0000000679.png
2026-07-21 20:29:58,017 face_rec.service WARNING Pruned missing file from database: /Users/sebastien/projects/perso/image-generation/out/output_0000000680.png
2026-07-21 20:29:58,017 face_rec.service WARNING Pruned missing file from database: /Users/sebastien/projects/perso/image-generation/out/output_0000000681.png
2026-07-21 20:29:58,017 face_rec.service WARNING Pruned missing file from database: /Users/sebastien/projects/perso/image-generation/out/output_0000000682.png
2026-07-21 20:29:58,017 face_rec.service WARNING Pruned missing file from database: /Users/sebastien/projects/perso/image-generation/out/output_0000000684.png
2026-07-21 20:29:58,017 face_rec.service WARNING Pruned missing file from database: /Users/sebastien/projects/perso/image-generation/out/output_0000000685.png
2026-07-21 20:29:58,018 face_rec.service WARNING Pruned missing file from database: /Users/sebastien/projects/perso/image-generation/out/output_0000000686.png
2026-07-21 20:29:58,018 face_rec.service WARNING Pruned missing file from database: /Users/sebastien/projects/perso/image-generation/out/output_0000000688.png
2026-07-21 20:29:58,018 face_rec.service WARNING Pruned missing file from database: /Users/sebastien/projects/perso/image-generation/out/output_0000000689.png
2026-07-21 20:29:58,018 face_rec.service WARNING Pruned missing file from database: /Users/sebastien/projects/perso/image-generation/out/output_0000000691.png
2026-07-21 20:29:58,018 face_rec.service WARNING Pruned missing file from database: /Users/sebastien/projects/perso/image-generation/out/output_0000000692.png
2026-07-21 20:29:58,019 face_rec.service WARNING Pruned missing file from database: /Users/sebastien/projects/perso/image-generation/out/output_0000000693.png
2026-07-21 20:29:58,019 face_rec.service WARNING Pruned missing file from database: /Users/sebastien/projects/perso/image-generation/out/output_0000000694.png
2026-07-21 20:29:58,019 face_rec.service WARNING Pruned missing file from database: /Users/sebastien/projects/perso/image-generation/out/output_0000000696.png
2026-07-21 20:29:58,019 face_rec.service WARNING Pruned missing file from database: /Users/sebastien/projects/perso/image-generation/out/output_0000000698.png
2026-07-21 20:29:58,019 face_rec.service WARNING Pruned missing file from database: /Users/sebastien/projects/perso/image-generation/out/output_0000000699.png
2026-07-21 20:29:58,020 face_rec.service WARNING Pruned missing file from database: /Users/sebastien/projects/perso/image-generation/out/output_0000000700.png
2026-07-21 20:29:58,020 face_rec.service WARNING Pruned missing file from database: /Users/sebastien/projects/perso/image-generation/out/output_0000000701.png
2026-07-21 20:29:58,020 face_rec.service WARNING Pruned missing file from database: /Users/sebastien/projects/perso/image-generation/out/output_0000000702.png
2026-07-21 20:29:58,020 face_rec.service WARNING Pruned missing file from database: /Users/sebastien/projects/perso/image-generation/out/output_0000000703.png
2026-07-21 20:29:58,020 face_rec.service WARNING Pruned missing file from database: /Users/sebastien/projects/perso/image-generation/out/output_0000000704.png
2026-07-21 20:29:58,021 face_rec.service WARNING Pruned missing file from database: /Users/sebastien/projects/perso/image-generation/out/output_0000000705.png
2026-07-21 20:29:58,021 face_rec.service WARNING Pruned missing file from database: /Users/sebastien/projects/perso/image-generation/out/output_0000000708.png
2026-07-21 20:29:58,021 face_rec.service WARNING Pruned missing file from database: /Users/sebastien/projects/perso/image-generation/out/output_0000000709.png
2026-07-21 20:29:58,021 face_rec.service WARNING Pruned missing file from database: /Users/sebastien/projects/perso/image-generation/out/output_0000000710.png
2026-07-21 20:29:58,021 face_rec.service WARNING Pruned missing file from database: /Users/sebastien/projects/perso/image-generation/out/output_0000000711.png
2026-07-21 20:29:58,022 face_rec.service WARNING Pruned missing file from database: /Users/sebastien/projects/perso/image-generation/out/output_0000000712.png
2026-07-21 20:29:58,022 face_rec.service WARNING Pruned missing file from database: /Users/sebastien/projects/perso/image-generation/out/output_0000000713.png
2026-07-21 20:29:58,022 face_rec.service WARNING Pruned missing file from database: /Users/sebastien/projects/perso/image-generation/out/output_0000000714.png
2026-07-21 20:29:58,022 face_rec.service WARNING Pruned missing file from database: /Users/sebastien/projects/perso/image-generation/out/output_0000000715.png
2026-07-21 20:29:58,022 face_rec.service WARNING Pruned missing file from database: /Users/sebastien/projects/perso/image-generation/out/output_0000000717.png
2026-07-21 20:29:58,022 face_rec.service WARNING Pruned missing file from database: /Users/sebastien/projects/perso/image-generation/out/output_0000000718.png
2026-07-21 20:29:58,023 face_rec.service WARNING Pruned missing file from database: /Users/sebastien/projects/perso/image-generation/out/output_0000000719.png
2026-07-21 20:29:58,023 face_rec.service WARNING Pruned missing file from database: /Users/sebastien/projects/perso/image-generation/out/output_0000000720.png
2026-07-21 20:29:58,023 face_rec.service WARNING Pruned missing file from database: /Users/sebastien/projects/perso/image-generation/out/output_0000000721.png
2026-07-21 20:29:58,023 face_rec.service WARNING Pruned missing file from database: /Users/sebastien/projects/perso/image-generation/out/output_0000000722.png
2026-07-21 20:29:58,023 face_rec.service WARNING Pruned missing file from database: /Users/sebastien/projects/perso/image-generation/out/output_0000000723.png
2026-07-21 20:29:58,024 face_rec.service WARNING Pruned missing file from database: /Users/sebastien/projects/perso/image-generation/out/output_0000000725.png
2026-07-21 20:29:58,024 face_rec.service WARNING Pruned missing file from database: /Users/sebastien/projects/perso/image-generation/out/output_0000000726.png
2026-07-21 20:29:58,024 face_rec.service WARNING Pruned missing file from database: /Users/sebastien/projects/perso/image-generation/out/output_0000000727.png
2026-07-21 20:29:58,024 face_rec.service WARNING Pruned missing file from database: /Users/sebastien/projects/perso/image-generation/out/output_0000000728.png
2026-07-21 20:29:58,024 face_rec.service WARNING Pruned missing file from database: /Users/sebastien/projects/perso/image-generation/out/output_0000000729.png
2026-07-21 20:29:58,025 face_rec.service WARNING Pruned missing file from database: /Users/sebastien/projects/perso/image-generation/out/output_0000000730.png
2026-07-21 20:29:58,025 face_rec.service WARNING Pruned missing file from database: /Users/sebastien/projects/perso/image-generation/out/output_0000000731.png
2026-07-21 20:29:58,025 face_rec.service WARNING Pruned missing file from database: /Users/sebastien/projects/perso/image-generation/out/output_0000000732.png
2026-07-21 20:29:58,025 face_rec.service WARNING Pruned missing file from database: /Users/sebastien/projects/perso/image-generation/out/output_0000000734.png
2026-07-21 20:29:58,025 face_rec.service WARNING Pruned missing file from database: /Users/sebastien/projects/perso/image-generation/out/output_0000000735.png
2026-07-21 20:29:58,025 face_rec.service WARNING Pruned missing file from database: /Users/sebastien/projects/perso/image-generation/out/output_0000000736.png
2026-07-21 20:29:58,026 face_rec.service WARNING Pruned missing file from database: /Users/sebastien/projects/perso/image-generation/out/output_0000000738.png
2026-07-21 20:29:58,026 face_rec.service WARNING Pruned missing file from database: /Users/sebastien/projects/perso/image-generation/out/output_0000000741.png
2026-07-21 20:29:58,026 face_rec.service WARNING Pruned missing file from database: /Users/sebastien/projects/perso/image-generation/out/output_0000000742.png
2026-07-21 20:29:58,026 face_rec.service WARNING Pruned missing file from database: /Users/sebastien/projects/perso/image-generation/out/output_0000000744.png
2026-07-21 20:29:58,026 face_rec.service WARNING Pruned missing file from database: /Users/sebastien/projects/perso/image-generation/out/output_0000000745.png
2026-07-21 20:29:58,027 face_rec.service WARNING Pruned missing file from database: /Users/sebastien/projects/perso/image-generation/out/output_0000000747.png
2026-07-21 20:29:58,027 face_rec.service WARNING Pruned missing file from database: /Users/sebastien/projects/perso/image-generation/out/output_0000000748.png
2026-07-21 20:29:58,027 face_rec.service WARNING Pruned missing file from database: /Users/sebastien/projects/perso/image-generation/out/output_0000000749.png
2026-07-21 20:29:58,027 face_rec.service WARNING Pruned missing file from database: /Users/sebastien/projects/perso/image-generation/out/output_0000000750.png
2026-07-21 20:29:58,027 face_rec.service WARNING Pruned missing file from database: /Users/sebastien/projects/perso/image-generation/out/output_0000000751.png
2026-07-21 20:29:58,028 face_rec.service WARNING Pruned missing file from database: /Users/sebastien/projects/perso/image-generation/out/output_0000000753.png
2026-07-21 20:29:58,028 face_rec.service WARNING Pruned missing file from database: /Users/sebastien/projects/perso/image-generation/out/output_0000000754.png
2026-07-21 20:29:58,028 face_rec.service WARNING Pruned missing file from database: /Users/sebastien/projects/perso/image-generation/out/output_0000000755.png
2026-07-21 20:29:58,028 face_rec.service WARNING Pruned missing file from database: /Users/sebastien/projects/perso/image-generation/out/output_0000000756.png
2026-07-21 20:29:58,028 face_rec.service WARNING Pruned missing file from database: /Users/sebastien/projects/perso/image-generation/out/output_0000000757.png
2026-07-21 20:29:58,029 face_rec.service WARNING Pruned missing file from database: /Users/sebastien/projects/perso/image-generation/out/output_0000000758.png
2026-07-21 20:29:58,029 face_rec.service WARNING Pruned missing file from database: /Users/sebastien/projects/perso/image-generation/out/output_0000000759.png
2026-07-21 20:29:58,029 face_rec.service WARNING Pruned missing file from database: /Users/sebastien/projects/perso/image-generation/out/output_0000000760.png
2026-07-21 20:29:58,029 face_rec.service WARNING Pruned missing file from database: /Users/sebastien/projects/perso/image-generation/out/output_0000000761.png
2026-07-21 20:29:58,029 face_rec.service WARNING Pruned missing file from database: /Users/sebastien/projects/perso/image-generation/out/output_0000000762.png
2026-07-21 20:29:58,029 face_rec.service WARNING Pruned missing file from database: /Users/sebastien/projects/perso/image-generation/out/output_0000000763.png
2026-07-21 20:29:58,030 face_rec.service WARNING Pruned missing file from database: /Users/sebastien/projects/perso/image-generation/out/output_0000000765.png
2026-07-21 20:29:58,030 face_rec.service WARNING Pruned missing file from database: /Users/sebastien/projects/perso/image-generation/out/output_0000000766.png
2026-07-21 20:29:58,030 face_rec.service WARNING Pruned missing file from database: /Users/sebastien/projects/perso/image-generation/out/output_0000000767.png
2026-07-21 20:29:58,030 face_rec.service WARNING Pruned missing file from database: /Users/sebastien/projects/perso/image-generation/out/output_0000000768.png
2026-07-21 20:29:58,030 face_rec.service WARNING Pruned missing file from database: /Users/sebastien/projects/perso/image-generation/out/output_0000000770.png
2026-07-21 20:29:58,031 face_rec.service WARNING Pruned missing file from database: /Users/sebastien/projects/perso/image-generation/out/output_0000000771.png
2026-07-21 20:29:58,031 face_rec.service WARNING Pruned missing file from database: /Users/sebastien/projects/perso/image-generation/out/output_0000000772.png
2026-07-21 20:29:58,031 face_rec.service WARNING Pruned missing file from database: /Users/sebastien/projects/perso/image-generation/out/output_0000000773.png
2026-07-21 20:29:58,031 face_rec.service WARNING Pruned missing file from database: /Users/sebastien/projects/perso/image-generation/out/output_0000000775.png
2026-07-21 20:29:58,031 face_rec.service WARNING Pruned missing file from database: /Users/sebastien/projects/perso/image-generation/out/output_0000000776.png
2026-07-21 20:29:58,032 face_rec.service WARNING Pruned missing file from database: /Users/sebastien/projects/perso/image-generation/out/output_0000000777.png
2026-07-21 20:29:58,032 face_rec.service WARNING Pruned missing file from database: /Users/sebastien/projects/perso/image-generation/out/output_0000000778.png
2026-07-21 20:29:58,032 face_rec.service WARNING Pruned missing file from database: /Users/sebastien/projects/perso/image-generation/out/output_0000000779.png
2026-07-21 20:29:58,032 face_rec.service WARNING Pruned missing file from database: /Users/sebastien/projects/perso/image-generation/out/output_0000000780.png
2026-07-21 20:29:58,032 face_rec.service WARNING Pruned missing file from database: /Users/sebastien/projects/perso/image-generation/out/output_0000000781.png
2026-07-21 20:29:58,033 face_rec.service WARNING Pruned missing file from database: /Users/sebastien/projects/perso/image-generation/out/output_0000000782.png
2026-07-21 20:29:58,033 face_rec.service WARNING Pruned missing file from database: /Users/sebastien/projects/perso/image-generation/out/output_0000000783.png
2026-07-21 20:29:58,033 face_rec.service WARNING Pruned missing file from database: /Users/sebastien/projects/perso/image-generation/out/output_0000000785.png
2026-07-21 20:29:58,033 face_rec.service WARNING Pruned missing file from database: /Users/sebastien/projects/perso/image-generation/out/output_0000000786.png
2026-07-21 20:29:58,033 face_rec.service WARNING Pruned missing file from database: /Users/sebastien/projects/perso/image-generation/out/output_0000000787.png
2026-07-21 20:29:58,033 face_rec.service WARNING Pruned missing file from database: /Users/sebastien/projects/perso/image-generation/out/output_0000000790.png
2026-07-21 20:29:58,034 face_rec.service WARNING Pruned missing file from database: /Users/sebastien/projects/perso/image-generation/out/output_0000000791.png
2026-07-21 20:29:58,034 face_rec.service WARNING Pruned missing file from database: /Users/sebastien/projects/perso/image-generation/out/output_0000000792.png
2026-07-21 20:29:58,034 face_rec.service WARNING Pruned missing file from database: /Users/sebastien/projects/perso/image-generation/out/output_0000000793.png
2026-07-21 20:29:58,034 face_rec.service WARNING Pruned missing file from database: /Users/sebastien/projects/perso/image-generation/out/output_0000000794.png
2026-07-21 20:29:58,034 face_rec.service WARNING Pruned missing file from database: /Users/sebastien/projects/perso/image-generation/out/output_0000000795.png
2026-07-21 20:29:58,035 face_rec.service WARNING Pruned missing file from database: /Users/sebastien/projects/perso/image-generation/out/output_0000000796.png
2026-07-21 20:29:58,035 face_rec.service WARNING Pruned missing file from database: /Users/sebastien/projects/perso/image-generation/out/output_0000000797.png
2026-07-21 20:29:58,035 face_rec.service WARNING Pruned missing file from database: /Users/sebastien/projects/perso/image-generation/out/output_0000000798.png
2026-07-21 20:29:58,035 face_rec.service WARNING Pruned missing file from database: /Users/sebastien/projects/perso/image-generation/out/output_0000000799.png
2026-07-21 20:29:58,035 face_rec.service WARNING Pruned missing file from database: /Users/sebastien/projects/perso/image-generation/out/output_0000000800.png
2026-07-21 20:29:58,035 face_rec.service WARNING Pruned missing file from database: /Users/sebastien/projects/perso/image-generation/out/output_0000000801.png
2026-07-21 20:29:58,036 face_rec.service WARNING Pruned missing file from database: /Users/sebastien/projects/perso/image-generation/out/output_0000000803.png
2026-07-21 20:29:58,036 face_rec.service WARNING Pruned missing file from database: /Users/sebastien/projects/perso/image-generation/out/output_0000000805.png
2026-07-21 20:29:58,036 face_rec.service WARNING Pruned missing file from database: /Users/sebastien/projects/perso/image-generation/out/output_0000000807.png
2026-07-21 20:29:58,036 face_rec.service WARNING Pruned missing file from database: /Users/sebastien/projects/perso/image-generation/out/output_0000000808.png
2026-07-21 20:29:58,036 face_rec.service WARNING Pruned missing file from database: /Users/sebastien/projects/perso/image-generation/out/output_0000000809.png
2026-07-21 20:29:58,037 face_rec.service WARNING Pruned missing file from database: /Users/sebastien/projects/perso/image-generation/out/output_0000000810.png
2026-07-21 20:29:58,037 face_rec.service WARNING Pruned missing file from database: /Users/sebastien/projects/perso/image-generation/out/output_0000000811.png
2026-07-21 20:29:58,037 face_rec.service WARNING Pruned missing file from database: /Users/sebastien/projects/perso/image-generation/out/output_0000000812.png
2026-07-21 20:29:58,037 face_rec.service WARNING Pruned missing file from database: /Users/sebastien/projects/perso/image-generation/out/output_0000000813.png
2026-07-21 20:29:58,037 face_rec.service WARNING Pruned missing file from database: /Users/sebastien/projects/perso/image-generation/out/output_0000000814.png
2026-07-21 20:29:58,038 face_rec.service WARNING Pruned missing file from database: /Users/sebastien/projects/perso/image-generation/out/output_0000000815.png
2026-07-21 20:29:58,038 face_rec.service WARNING Pruned missing file from database: /Users/sebastien/projects/perso/image-generation/out/output_0000000816.png
2026-07-21 20:29:58,038 face_rec.service WARNING Pruned missing file from database: /Users/sebastien/projects/perso/image-generation/out/output_0000000817.png
2026-07-21 20:29:58,038 face_rec.service WARNING Pruned missing file from database: /Users/sebastien/projects/perso/image-generation/out/output_0000000818.png
2026-07-21 20:29:58,038 face_rec.service WARNING Pruned missing file from database: /Users/sebastien/projects/perso/image-generation/out/output_0000000819.png
2026-07-21 20:29:58,039 face_rec.service WARNING Pruned missing file from database: /Users/sebastien/projects/perso/image-generation/out/output_0000000820.png
2026-07-21 20:29:58,039 face_rec.service WARNING Pruned missing file from database: /Users/sebastien/projects/perso/image-generation/out/output_0000000821.png
2026-07-21 20:29:58,039 face_rec.service WARNING Pruned missing file from database: /Users/sebastien/projects/perso/image-generation/out/output_0000000823.png
2026-07-21 20:29:58,039 face_rec.service WARNING Pruned missing file from database: /Users/sebastien/projects/perso/image-generation/out/output_0000000824.png
2026-07-21 20:29:58,039 face_rec.service WARNING Pruned missing file from database: /Users/sebastien/projects/perso/image-generation/out/output_0000000827.png
2026-07-21 20:29:58,039 face_rec.service WARNING Pruned missing file from database: /Users/sebastien/projects/perso/image-generation/out/output_0000000828.png
2026-07-21 20:29:58,040 face_rec.service WARNING Pruned missing file from database: /Users/sebastien/projects/perso/image-generation/out/output_0000000829.png
2026-07-21 20:29:58,040 face_rec.service WARNING Pruned missing file from database: /Users/sebastien/projects/perso/image-generation/out/output_0000000830.png
2026-07-21 20:29:58,040 face_rec.service WARNING Pruned missing file from database: /Users/sebastien/projects/perso/image-generation/out/output_0000000831.png
2026-07-21 20:29:58,040 face_rec.service WARNING Pruned missing file from database: /Users/sebastien/projects/perso/image-generation/out/output_0000000832.png
2026-07-21 20:29:58,040 face_rec.service WARNING Pruned missing file from database: /Users/sebastien/projects/perso/image-generation/out/output_0000000833.png
2026-07-21 20:29:58,041 face_rec.service WARNING Pruned missing file from database: /Users/sebastien/projects/perso/image-generation/out/output_0000000834.png
2026-07-21 20:29:58,041 face_rec.service WARNING Pruned missing file from database: /Users/sebastien/projects/perso/image-generation/out/output_0000000835.png
2026-07-21 20:29:58,041 face_rec.service WARNING Pruned missing file from database: /Users/sebastien/projects/perso/image-generation/out/output_0000000838.png
2026-07-21 20:29:58,041 face_rec.service WARNING Pruned missing file from database: /Users/sebastien/projects/perso/image-generation/out/output_0000000839.png
2026-07-21 20:29:58,041 face_rec.service WARNING Pruned missing file from database: /Users/sebastien/projects/perso/image-generation/out/output_0000000840.png
2026-07-21 20:29:58,042 face_rec.service WARNING Pruned missing file from database: /Users/sebastien/projects/perso/image-generation/out/output_0000000841.png
2026-07-21 20:29:58,042 face_rec.service WARNING Pruned missing file from database: /Users/sebastien/projects/perso/image-generation/out/output_0000000842.png
2026-07-21 20:29:58,042 face_rec.service WARNING Pruned missing file from database: /Users/sebastien/projects/perso/image-generation/out/output_0000000843.png
2026-07-21 20:29:58,042 face_rec.service WARNING Pruned missing file from database: /Users/sebastien/projects/perso/image-generation/out/output_0000000845.png
2026-07-21 20:29:58,042 face_rec.service WARNING Pruned missing file from database: /Users/sebastien/projects/perso/image-generation/out/output_0000000846.png
2026-07-21 20:29:58,042 face_rec.service WARNING Pruned missing file from database: /Users/sebastien/projects/perso/image-generation/out/output_0000000847.png
2026-07-21 20:29:58,043 face_rec.service WARNING Pruned missing file from database: /Users/sebastien/projects/perso/image-generation/out/output_0000000848.png
2026-07-21 20:29:58,043 face_rec.service WARNING Pruned missing file from database: /Users/sebastien/projects/perso/image-generation/out/output_0000000849.png
2026-07-21 20:29:58,043 face_rec.service WARNING Pruned missing file from database: /Users/sebastien/projects/perso/image-generation/out/output_0000000850.png
2026-07-21 20:29:58,043 face_rec.service WARNING Pruned missing file from database: /Users/sebastien/projects/perso/image-generation/out/output_0000000851.png
2026-07-21 20:29:58,043 face_rec.service WARNING Pruned missing file from database: /Users/sebastien/projects/perso/image-generation/out/output_0000000852.png
2026-07-21 20:29:58,044 face_rec.service WARNING Pruned missing file from database: /Users/sebastien/projects/perso/image-generation/out/output_0000000853.png
2026-07-21 20:29:58,044 face_rec.service WARNING Pruned missing file from database: /Users/sebastien/projects/perso/image-generation/out/output_0000000854.png
2026-07-21 20:29:58,044 face_rec.service WARNING Pruned missing file from database: /Users/sebastien/projects/perso/image-generation/out/output_0000000855.png
2026-07-21 20:29:58,607 face_rec.engine DEBUG Detected 1 face(s)
2026-07-21 20:29:58,609 face_rec.service INFO Indexed output1_0000000005.png (1 face(s))
2026-07-21 20:29:58,962 face_rec.engine DEBUG Detected 1 face(s)
2026-07-21 20:29:58,964 face_rec.service INFO Indexed output1_0000000006.png (1 face(s))
2026-07-21 20:29:59,280 face_rec.engine DEBUG Detected 1 face(s)
2026-07-21 20:29:59,281 face_rec.service INFO Indexed output1_0000000007.png (1 face(s))
2026-07-21 20:29:59,582 face_rec.engine DEBUG Detected 1 face(s)
2026-07-21 20:29:59,584 face_rec.service INFO Indexed output1_0000000008.png (1 face(s))
2026-07-21 20:29:59,883 face_rec.engine DEBUG Detected 1 face(s)
2026-07-21 20:29:59,884 face_rec.service INFO Indexed output1_0000000010.png (1 face(s))
2026-07-21 20:30:00,218 face_rec.engine DEBUG Detected 1 face(s)
2026-07-21 20:30:00,219 face_rec.service INFO Indexed output1_0000000011.png (1 face(s))
2026-07-21 20:30:00,544 face_rec.engine DEBUG Detected 1 face(s)
2026-07-21 20:30:00,545 face_rec.service INFO Indexed output1_0000000014.png (1 face(s))
2026-07-21 20:30:00,854 face_rec.engine DEBUG Detected 1 face(s)
2026-07-21 20:30:00,855 face_rec.service INFO Indexed output1_0000000015.png (1 face(s))
2026-07-21 20:30:01,196 face_rec.engine DEBUG Detected 1 face(s)
2026-07-21 20:30:01,198 face_rec.service INFO Indexed output1_0000000016.png (1 face(s))
2026-07-21 20:30:01,629 face_rec.engine DEBUG Detected 1 face(s)
2026-07-21 20:30:01,630 face_rec.service INFO Indexed output1_0000000022.png (1 face(s))
2026-07-21 20:30:01,950 face_rec.engine DEBUG Detected 1 face(s)
2026-07-21 20:30:01,952 face_rec.service INFO Indexed output1_0000000024.png (1 face(s))
2026-07-21 20:30:02,499 face_rec.engine DEBUG Detected 2 face(s)
2026-07-21 20:30:02,500 face_rec.service INFO Indexed output1_0000000027.png (2 face(s))
2026-07-21 20:30:02,861 face_rec.engine DEBUG Detected 1 face(s)
2026-07-21 20:30:02,862 face_rec.service INFO Indexed output1_0000000028.png (1 face(s))
2026-07-21 20:30:03,181 face_rec.engine DEBUG Detected 1 face(s)
2026-07-21 20:30:03,182 face_rec.service INFO Indexed output1_0000000029.png (1 face(s))
2026-07-21 20:30:03,508 face_rec.engine DEBUG Detected 1 face(s)
2026-07-21 20:30:03,510 face_rec.service INFO Indexed output1_0000000030.png (1 face(s))
2026-07-21 20:30:04,571 face_rec.engine DEBUG Detected 4 face(s)
2026-07-21 20:30:04,573 face_rec.service INFO Indexed output1_0000000032.png (4 face(s))
2026-07-21 20:30:04,936 face_rec.engine DEBUG Detected 1 face(s)
2026-07-21 20:30:04,938 face_rec.service INFO Indexed output1_0000000033.png (1 face(s))
2026-07-21 20:30:05,260 face_rec.engine DEBUG Detected 1 face(s)
2026-07-21 20:30:05,262 face_rec.service INFO Indexed output1_0000000035.png (1 face(s))
2026-07-21 20:30:05,599 face_rec.engine DEBUG Detected 1 face(s)
2026-07-21 20:30:05,600 face_rec.service INFO Indexed output1_0000000037.png (1 face(s))
2026-07-21 20:30:06,011 face_rec.engine DEBUG Detected 1 face(s)
2026-07-21 20:30:06,012 face_rec.service INFO Indexed output1_0000000039.png (1 face(s))
2026-07-21 20:30:06,363 face_rec.engine DEBUG Detected 1 face(s)
2026-07-21 20:30:06,364 face_rec.service INFO Indexed output1_0000000040.png (1 face(s))
2026-07-21 20:30:06,723 face_rec.engine DEBUG Detected 1 face(s)
2026-07-21 20:30:06,727 face_rec.service INFO Indexed output1_0000000044.png (1 face(s))
2026-07-21 20:30:07,072 face_rec.engine DEBUG Detected 1 face(s)
2026-07-21 20:30:07,073 face_rec.service INFO Indexed output1_0000000045.png (1 face(s))
2026-07-21 20:30:07,414 face_rec.engine DEBUG Detected 1 face(s)
2026-07-21 20:30:07,415 face_rec.service INFO Indexed output1_0000000047.png (1 face(s))
2026-07-21 20:30:07,744 face_rec.engine DEBUG Detected 1 face(s)
2026-07-21 20:30:07,745 face_rec.service INFO Indexed output1_0000000048.png (1 face(s))
2026-07-21 20:30:08,071 face_rec.engine DEBUG Detected 1 face(s)
2026-07-21 20:30:08,072 face_rec.service INFO Indexed output1_0000000049.png (1 face(s))
2026-07-21 20:30:08,510 face_rec.engine DEBUG Detected 1 face(s)
2026-07-21 20:30:08,512 face_rec.service INFO Indexed output1_0000000050.png (1 face(s))
2026-07-21 20:30:08,896 face_rec.engine DEBUG Detected 1 face(s)
2026-07-21 20:30:08,897 face_rec.service INFO Indexed output1_0000000051.png (1 face(s))
2026-07-21 20:30:09,254 face_rec.engine DEBUG Detected 1 face(s)
2026-07-21 20:30:09,259 face_rec.service INFO Indexed output1_0000000052.png (1 face(s))
2026-07-21 20:30:09,645 face_rec.engine DEBUG Detected 1 face(s)
2026-07-21 20:30:09,646 face_rec.service INFO Indexed output1_0000000056.png (1 face(s))
2026-07-21 20:30:10,005 face_rec.engine DEBUG Detected 1 face(s)
2026-07-21 20:30:10,006 face_rec.service INFO Indexed output1_0000000058.png (1 face(s))
2026-07-21 20:30:10,375 face_rec.engine DEBUG Detected 1 face(s)
2026-07-21 20:30:10,376 face_rec.service INFO Indexed output1_0000000059.png (1 face(s))
2026-07-21 20:30:10,720 face_rec.engine DEBUG Detected 1 face(s)
2026-07-21 20:30:10,722 face_rec.service INFO Indexed output1_0000000061.png (1 face(s))
2026-07-21 20:30:11,084 face_rec.engine DEBUG Detected 1 face(s)
2026-07-21 20:30:11,086 face_rec.service INFO Indexed output1_0000000063.png (1 face(s))
2026-07-21 20:30:11,436 face_rec.engine DEBUG Detected 1 face(s)
2026-07-21 20:30:11,437 face_rec.service INFO Indexed output1_0000000064.png (1 face(s))
2026-07-21 20:30:11,776 face_rec.engine DEBUG Detected 1 face(s)
2026-07-21 20:30:11,778 face_rec.service INFO Indexed output1_0000000069.png (1 face(s))
2026-07-21 20:30:12,113 face_rec.engine DEBUG Detected 1 face(s)
2026-07-21 20:30:12,114 face_rec.service INFO Indexed output1_0000000070.png (1 face(s))
2026-07-21 20:30:12,457 face_rec.engine DEBUG Detected 1 face(s)
2026-07-21 20:30:12,458 face_rec.service INFO Indexed output1_0000000072.png (1 face(s))
2026-07-21 20:30:12,809 face_rec.engine DEBUG Detected 1 face(s)
2026-07-21 20:30:12,812 face_rec.service INFO Indexed output1_0000000073.png (1 face(s))
2026-07-21 20:30:13,765 face_rec.engine DEBUG Detected 4 face(s)
2026-07-21 20:30:13,766 face_rec.service INFO Indexed output1_0000000078.png (4 face(s))
2026-07-21 20:30:14,124 face_rec.engine DEBUG Detected 1 face(s)
2026-07-21 20:30:14,126 face_rec.service INFO Indexed output1_0000000080.png (1 face(s))
2026-07-21 20:30:14,730 face_rec.engine DEBUG Detected 2 face(s)
2026-07-21 20:30:14,732 face_rec.service INFO Indexed output1_0000000084.png (2 face(s))
2026-07-21 20:30:15,079 face_rec.engine DEBUG Detected 1 face(s)
2026-07-21 20:30:15,081 face_rec.service INFO Indexed output1_0000000086.png (1 face(s))
2026-07-21 20:30:15,400 face_rec.engine DEBUG Detected 1 face(s)
2026-07-21 20:30:15,401 face_rec.service INFO Indexed output1_0000000088.png (1 face(s))
2026-07-21 20:30:15,722 face_rec.engine DEBUG Detected 1 face(s)
2026-07-21 20:30:15,723 face_rec.service INFO Indexed output1_0000000090.png (1 face(s))
2026-07-21 20:30:16,159 face_rec.engine DEBUG Detected 1 face(s)
2026-07-21 20:30:16,160 face_rec.service INFO Indexed output1_0000000091.png (1 face(s))
2026-07-21 20:30:16,551 face_rec.engine DEBUG Detected 1 face(s)
2026-07-21 20:30:16,556 face_rec.service INFO Indexed output1_0000000093.png (1 face(s))
2026-07-21 20:30:16,914 face_rec.engine DEBUG Detected 1 face(s)
2026-07-21 20:30:16,915 face_rec.service INFO Indexed output1_0000000094.png (1 face(s))
2026-07-21 20:30:17,242 face_rec.engine DEBUG Detected 1 face(s)
2026-07-21 20:30:17,247 face_rec.service INFO Indexed output1_0000000095.png (1 face(s))
2026-07-21 20:30:17,570 face_rec.engine DEBUG Detected 1 face(s)
2026-07-21 20:30:17,571 face_rec.service INFO Indexed output1_0000000096.png (1 face(s))
2026-07-21 20:30:17,890 face_rec.engine DEBUG Detected 1 face(s)
2026-07-21 20:30:17,891 face_rec.service INFO Indexed output1_0000000097.png (1 face(s))
2026-07-21 20:30:18,223 face_rec.engine DEBUG Detected 1 face(s)
2026-07-21 20:30:18,224 face_rec.service INFO Indexed output1_0000000098.png (1 face(s))
2026-07-21 20:30:18,551 face_rec.engine DEBUG Detected 1 face(s)
2026-07-21 20:30:18,552 face_rec.service INFO Indexed output1_0000000099.png (1 face(s))
2026-07-21 20:30:18,862 face_rec.engine DEBUG Detected 1 face(s)
2026-07-21 20:30:18,863 face_rec.service INFO Indexed output1_0000000100.png (1 face(s))
2026-07-21 20:30:19,181 face_rec.engine DEBUG Detected 1 face(s)
2026-07-21 20:30:19,183 face_rec.service INFO Indexed output1_0000000101.png (1 face(s))
2026-07-21 20:30:19,515 face_rec.engine DEBUG Detected 1 face(s)
2026-07-21 20:30:19,517 face_rec.service INFO Indexed output1_0000000103.png (1 face(s))
2026-07-21 20:30:19,847 face_rec.engine DEBUG Detected 1 face(s)
2026-07-21 20:30:19,849 face_rec.service INFO Indexed output1_0000000104.png (1 face(s))
2026-07-21 20:30:20,176 face_rec.engine DEBUG Detected 1 face(s)
2026-07-21 20:30:20,178 face_rec.service INFO Indexed output1_0000000107.png (1 face(s))
2026-07-21 20:30:20,516 face_rec.engine DEBUG Detected 1 face(s)
2026-07-21 20:30:20,517 face_rec.service INFO Indexed output1_0000000110.png (1 face(s))
2026-07-21 20:30:20,849 face_rec.engine DEBUG Detected 1 face(s)
2026-07-21 20:30:20,850 face_rec.service INFO Indexed output1_0000000111.png (1 face(s))
2026-07-21 20:30:21,175 face_rec.engine DEBUG Detected 1 face(s)
2026-07-21 20:30:21,177 face_rec.service INFO Indexed output1_0000000112.png (1 face(s))
2026-07-21 20:30:21,496 face_rec.engine DEBUG Detected 1 face(s)
2026-07-21 20:30:21,497 face_rec.service INFO Indexed output1_0000000113.png (1 face(s))
2026-07-21 20:30:21,827 face_rec.engine DEBUG Detected 1 face(s)
2026-07-21 20:30:21,828 face_rec.service INFO Indexed output1_0000000115.png (1 face(s))
2026-07-21 20:30:22,153 face_rec.engine DEBUG Detected 1 face(s)
2026-07-21 20:30:22,154 face_rec.service INFO Indexed output1_0000000116.png (1 face(s))
2026-07-21 20:30:22,462 face_rec.engine DEBUG Detected 1 face(s)
2026-07-21 20:30:22,464 face_rec.service INFO Indexed output1_0000000119.png (1 face(s))
2026-07-21 20:30:22,788 face_rec.engine DEBUG Detected 1 face(s)
2026-07-21 20:30:22,790 face_rec.service INFO Indexed output1_0000000122.png (1 face(s))
2026-07-21 20:30:23,117 face_rec.engine DEBUG Detected 1 face(s)
2026-07-21 20:30:23,118 face_rec.service INFO Indexed output1_0000000124.png (1 face(s))
2026-07-21 20:30:23,441 face_rec.engine DEBUG Detected 1 face(s)
2026-07-21 20:30:23,443 face_rec.service INFO Indexed output1_0000000125.png (1 face(s))
2026-07-21 20:30:23,786 face_rec.engine DEBUG Detected 1 face(s)
2026-07-21 20:30:23,788 face_rec.service INFO Indexed output1_0000000126.png (1 face(s))
2026-07-21 20:30:24,137 face_rec.engine DEBUG Detected 1 face(s)
2026-07-21 20:30:24,138 face_rec.service INFO Indexed output1_0000000129.png (1 face(s))
2026-07-21 20:30:24,480 face_rec.engine DEBUG Detected 1 face(s)
2026-07-21 20:30:24,482 face_rec.service INFO Indexed output1_0000000130.png (1 face(s))
2026-07-21 20:30:24,826 face_rec.engine DEBUG Detected 1 face(s)
2026-07-21 20:30:24,827 face_rec.service INFO Indexed output1_0000000131.png (1 face(s))
2026-07-21 20:30:25,204 face_rec.engine DEBUG Detected 1 face(s)
2026-07-21 20:30:25,206 face_rec.service INFO Indexed output1_0000000132.png (1 face(s))
2026-07-21 20:30:25,559 face_rec.engine DEBUG Detected 1 face(s)
2026-07-21 20:30:25,560 face_rec.service INFO Indexed output1_0000000133.png (1 face(s))
2026-07-21 20:30:25,868 face_rec.engine DEBUG Detected 1 face(s)
2026-07-21 20:30:25,869 face_rec.service INFO Indexed output1_0000000137.png (1 face(s))
2026-07-21 20:30:26,236 face_rec.engine DEBUG Detected 1 face(s)
2026-07-21 20:30:26,239 face_rec.service INFO Indexed output1_0000000141.png (1 face(s))
2026-07-21 20:30:26,604 face_rec.engine DEBUG Detected 1 face(s)
2026-07-21 20:30:26,606 face_rec.service INFO Indexed output1_0000000143.png (1 face(s))
2026-07-21 20:30:26,970 face_rec.engine DEBUG Detected 1 face(s)
2026-07-21 20:30:26,973 face_rec.service INFO Indexed output1_0000000144.png (1 face(s))
2026-07-21 20:30:27,345 face_rec.engine DEBUG Detected 1 face(s)
2026-07-21 20:30:27,347 face_rec.service INFO Indexed output1_0000000145.png (1 face(s))
2026-07-21 20:30:27,747 face_rec.engine DEBUG Detected 1 face(s)
2026-07-21 20:30:27,748 face_rec.service INFO Indexed output1_0000000146.png (1 face(s))
2026-07-21 20:30:28,140 face_rec.engine DEBUG Detected 1 face(s)
2026-07-21 20:30:28,141 face_rec.service INFO Indexed output1_0000000147.png (1 face(s))
2026-07-21 20:30:28,489 face_rec.engine DEBUG Detected 1 face(s)
2026-07-21 20:30:28,492 face_rec.service INFO Indexed output1_0000000148.png (1 face(s))
2026-07-21 20:30:28,840 face_rec.engine DEBUG Detected 1 face(s)
2026-07-21 20:30:28,841 face_rec.service INFO Indexed output1_0000000149.png (1 face(s))
2026-07-21 20:30:29,160 face_rec.engine DEBUG Detected 1 face(s)
2026-07-21 20:30:29,162 face_rec.service INFO Indexed output1_0000000150.png (1 face(s))
2026-07-21 20:30:29,511 face_rec.engine DEBUG Detected 1 face(s)
2026-07-21 20:30:29,512 face_rec.service INFO Indexed output1_0000000151.png (1 face(s))
2026-07-21 20:30:29,845 face_rec.engine DEBUG Detected 1 face(s)
2026-07-21 20:30:29,846 face_rec.service INFO Indexed output1_0000000153.png (1 face(s))
2026-07-21 20:30:30,177 face_rec.engine DEBUG Detected 1 face(s)
2026-07-21 20:30:30,179 face_rec.service INFO Indexed output1_0000000154.png (1 face(s))
2026-07-21 20:30:30,512 face_rec.engine DEBUG Detected 1 face(s)
2026-07-21 20:30:30,513 face_rec.service INFO Indexed output1_0000000156.png (1 face(s))
2026-07-21 20:30:30,829 face_rec.engine DEBUG Detected 1 face(s)
2026-07-21 20:30:30,831 face_rec.service INFO Indexed output1_0000000157.png (1 face(s))
2026-07-21 20:30:31,144 face_rec.engine DEBUG Detected 1 face(s)
2026-07-21 20:30:31,145 face_rec.service INFO Indexed output1_0000000158.png (1 face(s))
2026-07-21 20:30:31,474 face_rec.engine DEBUG Detected 1 face(s)
2026-07-21 20:30:31,475 face_rec.service INFO Indexed output1_0000000160.png (1 face(s))
2026-07-21 20:30:31,826 face_rec.engine DEBUG Detected 1 face(s)
2026-07-21 20:30:31,827 face_rec.service INFO Indexed output1_0000000163.png (1 face(s))
2026-07-21 20:30:32,203 face_rec.engine DEBUG Detected 1 face(s)
2026-07-21 20:30:32,204 face_rec.service INFO Indexed output1_0000000165.png (1 face(s))
2026-07-21 20:30:32,516 face_rec.engine DEBUG Detected 1 face(s)
2026-07-21 20:30:32,517 face_rec.service INFO Indexed output1_0000000166.png (1 face(s))
2026-07-21 20:30:32,843 face_rec.engine DEBUG Detected 1 face(s)
2026-07-21 20:30:32,844 face_rec.service INFO Indexed output1_0000000168.png (1 face(s))
2026-07-21 20:30:33,160 face_rec.engine DEBUG Detected 1 face(s)
2026-07-21 20:30:33,161 face_rec.service INFO Indexed output1_0000000169.png (1 face(s))
2026-07-21 20:30:33,490 face_rec.engine DEBUG Detected 1 face(s)
2026-07-21 20:30:33,491 face_rec.service INFO Indexed output1_0000000171.png (1 face(s))
2026-07-21 20:30:33,802 face_rec.engine DEBUG Detected 1 face(s)
2026-07-21 20:30:33,803 face_rec.service INFO Indexed output1_0000000172.png (1 face(s))
2026-07-21 20:30:34,108 face_rec.engine DEBUG Detected 1 face(s)
2026-07-21 20:30:34,113 face_rec.service INFO Indexed output1_0000000173.png (1 face(s))
2026-07-21 20:30:35,213 face_rec.engine DEBUG Detected 5 face(s)
2026-07-21 20:30:35,214 face_rec.service INFO Indexed output1_0000000174.png (5 face(s))
2026-07-21 20:30:35,522 face_rec.engine DEBUG Detected 1 face(s)
2026-07-21 20:30:35,524 face_rec.service INFO Indexed output1_0000000175.png (1 face(s))
2026-07-21 20:30:35,826 face_rec.engine DEBUG Detected 1 face(s)
2026-07-21 20:30:35,827 face_rec.service INFO Indexed output1_0000000176.png (1 face(s))
2026-07-21 20:30:36,173 face_rec.engine DEBUG Detected 1 face(s)
2026-07-21 20:30:36,175 face_rec.service INFO Indexed output1_0000000177.png (1 face(s))
2026-07-21 20:30:36,519 face_rec.engine DEBUG Detected 1 face(s)
2026-07-21 20:30:36,520 face_rec.service INFO Indexed output1_0000000178.png (1 face(s))
2026-07-21 20:30:36,840 face_rec.engine DEBUG Detected 1 face(s)
2026-07-21 20:30:36,841 face_rec.service INFO Indexed output1_0000000179.png (1 face(s))
2026-07-21 20:30:37,150 face_rec.engine DEBUG Detected 1 face(s)
2026-07-21 20:30:37,151 face_rec.service INFO Indexed output1_0000000180.png (1 face(s))
2026-07-21 20:30:37,462 face_rec.engine DEBUG Detected 1 face(s)
2026-07-21 20:30:37,464 face_rec.service INFO Indexed output1_0000000181.png (1 face(s))
2026-07-21 20:30:37,795 face_rec.engine DEBUG Detected 1 face(s)
2026-07-21 20:30:37,797 face_rec.service INFO Indexed output1_0000000182.png (1 face(s))
2026-07-21 20:30:38,102 face_rec.engine DEBUG Detected 1 face(s)
2026-07-21 20:30:38,104 face_rec.service INFO Indexed output1_0000000183.png (1 face(s))
2026-07-21 20:30:38,411 face_rec.engine DEBUG Detected 1 face(s)
2026-07-21 20:30:38,412 face_rec.service INFO Indexed output1_0000000185.png (1 face(s))
2026-07-21 20:30:38,723 face_rec.engine DEBUG Detected 1 face(s)
2026-07-21 20:30:38,725 face_rec.service INFO Indexed output1_0000000186.png (1 face(s))
2026-07-21 20:30:39,041 face_rec.engine DEBUG Detected 1 face(s)
2026-07-21 20:30:39,042 face_rec.service INFO Indexed output1_0000000188.png (1 face(s))
2026-07-21 20:30:39,376 face_rec.engine DEBUG Detected 1 face(s)
2026-07-21 20:30:39,377 face_rec.service INFO Indexed output1_0000000189.png (1 face(s))
2026-07-21 20:30:39,692 face_rec.engine DEBUG Detected 1 face(s)
2026-07-21 20:30:39,694 face_rec.service INFO Indexed output1_0000000190.png (1 face(s))
2026-07-21 20:30:39,996 face_rec.engine DEBUG Detected 1 face(s)
2026-07-21 20:30:39,998 face_rec.service INFO Indexed output1_0000000191.png (1 face(s))
2026-07-21 20:30:40,304 face_rec.engine DEBUG Detected 1 face(s)
2026-07-21 20:30:40,305 face_rec.service INFO Indexed output1_0000000192.png (1 face(s))
2026-07-21 20:30:40,610 face_rec.engine DEBUG Detected 1 face(s)
2026-07-21 20:30:40,611 face_rec.service INFO Indexed output1_0000000195.png (1 face(s))
2026-07-21 20:30:40,922 face_rec.engine DEBUG Detected 1 face(s)
2026-07-21 20:30:40,923 face_rec.service INFO Indexed output1_0000000196.png (1 face(s))
2026-07-21 20:30:41,243 face_rec.engine DEBUG Detected 1 face(s)
2026-07-21 20:30:41,245 face_rec.service INFO Indexed output1_0000000197.png (1 face(s))
2026-07-21 20:30:41,562 face_rec.engine DEBUG Detected 1 face(s)
2026-07-21 20:30:41,563 face_rec.service INFO Indexed output1_0000000198.png (1 face(s))
2026-07-21 20:30:41,886 face_rec.engine DEBUG Detected 1 face(s)
2026-07-21 20:30:41,887 face_rec.service INFO Indexed output1_0000000199.png (1 face(s))
2026-07-21 20:30:42,228 face_rec.engine DEBUG Detected 1 face(s)
2026-07-21 20:30:42,229 face_rec.service INFO Indexed output1_0000000200.png (1 face(s))
2026-07-21 20:30:42,563 face_rec.engine DEBUG Detected 1 face(s)
2026-07-21 20:30:42,564 face_rec.service INFO Indexed output1_0000000201.png (1 face(s))
2026-07-21 20:30:42,885 face_rec.engine DEBUG Detected 1 face(s)
2026-07-21 20:30:42,887 face_rec.service INFO Indexed output1_0000000203.png (1 face(s))
2026-07-21 20:30:43,235 face_rec.engine DEBUG Detected 1 face(s)
2026-07-21 20:30:43,236 face_rec.service INFO Indexed output1_0000000205.png (1 face(s))
2026-07-21 20:30:43,575 face_rec.engine DEBUG Detected 1 face(s)
2026-07-21 20:30:43,576 face_rec.service INFO Indexed output1_0000000206.png (1 face(s))
2026-07-21 20:30:43,900 face_rec.engine DEBUG Detected 1 face(s)
2026-07-21 20:30:43,902 face_rec.service INFO Indexed output1_0000000207.png (1 face(s))
2026-07-21 20:30:44,242 face_rec.engine DEBUG Detected 1 face(s)
2026-07-21 20:30:44,243 face_rec.service INFO Indexed output1_0000000208.png (1 face(s))
2026-07-21 20:30:45,513 face_rec.engine DEBUG Detected 6 face(s)
2026-07-21 20:30:45,514 face_rec.service INFO Indexed output1_0000000209.png (6 face(s))
2026-07-21 20:30:45,847 face_rec.engine DEBUG Detected 1 face(s)
2026-07-21 20:30:45,849 face_rec.service INFO Indexed output1_0000000210.png (1 face(s))
2026-07-21 20:30:46,158 face_rec.engine DEBUG Detected 1 face(s)
2026-07-21 20:30:46,160 face_rec.service INFO Indexed output1_0000000211.png (1 face(s))
2026-07-21 20:30:46,458 face_rec.engine DEBUG Detected 1 face(s)
2026-07-21 20:30:46,460 face_rec.service INFO Indexed output1_0000000212.png (1 face(s))
2026-07-21 20:30:46,778 face_rec.engine DEBUG Detected 1 face(s)
2026-07-21 20:30:46,780 face_rec.service INFO Indexed output1_0000000213.png (1 face(s))
2026-07-21 20:30:47,094 face_rec.engine DEBUG Detected 1 face(s)
2026-07-21 20:30:47,096 face_rec.service INFO Indexed output1_0000000214.png (1 face(s))
2026-07-21 20:30:48,424 face_rec.engine DEBUG Detected 6 face(s)
2026-07-21 20:30:48,426 face_rec.service INFO Indexed output1_0000000215.png (6 face(s))
2026-07-21 20:30:48,747 face_rec.engine DEBUG Detected 1 face(s)
2026-07-21 20:30:48,749 face_rec.service INFO Indexed output1_0000000216.png (1 face(s))
2026-07-21 20:30:49,061 face_rec.engine DEBUG Detected 1 face(s)
2026-07-21 20:30:49,062 face_rec.service INFO Indexed output1_0000000217.png (1 face(s))
2026-07-21 20:30:49,385 face_rec.engine DEBUG Detected 1 face(s)
2026-07-21 20:30:49,386 face_rec.service INFO Indexed output1_0000000218.png (1 face(s))
2026-07-21 20:30:49,722 face_rec.engine DEBUG Detected 1 face(s)
2026-07-21 20:30:49,723 face_rec.service INFO Indexed output1_0000000219.png (1 face(s))
2026-07-21 20:30:50,056 face_rec.engine DEBUG Detected 1 face(s)
2026-07-21 20:30:50,057 face_rec.service INFO Indexed output1_0000000223.png (1 face(s))
2026-07-21 20:30:50,350 face_rec.engine DEBUG Detected 1 face(s)
2026-07-21 20:30:50,352 face_rec.service INFO Indexed output1_0000000228.png (1 face(s))
2026-07-21 20:30:50,663 face_rec.engine DEBUG Detected 1 face(s)
2026-07-21 20:30:50,664 face_rec.service INFO Indexed output1_0000000230.png (1 face(s))
2026-07-21 20:30:50,965 face_rec.engine DEBUG Detected 1 face(s)
2026-07-21 20:30:50,966 face_rec.service INFO Indexed output1_0000000232.png (1 face(s))
2026-07-21 20:30:51,287 face_rec.engine DEBUG Detected 1 face(s)
2026-07-21 20:30:51,288 face_rec.service INFO Indexed output1_0000000233.png (1 face(s))
2026-07-21 20:30:51,596 face_rec.engine DEBUG Detected 1 face(s)
2026-07-21 20:30:51,597 face_rec.service INFO Indexed output1_0000000236.png (1 face(s))
2026-07-21 20:30:51,899 face_rec.engine DEBUG Detected 1 face(s)
2026-07-21 20:30:51,901 face_rec.service INFO Indexed output1_0000000237.png (1 face(s))
2026-07-21 20:30:52,209 face_rec.engine DEBUG Detected 1 face(s)
2026-07-21 20:30:52,210 face_rec.service INFO Indexed output1_0000000238.png (1 face(s))
2026-07-21 20:30:52,515 face_rec.engine DEBUG Detected 1 face(s)
2026-07-21 20:30:52,517 face_rec.service INFO Indexed output1_0000000239.png (1 face(s))
2026-07-21 20:30:52,816 face_rec.engine DEBUG Detected 1 face(s)
2026-07-21 20:30:52,817 face_rec.service INFO Indexed output1_0000000243.png (1 face(s))
2026-07-21 20:30:53,565 face_rec.engine DEBUG Detected 3 face(s)
2026-07-21 20:30:53,566 face_rec.service INFO Indexed output1_0000000246.png (3 face(s))
2026-07-21 20:30:53,875 face_rec.engine DEBUG Detected 1 face(s)
2026-07-21 20:30:53,877 face_rec.service INFO Indexed output1_0000000247.png (1 face(s))
2026-07-21 20:30:54,212 face_rec.engine DEBUG Detected 1 face(s)
2026-07-21 20:30:54,213 face_rec.service INFO Indexed output1_0000000248.png (1 face(s))
2026-07-21 20:30:54,580 face_rec.engine DEBUG Detected 1 face(s)
2026-07-21 20:30:54,582 face_rec.service INFO Indexed output1_0000000249.png (1 face(s))
2026-07-21 20:30:54,917 face_rec.engine DEBUG Detected 1 face(s)
2026-07-21 20:30:54,918 face_rec.service INFO Indexed output1_0000000250.png (1 face(s))
2026-07-21 20:30:55,454 face_rec.engine DEBUG Detected 1 face(s)
2026-07-21 20:30:55,455 face_rec.service INFO Indexed output1_0000000251.png (1 face(s))
2026-07-21 20:30:55,906 face_rec.engine DEBUG Detected 1 face(s)
2026-07-21 20:30:55,908 face_rec.service INFO Indexed output1_0000000252.png (1 face(s))
2026-07-21 20:30:56,555 face_rec.engine DEBUG Detected 1 face(s)
2026-07-21 20:30:56,556 face_rec.service INFO Indexed output1_0000000254.png (1 face(s))
2026-07-21 20:30:57,010 face_rec.engine DEBUG Detected 1 face(s)
2026-07-21 20:30:57,012 face_rec.service INFO Indexed output1_0000000256.png (1 face(s))
2026-07-21 20:30:57,379 face_rec.engine DEBUG Detected 1 face(s)
2026-07-21 20:30:57,381 face_rec.service INFO Indexed output1_0000000257.png (1 face(s))
2026-07-21 20:30:57,909 face_rec.engine DEBUG Detected 2 face(s)
2026-07-21 20:30:57,910 face_rec.service INFO Indexed output1_0000000259.png (2 face(s))
2026-07-21 20:30:58,234 face_rec.engine DEBUG Detected 1 face(s)
2026-07-21 20:30:58,239 face_rec.service INFO Indexed output1_0000000260.png (1 face(s))
2026-07-21 20:30:58,552 face_rec.engine DEBUG Detected 1 face(s)
2026-07-21 20:30:58,554 face_rec.service INFO Indexed output1_0000000261.png (1 face(s))
2026-07-21 20:30:58,855 face_rec.engine DEBUG Detected 1 face(s)
2026-07-21 20:30:58,856 face_rec.service INFO Indexed output1_0000000262.png (1 face(s))
2026-07-21 20:30:59,170 face_rec.engine DEBUG Detected 1 face(s)
2026-07-21 20:30:59,171 face_rec.service INFO Indexed output1_0000000263.png (1 face(s))
2026-07-21 20:30:59,488 face_rec.engine DEBUG Detected 1 face(s)
2026-07-21 20:30:59,489 face_rec.service INFO Indexed output1_0000000264.png (1 face(s))
2026-07-21 20:30:59,791 face_rec.engine DEBUG Detected 1 face(s)
2026-07-21 20:30:59,792 face_rec.service INFO Indexed output1_0000000266.png (1 face(s))
2026-07-21 20:31:00,105 face_rec.engine DEBUG Detected 1 face(s)
2026-07-21 20:31:00,106 face_rec.service INFO Indexed output1_0000000267.png (1 face(s))
2026-07-21 20:31:00,443 face_rec.engine DEBUG Detected 1 face(s)
2026-07-21 20:31:00,444 face_rec.service INFO Indexed output1_0000000268.png (1 face(s))
2026-07-21 20:31:00,747 face_rec.engine DEBUG Detected 1 face(s)
2026-07-21 20:31:00,752 face_rec.service INFO Indexed output1_0000000269.png (1 face(s))
2026-07-21 20:31:01,061 face_rec.engine DEBUG Detected 1 face(s)
2026-07-21 20:31:01,062 face_rec.service INFO Indexed output1_0000000270.png (1 face(s))
2026-07-21 20:31:01,371 face_rec.engine DEBUG Detected 1 face(s)
2026-07-21 20:31:01,372 face_rec.service INFO Indexed output1_0000000271.png (1 face(s))
2026-07-21 20:31:01,693 face_rec.engine DEBUG Detected 1 face(s)
2026-07-21 20:31:01,694 face_rec.service INFO Indexed output1_0000000273.png (1 face(s))
2026-07-21 20:31:02,013 face_rec.engine DEBUG Detected 1 face(s)
2026-07-21 20:31:02,014 face_rec.service INFO Indexed output1_0000000274.png (1 face(s))
2026-07-21 20:31:02,333 face_rec.engine DEBUG Detected 1 face(s)
2026-07-21 20:31:02,335 face_rec.service INFO Indexed output1_0000000275.png (1 face(s))
2026-07-21 20:31:02,640 face_rec.engine DEBUG Detected 1 face(s)
2026-07-21 20:31:02,641 face_rec.service INFO Indexed output1_0000000276.png (1 face(s))
2026-07-21 20:31:02,928 face_rec.engine DEBUG Detected 1 face(s)
2026-07-21 20:31:02,930 face_rec.service INFO Indexed output1_0000000277.png (1 face(s))
2026-07-21 20:31:03,245 face_rec.engine DEBUG Detected 1 face(s)
2026-07-21 20:31:03,247 face_rec.service INFO Indexed output1_0000000278.png (1 face(s))
2026-07-21 20:31:03,545 face_rec.engine DEBUG Detected 1 face(s)
2026-07-21 20:31:03,546 face_rec.service INFO Indexed output1_0000000279.png (1 face(s))
2026-07-21 20:31:03,849 face_rec.engine DEBUG Detected 1 face(s)
2026-07-21 20:31:03,850 face_rec.service INFO Indexed output1_0000000281.png (1 face(s))
2026-07-21 20:31:04,154 face_rec.engine DEBUG Detected 1 face(s)
2026-07-21 20:31:04,156 face_rec.service INFO Indexed output1_0000000282.png (1 face(s))
2026-07-21 20:31:04,457 face_rec.engine DEBUG Detected 1 face(s)
2026-07-21 20:31:04,458 face_rec.service INFO Indexed output1_0000000283.png (1 face(s))
2026-07-21 20:31:04,765 face_rec.engine DEBUG Detected 1 face(s)
2026-07-21 20:31:04,766 face_rec.service INFO Indexed output1_0000000284.png (1 face(s))
2026-07-21 20:31:05,660 face_rec.engine DEBUG Detected 4 face(s)
2026-07-21 20:31:05,661 face_rec.service INFO Indexed output1_0000000285.png (4 face(s))
2026-07-21 20:31:05,965 face_rec.engine DEBUG Detected 1 face(s)
2026-07-21 20:31:05,970 face_rec.service INFO Indexed output1_0000000287.png (1 face(s))
2026-07-21 20:31:06,276 face_rec.engine DEBUG Detected 1 face(s)
2026-07-21 20:31:06,277 face_rec.service INFO Indexed output1_0000000288.png (1 face(s))
2026-07-21 20:31:06,589 face_rec.engine DEBUG Detected 1 face(s)
2026-07-21 20:31:06,590 face_rec.service INFO Indexed output1_0000000289.png (1 face(s))
2026-07-21 20:31:06,912 face_rec.engine DEBUG Detected 1 face(s)
2026-07-21 20:31:06,913 face_rec.service INFO Indexed output1_0000000291.png (1 face(s))
2026-07-21 20:31:07,219 face_rec.engine DEBUG Detected 1 face(s)
2026-07-21 20:31:07,220 face_rec.service INFO Indexed output1_0000000292.png (1 face(s))
2026-07-21 20:31:07,664 face_rec.engine DEBUG Detected 1 face(s)
2026-07-21 20:31:07,665 face_rec.service INFO Indexed output1_0000000293.png (1 face(s))
2026-07-21 20:31:07,978 face_rec.engine DEBUG Detected 1 face(s)
2026-07-21 20:31:07,980 face_rec.service INFO Indexed output1_0000000294.png (1 face(s))
2026-07-21 20:31:08,310 face_rec.engine DEBUG Detected 1 face(s)
2026-07-21 20:31:08,311 face_rec.service INFO Indexed output1_0000000295.png (1 face(s))
2026-07-21 20:31:08,648 face_rec.engine DEBUG Detected 1 face(s)
2026-07-21 20:31:08,650 face_rec.service INFO Indexed output1_0000000296.png (1 face(s))
2026-07-21 20:31:08,946 face_rec.engine DEBUG Detected 1 face(s)
2026-07-21 20:31:08,947 face_rec.service INFO Indexed output1_0000000297.png (1 face(s))
2026-07-21 20:31:09,273 face_rec.engine DEBUG Detected 1 face(s)
2026-07-21 20:31:09,274 face_rec.service INFO Indexed output1_0000000301.png (1 face(s))
2026-07-21 20:31:09,591 face_rec.engine DEBUG Detected 1 face(s)
2026-07-21 20:31:09,593 face_rec.service INFO Indexed output1_0000000304.png (1 face(s))
2026-07-21 20:31:09,901 face_rec.engine DEBUG Detected 1 face(s)
2026-07-21 20:31:09,903 face_rec.service INFO Indexed output1_0000000305.png (1 face(s))
2026-07-21 20:31:10,205 face_rec.engine DEBUG Detected 1 face(s)
2026-07-21 20:31:10,207 face_rec.service INFO Indexed output1_0000000308.png (1 face(s))
2026-07-21 20:31:10,518 face_rec.engine DEBUG Detected 1 face(s)
2026-07-21 20:31:10,520 face_rec.service INFO Indexed output1_0000000309.png (1 face(s))
2026-07-21 20:31:10,824 face_rec.engine DEBUG Detected 1 face(s)
2026-07-21 20:31:10,826 face_rec.service INFO Indexed output1_0000000310.png (1 face(s))
2026-07-21 20:31:11,142 face_rec.engine DEBUG Detected 1 face(s)
2026-07-21 20:31:11,143 face_rec.service INFO Indexed output1_0000000312.png (1 face(s))
2026-07-21 20:31:11,444 face_rec.engine DEBUG Detected 1 face(s)
2026-07-21 20:31:11,445 face_rec.service INFO Indexed output1_0000000313.png (1 face(s))
2026-07-21 20:31:11,753 face_rec.engine DEBUG Detected 1 face(s)
2026-07-21 20:31:11,755 face_rec.service INFO Indexed output1_0000000314.png (1 face(s))
2026-07-21 20:31:12,168 face_rec.engine DEBUG Detected 1 face(s)
2026-07-21 20:31:12,170 face_rec.service INFO Indexed output1_0000000315.png (1 face(s))
2026-07-21 20:31:12,541 face_rec.engine DEBUG Detected 1 face(s)
2026-07-21 20:31:12,542 face_rec.service INFO Indexed output1_0000000316.png (1 face(s))
2026-07-21 20:31:12,866 face_rec.engine DEBUG Detected 1 face(s)
2026-07-21 20:31:12,867 face_rec.service INFO Indexed output1_0000000317.png (1 face(s))
2026-07-21 20:31:13,191 face_rec.engine DEBUG Detected 1 face(s)
2026-07-21 20:31:13,192 face_rec.service INFO Indexed output1_0000000318.png (1 face(s))
2026-07-21 20:31:13,504 face_rec.engine DEBUG Detected 1 face(s)
2026-07-21 20:31:13,505 face_rec.service INFO Indexed output1_0000000319.png (1 face(s))
2026-07-21 20:31:13,809 face_rec.engine DEBUG Detected 1 face(s)
2026-07-21 20:31:13,810 face_rec.service INFO Indexed output1_0000000320.png (1 face(s))
2026-07-21 20:31:14,349 face_rec.engine DEBUG Detected 2 face(s)
2026-07-21 20:31:14,351 face_rec.service INFO Indexed output1_0000000321.png (2 face(s))
2026-07-21 20:31:14,733 face_rec.engine DEBUG Detected 1 face(s)
2026-07-21 20:31:14,736 face_rec.service INFO Indexed output1_0000000322.png (1 face(s))
2026-07-21 20:31:15,089 face_rec.engine DEBUG Detected 1 face(s)
2026-07-21 20:31:15,091 face_rec.service INFO Indexed output1_0000000323.png (1 face(s))
2026-07-21 20:31:16,091 face_rec.engine DEBUG Detected 4 face(s)
2026-07-21 20:31:16,095 face_rec.service INFO Indexed output1_0000000324.png (4 face(s))
2026-07-21 20:31:16,386 face_rec.engine DEBUG Detected 1 face(s)
2026-07-21 20:31:16,388 face_rec.service INFO Indexed output1_0000000325.png (1 face(s))
2026-07-21 20:31:16,682 face_rec.engine DEBUG Detected 1 face(s)
2026-07-21 20:31:16,683 face_rec.service INFO Indexed output1_0000000326.png (1 face(s))
2026-07-21 20:31:16,988 face_rec.engine DEBUG Detected 1 face(s)
2026-07-21 20:31:16,988 face_rec.service INFO Indexed output1_0000000327.png (1 face(s))
2026-07-21 20:31:17,301 face_rec.engine DEBUG Detected 1 face(s)
2026-07-21 20:31:17,303 face_rec.service INFO Indexed output1_0000000328.png (1 face(s))
2026-07-21 20:31:17,641 face_rec.engine DEBUG Detected 1 face(s)
2026-07-21 20:31:17,642 face_rec.service INFO Indexed output1_0000000329.png (1 face(s))
2026-07-21 20:31:17,942 face_rec.engine DEBUG Detected 1 face(s)
2026-07-21 20:31:17,945 face_rec.service INFO Indexed output1_0000000330.png (1 face(s))
2026-07-21 20:31:18,289 face_rec.engine DEBUG Detected 1 face(s)
2026-07-21 20:31:18,291 face_rec.service INFO Indexed output1_0000000331.png (1 face(s))
2026-07-21 20:31:18,631 face_rec.engine DEBUG Detected 1 face(s)
2026-07-21 20:31:18,632 face_rec.service INFO Indexed output1_0000000332.png (1 face(s))
2026-07-21 20:31:19,080 face_rec.engine DEBUG Detected 1 face(s)
2026-07-21 20:31:19,115 face_rec.service INFO Indexed output1_0000000333.png (1 face(s))
2026-07-21 20:31:19,545 face_rec.engine DEBUG Detected 1 face(s)
2026-07-21 20:31:19,546 face_rec.service INFO Indexed output1_0000000334.png (1 face(s))
2026-07-21 20:31:19,831 face_rec.engine DEBUG Detected 1 face(s)
2026-07-21 20:31:19,832 face_rec.service INFO Indexed output1_0000000335.png (1 face(s))
2026-07-21 20:31:20,209 face_rec.engine DEBUG Detected 1 face(s)
2026-07-21 20:31:20,210 face_rec.service INFO Indexed output1_0000000336.png (1 face(s))
2026-07-21 20:31:20,747 face_rec.engine DEBUG Detected 1 face(s)
2026-07-21 20:31:20,814 face_rec.service INFO Indexed output1_0000000337.png (1 face(s))
2026-07-21 20:31:21,078 face_rec.engine DEBUG Detected 1 face(s)
2026-07-21 20:31:21,079 face_rec.service INFO Indexed output1_0000000338.png (1 face(s))
2026-07-21 20:31:21,355 face_rec.engine DEBUG Detected 1 face(s)
2026-07-21 20:31:21,358 face_rec.service INFO Indexed output1_0000000339.png (1 face(s))
2026-07-21 20:31:21,669 face_rec.engine DEBUG Detected 1 face(s)
2026-07-21 20:31:21,735 face_rec.service INFO Indexed output1_0000000342.png (1 face(s))
2026-07-21 20:31:22,230 face_rec.engine DEBUG Detected 1 face(s)
2026-07-21 20:31:22,232 face_rec.service INFO Indexed output1_0000000343.png (1 face(s))
2026-07-21 20:31:22,581 face_rec.engine DEBUG Detected 1 face(s)
2026-07-21 20:31:22,583 face_rec.service INFO Indexed output1_0000000346.png (1 face(s))
2026-07-21 20:31:22,876 face_rec.engine DEBUG Detected 1 face(s)
2026-07-21 20:31:22,877 face_rec.service INFO Indexed output1_0000000347.png (1 face(s))
2026-07-21 20:31:23,187 face_rec.engine DEBUG Detected 1 face(s)
2026-07-21 20:31:23,188 face_rec.service INFO Indexed output1_0000000348.png (1 face(s))
2026-07-21 20:31:23,492 face_rec.engine DEBUG Detected 1 face(s)
2026-07-21 20:31:23,493 face_rec.service INFO Indexed output1_0000000349.png (1 face(s))
2026-07-21 20:31:23,839 face_rec.engine DEBUG Detected 1 face(s)
2026-07-21 20:31:23,841 face_rec.service INFO Indexed output1_0000000350.png (1 face(s))
2026-07-21 20:31:24,138 face_rec.engine DEBUG Detected 1 face(s)
2026-07-21 20:31:24,139 face_rec.service INFO Indexed output1_0000000351.png (1 face(s))
2026-07-21 20:31:24,466 face_rec.engine DEBUG Detected 1 face(s)
2026-07-21 20:31:24,468 face_rec.service INFO Indexed output1_0000000353.png (1 face(s))
2026-07-21 20:31:24,801 face_rec.engine DEBUG Detected 1 face(s)
2026-07-21 20:31:24,802 face_rec.service INFO Indexed output1_0000000354.png (1 face(s))
2026-07-21 20:31:25,175 face_rec.engine DEBUG Detected 1 face(s)
2026-07-21 20:31:25,181 face_rec.service INFO Indexed output1_0000000355.png (1 face(s))
2026-07-21 20:31:25,697 face_rec.engine DEBUG Detected 1 face(s)
2026-07-21 20:31:25,699 face_rec.service INFO Indexed output1_0000000356.png (1 face(s))
2026-07-21 20:31:26,133 face_rec.engine DEBUG Detected 1 face(s)
2026-07-21 20:31:26,135 face_rec.service INFO Indexed output1_0000000357.png (1 face(s))
2026-07-21 20:31:26,938 face_rec.engine DEBUG Detected 2 face(s)
2026-07-21 20:31:26,939 face_rec.service INFO Indexed output1_0000000360.png (2 face(s))
2026-07-21 20:31:27,293 face_rec.engine DEBUG Detected 1 face(s)
2026-07-21 20:31:27,294 face_rec.service INFO Indexed output1_0000000362.png (1 face(s))
2026-07-21 20:31:27,649 face_rec.engine DEBUG Detected 1 face(s)
2026-07-21 20:31:27,651 face_rec.service INFO Indexed output1_0000000363.png (1 face(s))
2026-07-21 20:31:28,099 face_rec.engine DEBUG Detected 1 face(s)
2026-07-21 20:31:28,100 face_rec.service INFO Indexed output1_0000000364.png (1 face(s))
2026-07-21 20:31:28,747 face_rec.engine DEBUG Detected 1 face(s)
2026-07-21 20:31:28,750 face_rec.service INFO Indexed output1_0000000368.png (1 face(s))
2026-07-21 20:31:29,510 face_rec.engine DEBUG Detected 1 face(s)
2026-07-21 20:31:29,512 face_rec.service INFO Indexed output1_0000000369.png (1 face(s))
2026-07-21 20:31:29,904 face_rec.engine DEBUG Detected 1 face(s)
2026-07-21 20:31:29,905 face_rec.service INFO Indexed output1_0000000370.png (1 face(s))
2026-07-21 20:31:30,444 face_rec.engine DEBUG Detected 1 face(s)
2026-07-21 20:31:30,445 face_rec.service INFO Indexed output1_0000000371.png (1 face(s))
2026-07-21 20:31:31,085 face_rec.engine DEBUG Detected 1 face(s)
2026-07-21 20:31:31,087 face_rec.service INFO Indexed output1_0000000372.png (1 face(s))
2026-07-21 20:31:31,781 face_rec.engine DEBUG Detected 1 face(s)
2026-07-21 20:31:31,782 face_rec.service INFO Indexed output1_0000000375.png (1 face(s))
2026-07-21 20:31:32,158 face_rec.engine DEBUG Detected 1 face(s)
2026-07-21 20:31:32,160 face_rec.service INFO Indexed output1_0000000376.png (1 face(s))
2026-07-21 20:31:32,560 face_rec.engine DEBUG Detected 1 face(s)
2026-07-21 20:31:32,561 face_rec.service INFO Indexed output1_0000000377.png (1 face(s))
2026-07-21 20:31:32,933 face_rec.engine DEBUG Detected 1 face(s)
2026-07-21 20:31:32,934 face_rec.service INFO Indexed output1_0000000378.png (1 face(s))
2026-07-21 20:31:33,323 face_rec.engine DEBUG Detected 1 face(s)
2026-07-21 20:31:33,325 face_rec.service INFO Indexed output1_0000000380.png (1 face(s))
2026-07-21 20:31:33,671 face_rec.engine DEBUG Detected 1 face(s)
2026-07-21 20:31:33,672 face_rec.service INFO Indexed output1_0000000381.png (1 face(s))
2026-07-21 20:31:33,957 face_rec.engine DEBUG Detected 1 face(s)
2026-07-21 20:31:33,959 face_rec.service INFO Indexed output1_0000000382.png (1 face(s))
2026-07-21 20:31:34,278 face_rec.engine DEBUG Detected 1 face(s)
2026-07-21 20:31:34,279 face_rec.service INFO Indexed output1_0000000385.png (1 face(s))
2026-07-21 20:31:34,578 face_rec.engine DEBUG Detected 1 face(s)
2026-07-21 20:31:34,579 face_rec.service INFO Indexed output1_0000000386.png (1 face(s))
2026-07-21 20:31:34,875 face_rec.engine DEBUG Detected 1 face(s)
2026-07-21 20:31:34,877 face_rec.service INFO Indexed output1_0000000387.png (1 face(s))
2026-07-21 20:31:35,192 face_rec.engine DEBUG Detected 1 face(s)
2026-07-21 20:31:35,193 face_rec.service INFO Indexed output1_0000000388.png (1 face(s))
2026-07-21 20:31:35,493 face_rec.engine DEBUG Detected 1 face(s)
2026-07-21 20:31:35,495 face_rec.service INFO Indexed output1_0000000389.png (1 face(s))
2026-07-21 20:31:35,812 face_rec.engine DEBUG Detected 1 face(s)
2026-07-21 20:31:35,813 face_rec.service INFO Indexed output1_0000000390.png (1 face(s))
2026-07-21 20:31:36,121 face_rec.engine DEBUG Detected 1 face(s)
2026-07-21 20:31:36,122 face_rec.service INFO Indexed output1_0000000391.png (1 face(s))
2026-07-21 20:31:36,448 face_rec.engine DEBUG Detected 1 face(s)
2026-07-21 20:31:36,449 face_rec.service INFO Indexed output1_0000000392.png (1 face(s))
2026-07-21 20:31:36,762 face_rec.engine DEBUG Detected 1 face(s)
2026-07-21 20:31:36,763 face_rec.service INFO Indexed output1_0000000393.png (1 face(s))
2026-07-21 20:31:37,067 face_rec.engine DEBUG Detected 1 face(s)
2026-07-21 20:31:37,068 face_rec.service INFO Indexed output1_0000000394.png (1 face(s))
2026-07-21 20:31:37,414 face_rec.engine DEBUG Detected 1 face(s)
2026-07-21 20:31:37,416 face_rec.service INFO Indexed output1_0000000395.png (1 face(s))
2026-07-21 20:31:37,743 face_rec.engine DEBUG Detected 1 face(s)
2026-07-21 20:31:37,744 face_rec.service INFO Indexed output1_0000000396.png (1 face(s))
2026-07-21 20:31:38,073 face_rec.engine DEBUG Detected 1 face(s)
2026-07-21 20:31:38,074 face_rec.service INFO Indexed output1_0000000397.png (1 face(s))
2026-07-21 20:31:38,844 face_rec.engine DEBUG Detected 3 face(s)
2026-07-21 20:31:38,845 face_rec.service INFO Indexed output1_0000000398.png (3 face(s))
2026-07-21 20:31:39,177 face_rec.engine DEBUG Detected 1 face(s)
2026-07-21 20:31:39,180 face_rec.service INFO Indexed output1_0000000399.png (1 face(s))
2026-07-21 20:31:39,507 face_rec.engine DEBUG Detected 1 face(s)
2026-07-21 20:31:39,508 face_rec.service INFO Indexed output1_0000000401.png (1 face(s))
2026-07-21 20:31:39,857 face_rec.engine DEBUG Detected 1 face(s)
2026-07-21 20:31:39,859 face_rec.service INFO Indexed output1_0000000403.png (1 face(s))
2026-07-21 20:31:40,151 face_rec.engine DEBUG Detected 1 face(s)
2026-07-21 20:31:40,153 face_rec.service INFO Indexed output1_0000000404.png (1 face(s))
2026-07-21 20:31:40,473 face_rec.engine DEBUG Detected 1 face(s)
2026-07-21 20:31:40,474 face_rec.service INFO Indexed output1_0000000405.png (1 face(s))
2026-07-21 20:31:40,796 face_rec.engine DEBUG Detected 1 face(s)
2026-07-21 20:31:40,797 face_rec.service INFO Indexed output1_0000000407.png (1 face(s))
2026-07-21 20:31:41,109 face_rec.engine DEBUG Detected 1 face(s)
2026-07-21 20:31:41,111 face_rec.service INFO Indexed output1_0000000408.png (1 face(s))
2026-07-21 20:31:41,414 face_rec.engine DEBUG Detected 1 face(s)
2026-07-21 20:31:41,415 face_rec.service INFO Indexed output1_0000000409.png (1 face(s))
2026-07-21 20:31:41,723 face_rec.engine DEBUG Detected 1 face(s)
2026-07-21 20:31:41,725 face_rec.service INFO Indexed output1_0000000412.png (1 face(s))
2026-07-21 20:31:42,030 face_rec.engine DEBUG Detected 1 face(s)
2026-07-21 20:31:42,031 face_rec.service INFO Indexed output1_0000000415.png (1 face(s))
2026-07-21 20:31:42,346 face_rec.engine DEBUG Detected 1 face(s)
2026-07-21 20:31:42,347 face_rec.service INFO Indexed output1_0000000417.png (1 face(s))
2026-07-21 20:31:42,673 face_rec.engine DEBUG Detected 1 face(s)
2026-07-21 20:31:42,674 face_rec.service INFO Indexed output1_0000000421.png (1 face(s))
2026-07-21 20:31:43,155 face_rec.engine DEBUG Detected 2 face(s)
2026-07-21 20:31:43,156 face_rec.service INFO Indexed output1_0000000422.png (2 face(s))
2026-07-21 20:31:43,503 face_rec.engine DEBUG Detected 1 face(s)
2026-07-21 20:31:43,505 face_rec.service INFO Indexed output1_0000000423.png (1 face(s))
2026-07-21 20:31:43,903 face_rec.engine DEBUG Detected 1 face(s)
2026-07-21 20:31:43,905 face_rec.service INFO Indexed output1_0000000424.png (1 face(s))
2026-07-21 20:31:44,214 face_rec.engine DEBUG Detected 1 face(s)
2026-07-21 20:31:44,216 face_rec.service INFO Indexed output1_0000000425.png (1 face(s))
2026-07-21 20:31:44,541 face_rec.engine DEBUG Detected 1 face(s)
2026-07-21 20:31:44,542 face_rec.service INFO Indexed output1_0000000426.png (1 face(s))
2026-07-21 20:31:44,884 face_rec.engine DEBUG Detected 1 face(s)
2026-07-21 20:31:44,886 face_rec.service INFO Indexed output1_0000000428.png (1 face(s))
2026-07-21 20:31:45,221 face_rec.engine DEBUG Detected 1 face(s)
2026-07-21 20:31:45,223 face_rec.service INFO Indexed output1_0000000429.png (1 face(s))
2026-07-21 20:31:45,540 face_rec.engine DEBUG Detected 1 face(s)
2026-07-21 20:31:45,541 face_rec.service INFO Indexed output1_0000000431.png (1 face(s))
2026-07-21 20:31:45,850 face_rec.engine DEBUG Detected 1 face(s)
2026-07-21 20:31:45,851 face_rec.service INFO Indexed output1_0000000432.png (1 face(s))
2026-07-21 20:31:46,173 face_rec.engine DEBUG Detected 1 face(s)
2026-07-21 20:31:46,174 face_rec.service INFO Indexed output1_0000000433.png (1 face(s))
2026-07-21 20:31:46,461 face_rec.engine DEBUG Detected 1 face(s)
2026-07-21 20:31:46,462 face_rec.service INFO Indexed output1_0000000435.png (1 face(s))
2026-07-21 20:31:46,768 face_rec.engine DEBUG Detected 1 face(s)
2026-07-21 20:31:46,769 face_rec.service INFO Indexed output1_0000000436.png (1 face(s))
2026-07-21 20:31:47,079 face_rec.engine DEBUG Detected 1 face(s)
2026-07-21 20:31:47,080 face_rec.service INFO Indexed output1_0000000437.png (1 face(s))
2026-07-21 20:31:47,381 face_rec.engine DEBUG Detected 1 face(s)
2026-07-21 20:31:47,383 face_rec.service INFO Indexed output1_0000000439.png (1 face(s))
2026-07-21 20:31:47,685 face_rec.engine DEBUG Detected 1 face(s)
2026-07-21 20:31:47,687 face_rec.service INFO Indexed output1_0000000440.png (1 face(s))
2026-07-21 20:31:48,006 face_rec.engine DEBUG Detected 1 face(s)
2026-07-21 20:31:48,007 face_rec.service INFO Indexed output1_0000000441.png (1 face(s))
2026-07-21 20:31:48,297 face_rec.engine DEBUG Detected 1 face(s)
2026-07-21 20:31:48,298 face_rec.service INFO Indexed output1_0000000442.png (1 face(s))
2026-07-21 20:31:48,603 face_rec.engine DEBUG Detected 1 face(s)
2026-07-21 20:31:48,605 face_rec.service INFO Indexed output1_0000000443.png (1 face(s))
2026-07-21 20:31:48,951 face_rec.engine DEBUG Detected 1 face(s)
2026-07-21 20:31:48,952 face_rec.service INFO Indexed output1_0000000444.png (1 face(s))
2026-07-21 20:31:49,265 face_rec.engine DEBUG Detected 1 face(s)
2026-07-21 20:31:49,266 face_rec.service INFO Indexed output1_0000000445.png (1 face(s))
2026-07-21 20:31:49,568 face_rec.engine DEBUG Detected 1 face(s)
2026-07-21 20:31:49,571 face_rec.service INFO Indexed output1_0000000446.png (1 face(s))
2026-07-21 20:31:49,889 face_rec.engine DEBUG Detected 1 face(s)
2026-07-21 20:31:49,890 face_rec.service INFO Indexed output1_0000000447.png (1 face(s))
2026-07-21 20:31:50,222 face_rec.engine DEBUG Detected 1 face(s)
2026-07-21 20:31:50,224 face_rec.service INFO Indexed output1_0000000450.png (1 face(s))
2026-07-21 20:31:50,757 face_rec.engine DEBUG Detected 1 face(s)
2026-07-21 20:31:50,759 face_rec.service INFO Indexed output1_0000000451.png (1 face(s))
2026-07-21 20:31:51,109 face_rec.engine DEBUG Detected 1 face(s)
2026-07-21 20:31:51,110 face_rec.service INFO Indexed output1_0000000452.png (1 face(s))
2026-07-21 20:31:51,479 face_rec.engine DEBUG Detected 1 face(s)
2026-07-21 20:31:51,482 face_rec.service INFO Indexed output1_0000000453.png (1 face(s))
2026-07-21 20:31:51,836 face_rec.engine DEBUG Detected 1 face(s)
2026-07-21 20:31:51,839 face_rec.service INFO Indexed output1_0000000454.png (1 face(s))
2026-07-21 20:31:52,156 face_rec.engine DEBUG Detected 1 face(s)
2026-07-21 20:31:52,157 face_rec.service INFO Indexed output1_0000000455.png (1 face(s))
2026-07-21 20:31:52,455 face_rec.engine DEBUG Detected 1 face(s)
2026-07-21 20:31:52,457 face_rec.service INFO Indexed output1_0000000456.png (1 face(s))
2026-07-21 20:31:52,832 face_rec.engine DEBUG Detected 1 face(s)
2026-07-21 20:31:52,833 face_rec.service INFO Indexed output1_0000000458.png (1 face(s))
2026-07-21 20:31:53,192 face_rec.engine DEBUG Detected 1 face(s)
2026-07-21 20:31:53,194 face_rec.service INFO Indexed output1_0000000459.png (1 face(s))
2026-07-21 20:31:53,513 face_rec.engine DEBUG Detected 1 face(s)
2026-07-21 20:31:53,515 face_rec.service INFO Indexed output1_0000000460.png (1 face(s))
2026-07-21 20:31:53,945 face_rec.engine DEBUG Detected 1 face(s)
2026-07-21 20:31:53,947 face_rec.service INFO Indexed output1_0000000462.png (1 face(s))
2026-07-21 20:31:54,397 face_rec.engine DEBUG Detected 1 face(s)
2026-07-21 20:31:54,398 face_rec.service INFO Indexed output1_0000000463.png (1 face(s))
2026-07-21 20:31:54,758 face_rec.engine DEBUG Detected 1 face(s)
2026-07-21 20:31:54,760 face_rec.service INFO Indexed output1_0000000464.png (1 face(s))
2026-07-21 20:31:55,066 face_rec.engine DEBUG Detected 1 face(s)
2026-07-21 20:31:55,068 face_rec.service INFO Indexed output1_0000000465.png (1 face(s))
2026-07-21 20:31:55,378 face_rec.engine DEBUG Detected 1 face(s)
2026-07-21 20:31:55,379 face_rec.service INFO Indexed output1_0000000466.png (1 face(s))
2026-07-21 20:31:55,680 face_rec.engine DEBUG Detected 1 face(s)
2026-07-21 20:31:55,681 face_rec.service INFO Indexed output1_0000000467.png (1 face(s))
2026-07-21 20:31:55,994 face_rec.engine DEBUG Detected 1 face(s)
2026-07-21 20:31:55,996 face_rec.service INFO Indexed output1_0000000469.png (1 face(s))
2026-07-21 20:31:56,313 face_rec.engine DEBUG Detected 1 face(s)
2026-07-21 20:31:56,315 face_rec.service INFO Indexed output1_0000000471.png (1 face(s))
2026-07-21 20:31:56,724 face_rec.engine DEBUG Detected 1 face(s)
2026-07-21 20:31:56,725 face_rec.service INFO Indexed output1_0000000472.png (1 face(s))
2026-07-21 20:31:57,035 face_rec.engine DEBUG Detected 1 face(s)
2026-07-21 20:31:57,036 face_rec.service INFO Indexed output1_0000000474.png (1 face(s))
2026-07-21 20:31:57,546 face_rec.engine DEBUG Detected 2 face(s)
2026-07-21 20:31:57,548 face_rec.service INFO Indexed output1_0000000475.png (2 face(s))
2026-07-21 20:31:57,858 face_rec.engine DEBUG Detected 1 face(s)
2026-07-21 20:31:57,861 face_rec.service INFO Indexed output1_0000000477.png (1 face(s))
2026-07-21 20:31:58,193 face_rec.engine DEBUG Detected 1 face(s)
2026-07-21 20:31:58,194 face_rec.service INFO Indexed output1_0000000478.png (1 face(s))
2026-07-21 20:31:58,517 face_rec.engine DEBUG Detected 1 face(s)
2026-07-21 20:31:58,518 face_rec.service INFO Indexed output1_0000000479.png (1 face(s))
2026-07-21 20:31:58,934 face_rec.engine DEBUG Detected 1 face(s)
2026-07-21 20:31:58,936 face_rec.service INFO Indexed output1_0000000481.png (1 face(s))
2026-07-21 20:31:59,267 face_rec.engine DEBUG Detected 1 face(s)
2026-07-21 20:31:59,268 face_rec.service INFO Indexed output1_0000000483.png (1 face(s))
2026-07-21 20:31:59,642 face_rec.engine DEBUG Detected 1 face(s)
2026-07-21 20:31:59,643 face_rec.service INFO Indexed output1_0000000484.png (1 face(s))
2026-07-21 20:31:59,970 face_rec.engine DEBUG Detected 1 face(s)
2026-07-21 20:31:59,972 face_rec.service INFO Indexed output1_0000000486.png (1 face(s))
2026-07-21 20:32:00,305 face_rec.engine DEBUG Detected 1 face(s)
2026-07-21 20:32:00,307 face_rec.service INFO Indexed output1_0000000487.png (1 face(s))
2026-07-21 20:32:00,617 face_rec.engine DEBUG Detected 1 face(s)
2026-07-21 20:32:00,618 face_rec.service INFO Indexed output1_0000000488.png (1 face(s))
2026-07-21 20:32:00,937 face_rec.engine DEBUG Detected 1 face(s)
2026-07-21 20:32:00,938 face_rec.service INFO Indexed output1_0000000491.png (1 face(s))
2026-07-21 20:32:01,260 face_rec.engine DEBUG Detected 1 face(s)
2026-07-21 20:32:01,262 face_rec.service INFO Indexed output1_0000000493.png (1 face(s))
2026-07-21 20:32:01,565 face_rec.engine DEBUG Detected 1 face(s)
2026-07-21 20:32:01,566 face_rec.service INFO Indexed output1_0000000494.png (1 face(s))
2026-07-21 20:32:01,943 face_rec.engine DEBUG Detected 1 face(s)
2026-07-21 20:32:01,945 face_rec.service INFO Indexed output1_0000000497.png (1 face(s))
2026-07-21 20:32:02,264 face_rec.engine DEBUG Detected 1 face(s)
2026-07-21 20:32:02,266 face_rec.service INFO Indexed output1_0000000498.png (1 face(s))
2026-07-21 20:32:02,572 face_rec.engine DEBUG Detected 1 face(s)
2026-07-21 20:32:02,573 face_rec.service INFO Indexed output1_0000000499.png (1 face(s))
2026-07-21 20:32:02,873 face_rec.engine DEBUG Detected 1 face(s)
2026-07-21 20:32:02,874 face_rec.service INFO Indexed output1_0000000500.png (1 face(s))
2026-07-21 20:32:03,193 face_rec.engine DEBUG Detected 1 face(s)
2026-07-21 20:32:03,195 face_rec.service INFO Indexed output1_0000000501.png (1 face(s))
2026-07-21 20:32:03,535 face_rec.engine DEBUG Detected 1 face(s)
2026-07-21 20:32:03,536 face_rec.service INFO Indexed output1_0000000502.png (1 face(s))
2026-07-21 20:32:03,868 face_rec.engine DEBUG Detected 1 face(s)
2026-07-21 20:32:03,869 face_rec.service INFO Indexed output1_0000000504.png (1 face(s))
2026-07-21 20:32:04,239 face_rec.engine DEBUG Detected 1 face(s)
2026-07-21 20:32:04,240 face_rec.service INFO Indexed output1_0000000505.png (1 face(s))
2026-07-21 20:32:04,784 face_rec.engine DEBUG Detected 1 face(s)
2026-07-21 20:32:04,787 face_rec.service INFO Indexed output1_0000000507.png (1 face(s))
2026-07-21 20:32:05,159 face_rec.engine DEBUG Detected 1 face(s)
2026-07-21 20:32:05,160 face_rec.service INFO Indexed output1_0000000508.png (1 face(s))
2026-07-21 20:32:05,472 face_rec.engine DEBUG Detected 1 face(s)
2026-07-21 20:32:05,474 face_rec.service INFO Indexed output1_0000000509.png (1 face(s))
2026-07-21 20:32:05,781 face_rec.engine DEBUG Detected 1 face(s)
2026-07-21 20:32:05,782 face_rec.service INFO Indexed output1_0000000510.png (1 face(s))
2026-07-21 20:32:06,087 face_rec.engine DEBUG Detected 1 face(s)
2026-07-21 20:32:06,088 face_rec.service INFO Indexed output1_0000000511.png (1 face(s))
2026-07-21 20:32:06,392 face_rec.engine DEBUG Detected 1 face(s)
2026-07-21 20:32:06,393 face_rec.service INFO Indexed output1_0000000512.png (1 face(s))
2026-07-21 20:32:06,693 face_rec.engine DEBUG Detected 1 face(s)
2026-07-21 20:32:06,694 face_rec.service INFO Indexed output1_0000000514.png (1 face(s))
2026-07-21 20:32:06,994 face_rec.engine DEBUG Detected 1 face(s)
2026-07-21 20:32:06,996 face_rec.service INFO Indexed output1_0000000515.png (1 face(s))
2026-07-21 20:32:07,316 face_rec.engine DEBUG Detected 1 face(s)
2026-07-21 20:32:07,317 face_rec.service INFO Indexed output1_0000000516.png (1 face(s))
2026-07-21 20:32:07,636 face_rec.engine DEBUG Detected 1 face(s)
2026-07-21 20:32:07,637 face_rec.service INFO Indexed output1_0000000517.png (1 face(s))
2026-07-21 20:32:07,954 face_rec.engine DEBUG Detected 1 face(s)
2026-07-21 20:32:07,956 face_rec.service INFO Indexed output1_0000000518.png (1 face(s))
2026-07-21 20:32:08,338 face_rec.engine DEBUG Detected 1 face(s)
2026-07-21 20:32:08,339 face_rec.service INFO Indexed output1_0000000519.png (1 face(s))
2026-07-21 20:32:08,742 face_rec.engine DEBUG Detected 1 face(s)
2026-07-21 20:32:08,744 face_rec.service INFO Indexed output1_0000000520.png (1 face(s))
2026-07-21 20:32:09,087 face_rec.engine DEBUG Detected 1 face(s)
2026-07-21 20:32:09,088 face_rec.service INFO Indexed output1_0000000522.png (1 face(s))
2026-07-21 20:32:09,493 face_rec.engine DEBUG Detected 1 face(s)
2026-07-21 20:32:09,495 face_rec.service INFO Indexed output1_0000000524.png (1 face(s))
2026-07-21 20:32:09,851 face_rec.engine DEBUG Detected 1 face(s)
2026-07-21 20:32:09,853 face_rec.service INFO Indexed output1_0000000527.png (1 face(s))
2026-07-21 20:32:10,162 face_rec.engine DEBUG Detected 1 face(s)
2026-07-21 20:32:10,163 face_rec.service INFO Indexed output1_0000000528.png (1 face(s))
2026-07-21 20:32:10,468 face_rec.engine DEBUG Detected 1 face(s)
2026-07-21 20:32:10,469 face_rec.service INFO Indexed output1_0000000529.png (1 face(s))
2026-07-21 20:32:10,792 face_rec.engine DEBUG Detected 1 face(s)
2026-07-21 20:32:10,793 face_rec.service INFO Indexed output1_0000000530.png (1 face(s))
2026-07-21 20:32:11,101 face_rec.engine DEBUG Detected 1 face(s)
2026-07-21 20:32:11,102 face_rec.service INFO Indexed output1_0000000531.png (1 face(s))
2026-07-21 20:32:11,438 face_rec.engine DEBUG Detected 1 face(s)
2026-07-21 20:32:11,440 face_rec.service INFO Indexed output1_0000000532.png (1 face(s))
2026-07-21 20:32:11,774 face_rec.engine DEBUG Detected 1 face(s)
2026-07-21 20:32:11,776 face_rec.service INFO Indexed output1_0000000533.png (1 face(s))
2026-07-21 20:32:12,106 face_rec.engine DEBUG Detected 1 face(s)
2026-07-21 20:32:12,107 face_rec.service INFO Indexed output1_0000000534.png (1 face(s))
2026-07-21 20:32:12,440 face_rec.engine DEBUG Detected 1 face(s)
2026-07-21 20:32:12,442 face_rec.service INFO Indexed output1_0000000535.png (1 face(s))
2026-07-21 20:32:12,785 face_rec.engine DEBUG Detected 1 face(s)
2026-07-21 20:32:12,791 face_rec.service INFO Indexed output1_0000000537.png (1 face(s))
2026-07-21 20:32:13,114 face_rec.engine DEBUG Detected 1 face(s)
2026-07-21 20:32:13,115 face_rec.service INFO Indexed output1_0000000538.png (1 face(s))
2026-07-21 20:32:13,440 face_rec.engine DEBUG Detected 1 face(s)
2026-07-21 20:32:13,441 face_rec.service INFO Indexed output1_0000000541.png (1 face(s))
2026-07-21 20:32:13,756 face_rec.engine DEBUG Detected 1 face(s)
2026-07-21 20:32:13,757 face_rec.service INFO Indexed output1_0000000542.png (1 face(s))
2026-07-21 20:32:14,051 face_rec.engine DEBUG Detected 1 face(s)
2026-07-21 20:32:14,053 face_rec.service INFO Indexed output1_0000000544.png (1 face(s))
2026-07-21 20:32:14,414 face_rec.engine DEBUG Detected 1 face(s)
2026-07-21 20:32:14,415 face_rec.service INFO Indexed output1_0000000545.png (1 face(s))
2026-07-21 20:32:14,737 face_rec.engine DEBUG Detected 1 face(s)
2026-07-21 20:32:14,739 face_rec.service INFO Indexed output1_0000000546.png (1 face(s))
2026-07-21 20:32:15,066 face_rec.engine DEBUG Detected 1 face(s)
2026-07-21 20:32:15,068 face_rec.service INFO Indexed output1_0000000550.png (1 face(s))
2026-07-21 20:32:15,388 face_rec.engine DEBUG Detected 1 face(s)
2026-07-21 20:32:15,390 face_rec.service INFO Indexed output1_0000000551.png (1 face(s))
2026-07-21 20:32:15,737 face_rec.engine DEBUG Detected 1 face(s)
2026-07-21 20:32:15,738 face_rec.service INFO Indexed output1_0000000553.png (1 face(s))
2026-07-21 20:32:16,118 face_rec.engine DEBUG Detected 1 face(s)
2026-07-21 20:32:16,120 face_rec.service INFO Indexed output1_0000000555.png (1 face(s))
2026-07-21 20:32:16,559 face_rec.engine DEBUG Detected 1 face(s)
2026-07-21 20:32:16,560 face_rec.service INFO Indexed output1_0000000556.png (1 face(s))
2026-07-21 20:32:16,867 face_rec.engine DEBUG Detected 1 face(s)
2026-07-21 20:32:16,869 face_rec.service INFO Indexed output1_0000000557.png (1 face(s))
2026-07-21 20:32:17,165 face_rec.engine DEBUG Detected 1 face(s)
2026-07-21 20:32:17,167 face_rec.service INFO Indexed output1_0000000558.png (1 face(s))
2026-07-21 20:32:17,666 face_rec.engine DEBUG Detected 2 face(s)
2026-07-21 20:32:17,667 face_rec.service INFO Indexed output1_0000000559.png (2 face(s))
2026-07-21 20:32:17,969 face_rec.engine DEBUG Detected 1 face(s)
2026-07-21 20:32:17,970 face_rec.service INFO Indexed output1_0000000560.png (1 face(s))
2026-07-21 20:32:18,269 face_rec.engine DEBUG Detected 1 face(s)
2026-07-21 20:32:18,270 face_rec.service INFO Indexed output1_0000000561.png (1 face(s))
2026-07-21 20:32:18,575 face_rec.engine DEBUG Detected 1 face(s)
2026-07-21 20:32:18,577 face_rec.service INFO Indexed output1_0000000565.png (1 face(s))
2026-07-21 20:32:18,894 face_rec.engine DEBUG Detected 1 face(s)
2026-07-21 20:32:18,895 face_rec.service INFO Indexed output1_0000000566.png (1 face(s))
2026-07-21 20:32:19,200 face_rec.engine DEBUG Detected 1 face(s)
2026-07-21 20:32:19,202 face_rec.service INFO Indexed output1_0000000569.png (1 face(s))
2026-07-21 20:32:19,517 face_rec.engine DEBUG Detected 1 face(s)
2026-07-21 20:32:19,519 face_rec.service INFO Indexed output1_0000000570.png (1 face(s))
2026-07-21 20:32:19,828 face_rec.engine DEBUG Detected 1 face(s)
2026-07-21 20:32:19,829 face_rec.service INFO Indexed output1_0000000571.png (1 face(s))
2026-07-21 20:32:20,134 face_rec.engine DEBUG Detected 1 face(s)
2026-07-21 20:32:20,136 face_rec.service INFO Indexed output1_0000000572.png (1 face(s))
2026-07-21 20:32:20,544 face_rec.engine DEBUG Detected 1 face(s)
2026-07-21 20:32:20,545 face_rec.service INFO Indexed output1_0000000574.png (1 face(s))
2026-07-21 20:32:20,886 face_rec.engine DEBUG Detected 1 face(s)
2026-07-21 20:32:20,888 face_rec.service INFO Indexed output1_0000000575.png (1 face(s))
2026-07-21 20:32:21,220 face_rec.engine DEBUG Detected 1 face(s)
2026-07-21 20:32:21,221 face_rec.service INFO Indexed output1_0000000577.png (1 face(s))
2026-07-21 20:32:21,576 face_rec.engine DEBUG Detected 1 face(s)
2026-07-21 20:32:21,577 face_rec.service INFO Indexed output1_0000000578.png (1 face(s))
2026-07-21 20:32:21,910 face_rec.engine DEBUG Detected 1 face(s)
2026-07-21 20:32:21,912 face_rec.service INFO Indexed output1_0000000580.png (1 face(s))
2026-07-21 20:32:22,267 face_rec.engine DEBUG Detected 1 face(s)
2026-07-21 20:32:22,268 face_rec.service INFO Indexed output1_0000000582.png (1 face(s))
2026-07-21 20:32:22,585 face_rec.engine DEBUG Detected 1 face(s)
2026-07-21 20:32:22,587 face_rec.service INFO Indexed output1_0000000583.png (1 face(s))
2026-07-21 20:32:22,910 face_rec.engine DEBUG Detected 1 face(s)
2026-07-21 20:32:22,912 face_rec.service INFO Indexed output1_0000000584.png (1 face(s))
2026-07-21 20:32:23,221 face_rec.engine DEBUG Detected 1 face(s)
2026-07-21 20:32:23,222 face_rec.service INFO Indexed output1_0000000586.png (1 face(s))
2026-07-21 20:32:23,755 face_rec.engine DEBUG Detected 1 face(s)
2026-07-21 20:32:23,758 face_rec.service INFO Indexed output1_0000000587.png (1 face(s))
2026-07-21 20:32:24,213 face_rec.engine DEBUG Detected 1 face(s)
2026-07-21 20:32:24,214 face_rec.service INFO Indexed output1_0000000588.png (1 face(s))
2026-07-21 20:32:24,515 face_rec.engine DEBUG Detected 1 face(s)
2026-07-21 20:32:24,516 face_rec.service INFO Indexed output1_0000000589.png (1 face(s))
2026-07-21 20:32:24,841 face_rec.engine DEBUG Detected 1 face(s)
2026-07-21 20:32:24,843 face_rec.service INFO Indexed output1_0000000591.png (1 face(s))
2026-07-21 20:32:25,160 face_rec.engine DEBUG Detected 1 face(s)
2026-07-21 20:32:25,162 face_rec.service INFO Indexed output1_0000000592.png (1 face(s))
2026-07-21 20:32:25,485 face_rec.engine DEBUG Detected 1 face(s)
2026-07-21 20:32:25,486 face_rec.service INFO Indexed output1_0000000593.png (1 face(s))
2026-07-21 20:32:25,799 face_rec.engine DEBUG Detected 1 face(s)
2026-07-21 20:32:25,800 face_rec.service INFO Indexed output1_0000000594.png (1 face(s))
2026-07-21 20:32:26,106 face_rec.engine DEBUG Detected 1 face(s)
2026-07-21 20:32:26,108 face_rec.service INFO Indexed output1_0000000595.png (1 face(s))
2026-07-21 20:32:26,413 face_rec.engine DEBUG Detected 1 face(s)
2026-07-21 20:32:26,414 face_rec.service INFO Indexed output1_0000000596.png (1 face(s))
2026-07-21 20:32:26,739 face_rec.engine DEBUG Detected 1 face(s)
2026-07-21 20:32:26,739 face_rec.service INFO Indexed output1_0000000597.png (1 face(s))
2026-07-21 20:32:27,103 face_rec.engine DEBUG Detected 1 face(s)
2026-07-21 20:32:27,104 face_rec.service INFO Indexed output1_0000000598.png (1 face(s))
2026-07-21 20:32:27,413 face_rec.engine DEBUG Detected 1 face(s)
2026-07-21 20:32:27,415 face_rec.service INFO Indexed output1_0000000599.png (1 face(s))
2026-07-21 20:32:27,723 face_rec.engine DEBUG Detected 1 face(s)
2026-07-21 20:32:27,725 face_rec.service INFO Indexed output1_0000000600.png (1 face(s))
2026-07-21 20:32:28,034 face_rec.engine DEBUG Detected 1 face(s)
2026-07-21 20:32:28,035 face_rec.service INFO Indexed output1_0000000601.png (1 face(s))
2026-07-21 20:32:28,362 face_rec.engine DEBUG Detected 1 face(s)
2026-07-21 20:32:28,364 face_rec.service INFO Indexed output1_0000000602.png (1 face(s))
2026-07-21 20:32:28,674 face_rec.engine DEBUG Detected 1 face(s)
2026-07-21 20:32:28,676 face_rec.service INFO Indexed output1_0000000603.png (1 face(s))
2026-07-21 20:32:28,980 face_rec.engine DEBUG Detected 1 face(s)
2026-07-21 20:32:28,981 face_rec.service INFO Indexed output1_0000000604.png (1 face(s))
2026-07-21 20:32:29,849 face_rec.engine DEBUG Detected 4 face(s)
2026-07-21 20:32:29,851 face_rec.service INFO Indexed output1_0000000605.png (4 face(s))
2026-07-21 20:32:30,161 face_rec.engine DEBUG Detected 1 face(s)
2026-07-21 20:32:30,162 face_rec.service INFO Indexed output1_0000000606.png (1 face(s))
2026-07-21 20:32:30,461 face_rec.engine DEBUG Detected 1 face(s)
2026-07-21 20:32:30,462 face_rec.service INFO Indexed output1_0000000607.png (1 face(s))
2026-07-21 20:32:30,771 face_rec.engine DEBUG Detected 1 face(s)
2026-07-21 20:32:30,772 face_rec.service INFO Indexed output1_0000000609.png (1 face(s))
2026-07-21 20:32:31,079 face_rec.engine DEBUG Detected 1 face(s)
2026-07-21 20:32:31,081 face_rec.service INFO Indexed output1_0000000610.png (1 face(s))
2026-07-21 20:32:31,473 face_rec.engine DEBUG Detected 1 face(s)
2026-07-21 20:32:31,474 face_rec.service INFO Indexed output1_0000000611.png (1 face(s))
2026-07-21 20:32:31,826 face_rec.engine DEBUG Detected 1 face(s)
2026-07-21 20:32:31,828 face_rec.service INFO Indexed output1_0000000612.png (1 face(s))
2026-07-21 20:32:32,137 face_rec.engine DEBUG Detected 1 face(s)
2026-07-21 20:32:32,138 face_rec.service INFO Indexed output1_0000000613.png (1 face(s))
2026-07-21 20:32:32,429 face_rec.engine DEBUG Detected 1 face(s)
2026-07-21 20:32:32,430 face_rec.service INFO Indexed output1_0000000614.png (1 face(s))
2026-07-21 20:32:32,742 face_rec.engine DEBUG Detected 1 face(s)
2026-07-21 20:32:32,743 face_rec.service INFO Indexed output1_0000000615.png (1 face(s))
2026-07-21 20:32:33,054 face_rec.engine DEBUG Detected 1 face(s)
2026-07-21 20:32:33,055 face_rec.service INFO Indexed output1_0000000616.png (1 face(s))
2026-07-21 20:32:33,367 face_rec.engine DEBUG Detected 1 face(s)
2026-07-21 20:32:33,369 face_rec.service INFO Indexed output1_0000000617.png (1 face(s))
2026-07-21 20:32:33,702 face_rec.engine DEBUG Detected 1 face(s)
2026-07-21 20:32:33,703 face_rec.service INFO Indexed output1_0000000619.png (1 face(s))
2026-07-21 20:32:34,029 face_rec.engine DEBUG Detected 1 face(s)
2026-07-21 20:32:34,036 face_rec.service INFO Indexed output1_0000000620.png (1 face(s))
2026-07-21 20:32:34,362 face_rec.engine DEBUG Detected 1 face(s)
2026-07-21 20:32:34,363 face_rec.service INFO Indexed output1_0000000622.png (1 face(s))
2026-07-21 20:32:34,678 face_rec.engine DEBUG Detected 1 face(s)
2026-07-21 20:32:34,680 face_rec.service INFO Indexed output1_0000000623.png (1 face(s))
2026-07-21 20:32:35,035 face_rec.engine DEBUG Detected 1 face(s)
2026-07-21 20:32:35,037 face_rec.service INFO Indexed output1_0000000624.png (1 face(s))
2026-07-21 20:32:35,331 face_rec.engine DEBUG Detected 1 face(s)
2026-07-21 20:32:35,332 face_rec.service INFO Indexed output1_0000000625.png (1 face(s))
2026-07-21 20:32:35,670 face_rec.engine DEBUG Detected 1 face(s)
2026-07-21 20:32:35,672 face_rec.service INFO Indexed output1_0000000628.png (1 face(s))
2026-07-21 20:32:36,024 face_rec.engine DEBUG Detected 1 face(s)
2026-07-21 20:32:36,026 face_rec.service INFO Indexed output1_0000000629.png (1 face(s))
2026-07-21 20:32:36,341 face_rec.engine DEBUG Detected 1 face(s)
2026-07-21 20:32:36,342 face_rec.service INFO Indexed output1_0000000630.png (1 face(s))
2026-07-21 20:32:36,662 face_rec.engine DEBUG Detected 1 face(s)
2026-07-21 20:32:36,664 face_rec.service INFO Indexed output1_0000000631.png (1 face(s))
2026-07-21 20:32:37,009 face_rec.engine DEBUG Detected 1 face(s)
2026-07-21 20:32:37,011 face_rec.service INFO Indexed output1_0000000632.png (1 face(s))
2026-07-21 20:32:37,385 face_rec.engine DEBUG Detected 1 face(s)
2026-07-21 20:32:37,387 face_rec.service INFO Indexed output1_0000000633.png (1 face(s))
2026-07-21 20:32:38,639 face_rec.engine DEBUG Detected 5 face(s)
2026-07-21 20:32:38,640 face_rec.service INFO Indexed output1_0000000634.png (5 face(s))
2026-07-21 20:32:39,006 face_rec.engine DEBUG Detected 1 face(s)
2026-07-21 20:32:39,007 face_rec.service INFO Indexed output1_0000000635.png (1 face(s))
2026-07-21 20:32:39,317 face_rec.engine DEBUG Detected 1 face(s)
2026-07-21 20:32:39,318 face_rec.service INFO Indexed output1_0000000642.png (1 face(s))
2026-07-21 20:32:39,631 face_rec.engine DEBUG Detected 1 face(s)
2026-07-21 20:32:39,632 face_rec.service INFO Indexed output1_0000000643.png (1 face(s))
2026-07-21 20:32:39,959 face_rec.engine DEBUG Detected 1 face(s)
2026-07-21 20:32:39,960 face_rec.service INFO Indexed output1_0000000644.png (1 face(s))
2026-07-21 20:32:40,259 face_rec.engine DEBUG Detected 1 face(s)
2026-07-21 20:32:40,260 face_rec.service INFO Indexed output1_0000000645.png (1 face(s))
2026-07-21 20:32:40,562 face_rec.engine DEBUG Detected 1 face(s)
2026-07-21 20:32:40,563 face_rec.service INFO Indexed output1_0000000649.png (1 face(s))
2026-07-21 20:32:40,881 face_rec.engine DEBUG Detected 1 face(s)
2026-07-21 20:32:40,882 face_rec.service INFO Indexed output1_0000000650.png (1 face(s))
2026-07-21 20:32:41,224 face_rec.engine DEBUG Detected 1 face(s)
2026-07-21 20:32:41,226 face_rec.service INFO Indexed output1_0000000651.png (1 face(s))
2026-07-21 20:32:41,514 face_rec.engine DEBUG Detected 1 face(s)
2026-07-21 20:32:41,515 face_rec.service INFO Indexed output1_0000000652.png (1 face(s))
2026-07-21 20:32:41,844 face_rec.engine DEBUG Detected 1 face(s)
2026-07-21 20:32:41,845 face_rec.service INFO Indexed output1_0000000653.png (1 face(s))
2026-07-21 20:32:42,167 face_rec.engine DEBUG Detected 1 face(s)
2026-07-21 20:32:42,168 face_rec.service INFO Indexed output1_0000000654.png (1 face(s))
2026-07-21 20:32:42,476 face_rec.engine DEBUG Detected 1 face(s)
2026-07-21 20:32:42,477 face_rec.service INFO Indexed output1_0000000655.png (1 face(s))
2026-07-21 20:32:42,776 face_rec.engine DEBUG Detected 1 face(s)
2026-07-21 20:32:42,779 face_rec.service INFO Indexed output1_0000000656.png (1 face(s))
2026-07-21 20:32:43,126 face_rec.engine DEBUG Detected 1 face(s)
2026-07-21 20:32:43,128 face_rec.service INFO Indexed output1_0000000658.png (1 face(s))
2026-07-21 20:32:43,476 face_rec.engine DEBUG Detected 1 face(s)
2026-07-21 20:32:43,478 face_rec.service INFO Indexed output1_0000000659.png (1 face(s))
2026-07-21 20:32:43,823 face_rec.engine DEBUG Detected 1 face(s)
2026-07-21 20:32:43,824 face_rec.service INFO Indexed output1_0000000662.png (1 face(s))
2026-07-21 20:32:44,181 face_rec.engine DEBUG Detected 1 face(s)
2026-07-21 20:32:44,183 face_rec.service INFO Indexed output1_0000000664.png (1 face(s))
2026-07-21 20:32:44,536 face_rec.engine DEBUG Detected 1 face(s)
2026-07-21 20:32:44,537 face_rec.service INFO Indexed output1_0000000665.png (1 face(s))
2026-07-21 20:32:44,868 face_rec.engine DEBUG Detected 1 face(s)
2026-07-21 20:32:44,869 face_rec.service INFO Indexed output1_0000000666.png (1 face(s))
2026-07-21 20:32:45,210 face_rec.engine DEBUG Detected 1 face(s)
2026-07-21 20:32:45,211 face_rec.service INFO Indexed output1_0000000667.png (1 face(s))
2026-07-21 20:32:45,535 face_rec.engine DEBUG Detected 1 face(s)
2026-07-21 20:32:45,537 face_rec.service INFO Indexed output1_0000000668.png (1 face(s))
2026-07-21 20:32:45,890 face_rec.engine DEBUG Detected 1 face(s)
2026-07-21 20:32:45,894 face_rec.service INFO Indexed output1_0000000669.png (1 face(s))
2026-07-21 20:32:46,302 face_rec.engine DEBUG Detected 1 face(s)
2026-07-21 20:32:46,303 face_rec.service INFO Indexed output1_0000000670.png (1 face(s))
2026-07-21 20:32:46,648 face_rec.engine DEBUG Detected 1 face(s)
2026-07-21 20:32:46,649 face_rec.service INFO Indexed output1_0000000671.png (1 face(s))
2026-07-21 20:32:46,981 face_rec.engine DEBUG Detected 1 face(s)
2026-07-21 20:32:46,983 face_rec.service INFO Indexed output1_0000000672.png (1 face(s))
2026-07-21 20:32:47,299 face_rec.engine DEBUG Detected 1 face(s)
2026-07-21 20:32:47,300 face_rec.service INFO Indexed output1_0000000673.png (1 face(s))
2026-07-21 20:32:47,621 face_rec.engine DEBUG Detected 1 face(s)
2026-07-21 20:32:47,622 face_rec.service INFO Indexed output1_0000000674.png (1 face(s))
2026-07-21 20:32:47,937 face_rec.engine DEBUG Detected 1 face(s)
2026-07-21 20:32:47,938 face_rec.service INFO Indexed output1_0000000675.png (1 face(s))
2026-07-21 20:32:48,255 face_rec.engine DEBUG Detected 1 face(s)
2026-07-21 20:32:48,256 face_rec.service INFO Indexed output1_0000000676.png (1 face(s))
2026-07-21 20:32:48,589 face_rec.engine DEBUG Detected 1 face(s)
2026-07-21 20:32:48,590 face_rec.service INFO Indexed output1_0000000677.png (1 face(s))
2026-07-21 20:32:48,915 face_rec.engine DEBUG Detected 1 face(s)
2026-07-21 20:32:48,916 face_rec.service INFO Indexed output1_0000000678.png (1 face(s))
2026-07-21 20:32:49,252 face_rec.engine DEBUG Detected 1 face(s)
2026-07-21 20:32:49,253 face_rec.service INFO Indexed output1_0000000679.png (1 face(s))
2026-07-21 20:32:49,602 face_rec.engine DEBUG Detected 1 face(s)
2026-07-21 20:32:49,603 face_rec.service INFO Indexed output1_0000000680.png (1 face(s))
2026-07-21 20:32:49,938 face_rec.engine DEBUG Detected 1 face(s)
2026-07-21 20:32:49,939 face_rec.service INFO Indexed output1_0000000681.png (1 face(s))
2026-07-21 20:32:50,280 face_rec.engine DEBUG Detected 1 face(s)
2026-07-21 20:32:50,281 face_rec.service INFO Indexed output1_0000000682.png (1 face(s))
2026-07-21 20:32:50,623 face_rec.engine DEBUG Detected 1 face(s)
2026-07-21 20:32:50,624 face_rec.service INFO Indexed output1_0000000684.png (1 face(s))
2026-07-21 20:32:50,939 face_rec.engine DEBUG Detected 1 face(s)
2026-07-21 20:32:50,940 face_rec.service INFO Indexed output1_0000000685.png (1 face(s))
2026-07-21 20:32:51,401 face_rec.engine DEBUG Detected 1 face(s)
2026-07-21 20:32:51,401 face_rec.service INFO Indexed output1_0000000686.png (1 face(s))
2026-07-21 20:32:51,788 face_rec.engine DEBUG Detected 1 face(s)
2026-07-21 20:32:51,790 face_rec.service INFO Indexed output1_0000000688.png (1 face(s))
2026-07-21 20:32:52,150 face_rec.engine DEBUG Detected 1 face(s)
2026-07-21 20:32:52,151 face_rec.service INFO Indexed output1_0000000689.png (1 face(s))
2026-07-21 20:32:52,525 face_rec.engine DEBUG Detected 1 face(s)
2026-07-21 20:32:52,526 face_rec.service INFO Indexed output1_0000000691.png (1 face(s))
2026-07-21 20:32:52,874 face_rec.engine DEBUG Detected 1 face(s)
2026-07-21 20:32:52,876 face_rec.service INFO Indexed output1_0000000692.png (1 face(s))
2026-07-21 20:32:53,267 face_rec.engine DEBUG Detected 1 face(s)
2026-07-21 20:32:53,269 face_rec.service INFO Indexed output1_0000000693.png (1 face(s))
2026-07-21 20:32:53,619 face_rec.engine DEBUG Detected 1 face(s)
2026-07-21 20:32:53,623 face_rec.service INFO Indexed output1_0000000694.png (1 face(s))
2026-07-21 20:32:53,945 face_rec.engine DEBUG Detected 1 face(s)
2026-07-21 20:32:53,946 face_rec.service INFO Indexed output1_0000000696.png (1 face(s))
2026-07-21 20:32:54,260 face_rec.engine DEBUG Detected 1 face(s)
2026-07-21 20:32:54,261 face_rec.service INFO Indexed output1_0000000698.png (1 face(s))
2026-07-21 20:32:54,574 face_rec.engine DEBUG Detected 1 face(s)
2026-07-21 20:32:54,575 face_rec.service INFO Indexed output1_0000000699.png (1 face(s))
2026-07-21 20:32:54,881 face_rec.engine DEBUG Detected 1 face(s)
2026-07-21 20:32:54,883 face_rec.service INFO Indexed output1_0000000700.png (1 face(s))
2026-07-21 20:32:55,189 face_rec.engine DEBUG Detected 1 face(s)
2026-07-21 20:32:55,190 face_rec.service INFO Indexed output1_0000000701.png (1 face(s))
2026-07-21 20:32:55,485 face_rec.engine DEBUG Detected 1 face(s)
2026-07-21 20:32:55,487 face_rec.service INFO Indexed output1_0000000702.png (1 face(s))
2026-07-21 20:32:55,784 face_rec.engine DEBUG Detected 1 face(s)
2026-07-21 20:32:55,785 face_rec.service INFO Indexed output1_0000000703.png (1 face(s))
2026-07-21 20:32:56,079 face_rec.engine DEBUG Detected 1 face(s)
2026-07-21 20:32:56,080 face_rec.service INFO Indexed output1_0000000704.png (1 face(s))
2026-07-21 20:32:56,386 face_rec.engine DEBUG Detected 1 face(s)
2026-07-21 20:32:56,387 face_rec.service INFO Indexed output1_0000000705.png (1 face(s))
2026-07-21 20:32:56,754 face_rec.engine DEBUG Detected 1 face(s)
2026-07-21 20:32:56,756 face_rec.service INFO Indexed output1_0000000708.png (1 face(s))
2026-07-21 20:32:57,088 face_rec.engine DEBUG Detected 1 face(s)
2026-07-21 20:32:57,092 face_rec.service INFO Indexed output1_0000000709.png (1 face(s))
2026-07-21 20:32:57,448 face_rec.engine DEBUG Detected 1 face(s)
2026-07-21 20:32:57,449 face_rec.service INFO Indexed output1_0000000710.png (1 face(s))
2026-07-21 20:32:57,764 face_rec.engine DEBUG Detected 1 face(s)
2026-07-21 20:32:57,765 face_rec.service INFO Indexed output1_0000000711.png (1 face(s))
2026-07-21 20:32:58,064 face_rec.engine DEBUG Detected 1 face(s)
2026-07-21 20:32:58,065 face_rec.service INFO Indexed output1_0000000712.png (1 face(s))
2026-07-21 20:32:58,361 face_rec.engine DEBUG Detected 1 face(s)
2026-07-21 20:32:58,362 face_rec.service INFO Indexed output1_0000000713.png (1 face(s))
2026-07-21 20:32:58,662 face_rec.engine DEBUG Detected 1 face(s)
2026-07-21 20:32:58,662 face_rec.service INFO Indexed output1_0000000714.png (1 face(s))
2026-07-21 20:32:58,968 face_rec.engine DEBUG Detected 1 face(s)
2026-07-21 20:32:58,969 face_rec.service INFO Indexed output1_0000000715.png (1 face(s))
2026-07-21 20:32:59,286 face_rec.engine DEBUG Detected 1 face(s)
2026-07-21 20:32:59,288 face_rec.service INFO Indexed output1_0000000717.png (1 face(s))
2026-07-21 20:32:59,630 face_rec.engine DEBUG Detected 1 face(s)
2026-07-21 20:32:59,632 face_rec.service INFO Indexed output1_0000000718.png (1 face(s))
2026-07-21 20:32:59,943 face_rec.engine DEBUG Detected 1 face(s)
2026-07-21 20:32:59,944 face_rec.service INFO Indexed output1_0000000719.png (1 face(s))
2026-07-21 20:33:00,267 face_rec.engine DEBUG Detected 1 face(s)
2026-07-21 20:33:00,269 face_rec.service INFO Indexed output1_0000000720.png (1 face(s))
2026-07-21 20:33:00,607 face_rec.engine DEBUG Detected 1 face(s)
2026-07-21 20:33:00,612 face_rec.service INFO Indexed output1_0000000721.png (1 face(s))
2026-07-21 20:33:00,918 face_rec.engine DEBUG Detected 1 face(s)
2026-07-21 20:33:00,920 face_rec.service INFO Indexed output1_0000000722.png (1 face(s))
2026-07-21 20:33:01,244 face_rec.engine DEBUG Detected 1 face(s)
2026-07-21 20:33:01,246 face_rec.service INFO Indexed output1_0000000723.png (1 face(s))
2026-07-21 20:33:01,560 face_rec.engine DEBUG Detected 1 face(s)
2026-07-21 20:33:01,562 face_rec.service INFO Indexed output1_0000000725.png (1 face(s))
2026-07-21 20:33:01,878 face_rec.engine DEBUG Detected 1 face(s)
2026-07-21 20:33:01,880 face_rec.service INFO Indexed output1_0000000726.png (1 face(s))
2026-07-21 20:33:02,455 face_rec.engine DEBUG Detected 1 face(s)
2026-07-21 20:33:02,457 face_rec.service INFO Indexed output1_0000000727.png (1 face(s))
2026-07-21 20:33:02,820 face_rec.engine DEBUG Detected 1 face(s)
2026-07-21 20:33:02,821 face_rec.service INFO Indexed output1_0000000728.png (1 face(s))
2026-07-21 20:33:03,121 face_rec.engine DEBUG Detected 1 face(s)
2026-07-21 20:33:03,122 face_rec.service INFO Indexed output1_0000000729.png (1 face(s))
2026-07-21 20:33:03,412 face_rec.engine DEBUG Detected 1 face(s)
2026-07-21 20:33:03,413 face_rec.service INFO Indexed output1_0000000730.png (1 face(s))
2026-07-21 20:33:03,742 face_rec.engine DEBUG Detected 1 face(s)
2026-07-21 20:33:03,745 face_rec.service INFO Indexed output1_0000000731.png (1 face(s))
2026-07-21 20:33:04,222 face_rec.engine DEBUG Detected 1 face(s)
2026-07-21 20:33:04,224 face_rec.service INFO Indexed output1_0000000732.png (1 face(s))
2026-07-21 20:33:05,517 face_rec.engine DEBUG Detected 1 face(s)
2026-07-21 20:33:05,518 face_rec.service INFO Indexed output1_0000000734.png (1 face(s))
2026-07-21 20:33:05,846 face_rec.engine DEBUG Detected 1 face(s)
2026-07-21 20:33:05,847 face_rec.service INFO Indexed output1_0000000735.png (1 face(s))
2026-07-21 20:33:06,172 face_rec.engine DEBUG Detected 1 face(s)
2026-07-21 20:33:06,173 face_rec.service INFO Indexed output1_0000000736.png (1 face(s))
2026-07-21 20:33:06,466 face_rec.engine DEBUG Detected 1 face(s)
2026-07-21 20:33:06,468 face_rec.service INFO Indexed output1_0000000738.png (1 face(s))
2026-07-21 20:33:06,809 face_rec.engine DEBUG Detected 1 face(s)
2026-07-21 20:33:06,811 face_rec.service INFO Indexed output1_0000000741.png (1 face(s))
2026-07-21 20:33:07,108 face_rec.engine DEBUG Detected 1 face(s)
2026-07-21 20:33:07,109 face_rec.service INFO Indexed output1_0000000742.png (1 face(s))
2026-07-21 20:33:07,429 face_rec.engine DEBUG Detected 1 face(s)
2026-07-21 20:33:07,430 face_rec.service INFO Indexed output1_0000000744.png (1 face(s))
2026-07-21 20:33:07,735 face_rec.engine DEBUG Detected 1 face(s)
2026-07-21 20:33:07,737 face_rec.service INFO Indexed output1_0000000745.png (1 face(s))
2026-07-21 20:33:08,049 face_rec.engine DEBUG Detected 1 face(s)
2026-07-21 20:33:08,050 face_rec.service INFO Indexed output1_0000000747.png (1 face(s))
2026-07-21 20:33:08,355 face_rec.engine DEBUG Detected 1 face(s)
2026-07-21 20:33:08,357 face_rec.service INFO Indexed output1_0000000748.png (1 face(s))
2026-07-21 20:33:08,726 face_rec.engine DEBUG Detected 1 face(s)
2026-07-21 20:33:08,728 face_rec.service INFO Indexed output1_0000000749.png (1 face(s))
2026-07-21 20:33:09,044 face_rec.engine DEBUG Detected 1 face(s)
2026-07-21 20:33:09,045 face_rec.service INFO Indexed output1_0000000750.png (1 face(s))
2026-07-21 20:33:09,379 face_rec.engine DEBUG Detected 1 face(s)
2026-07-21 20:33:09,380 face_rec.service INFO Indexed output1_0000000751.png (1 face(s))
2026-07-21 20:33:09,741 face_rec.engine DEBUG Detected 1 face(s)
2026-07-21 20:33:09,742 face_rec.service INFO Indexed output1_0000000753.png (1 face(s))
2026-07-21 20:33:10,145 face_rec.engine DEBUG Detected 1 face(s)
2026-07-21 20:33:10,146 face_rec.service INFO Indexed output1_0000000754.png (1 face(s))
2026-07-21 20:33:10,457 face_rec.engine DEBUG Detected 1 face(s)
2026-07-21 20:33:10,458 face_rec.service INFO Indexed output1_0000000755.png (1 face(s))
2026-07-21 20:33:10,755 face_rec.engine DEBUG Detected 1 face(s)
2026-07-21 20:33:10,756 face_rec.service INFO Indexed output1_0000000756.png (1 face(s))
2026-07-21 20:33:11,058 face_rec.engine DEBUG Detected 1 face(s)
2026-07-21 20:33:11,059 face_rec.service INFO Indexed output1_0000000757.png (1 face(s))
2026-07-21 20:33:11,380 face_rec.engine DEBUG Detected 1 face(s)
2026-07-21 20:33:11,381 face_rec.service INFO Indexed output1_0000000758.png (1 face(s))
2026-07-21 20:33:11,699 face_rec.engine DEBUG Detected 1 face(s)
2026-07-21 20:33:11,701 face_rec.service INFO Indexed output1_0000000759.png (1 face(s))
2026-07-21 20:33:12,020 face_rec.engine DEBUG Detected 1 face(s)
2026-07-21 20:33:12,021 face_rec.service INFO Indexed output1_0000000760.png (1 face(s))
2026-07-21 20:33:12,337 face_rec.engine DEBUG Detected 1 face(s)
2026-07-21 20:33:12,338 face_rec.service INFO Indexed output1_0000000761.png (1 face(s))
2026-07-21 20:33:13,478 face_rec.engine DEBUG Detected 5 face(s)
2026-07-21 20:33:13,480 face_rec.service INFO Indexed output1_0000000762.png (5 face(s))
2026-07-21 20:33:13,790 face_rec.engine DEBUG Detected 1 face(s)
2026-07-21 20:33:13,792 face_rec.service INFO Indexed output1_0000000763.png (1 face(s))
2026-07-21 20:33:15,381 face_rec.engine DEBUG Detected 7 face(s)
2026-07-21 20:33:15,384 face_rec.service INFO Indexed output1_0000000765.png (7 face(s))
2026-07-21 20:33:15,679 face_rec.engine DEBUG Detected 1 face(s)
2026-07-21 20:33:15,680 face_rec.service INFO Indexed output1_0000000766.png (1 face(s))
2026-07-21 20:33:16,010 face_rec.engine DEBUG Detected 1 face(s)
2026-07-21 20:33:16,012 face_rec.service INFO Indexed output1_0000000767.png (1 face(s))
2026-07-21 20:33:16,315 face_rec.engine DEBUG Detected 1 face(s)
2026-07-21 20:33:16,316 face_rec.service INFO Indexed output1_0000000768.png (1 face(s))
2026-07-21 20:33:16,628 face_rec.engine DEBUG Detected 1 face(s)
2026-07-21 20:33:16,629 face_rec.service INFO Indexed output1_0000000770.png (1 face(s))
2026-07-21 20:33:16,945 face_rec.engine DEBUG Detected 1 face(s)
2026-07-21 20:33:16,946 face_rec.service INFO Indexed output1_0000000771.png (1 face(s))
2026-07-21 20:33:17,259 face_rec.engine DEBUG Detected 1 face(s)
2026-07-21 20:33:17,261 face_rec.service INFO Indexed output1_0000000772.png (1 face(s))
2026-07-21 20:33:17,577 face_rec.engine DEBUG Detected 1 face(s)
2026-07-21 20:33:17,578 face_rec.service INFO Indexed output1_0000000773.png (1 face(s))
2026-07-21 20:33:17,909 face_rec.engine DEBUG Detected 1 face(s)
2026-07-21 20:33:17,911 face_rec.service INFO Indexed output1_0000000775.png (1 face(s))
2026-07-21 20:33:18,222 face_rec.engine DEBUG Detected 1 face(s)
2026-07-21 20:33:18,223 face_rec.service INFO Indexed output1_0000000776.png (1 face(s))
2026-07-21 20:33:18,526 face_rec.engine DEBUG Detected 1 face(s)
2026-07-21 20:33:18,528 face_rec.service INFO Indexed output1_0000000777.png (1 face(s))
2026-07-21 20:33:18,843 face_rec.engine DEBUG Detected 1 face(s)
2026-07-21 20:33:18,845 face_rec.service INFO Indexed output1_0000000778.png (1 face(s))
2026-07-21 20:33:19,152 face_rec.engine DEBUG Detected 1 face(s)
2026-07-21 20:33:19,153 face_rec.service INFO Indexed output1_0000000779.png (1 face(s))
2026-07-21 20:33:19,463 face_rec.engine DEBUG Detected 1 face(s)
2026-07-21 20:33:19,464 face_rec.service INFO Indexed output1_0000000780.png (1 face(s))
2026-07-21 20:33:19,797 face_rec.engine DEBUG Detected 1 face(s)
2026-07-21 20:33:19,799 face_rec.service INFO Indexed output1_0000000781.png (1 face(s))
2026-07-21 20:33:20,094 face_rec.engine DEBUG Detected 1 face(s)
2026-07-21 20:33:20,095 face_rec.service INFO Indexed output1_0000000782.png (1 face(s))
2026-07-21 20:33:20,389 face_rec.engine DEBUG Detected 1 face(s)
2026-07-21 20:33:20,391 face_rec.service INFO Indexed output1_0000000783.png (1 face(s))
2026-07-21 20:33:20,713 face_rec.engine DEBUG Detected 1 face(s)
2026-07-21 20:33:20,715 face_rec.service INFO Indexed output1_0000000785.png (1 face(s))
2026-07-21 20:33:21,011 face_rec.engine DEBUG Detected 1 face(s)
2026-07-21 20:33:21,012 face_rec.service INFO Indexed output1_0000000786.png (1 face(s))
2026-07-21 20:33:21,325 face_rec.engine DEBUG Detected 1 face(s)
2026-07-21 20:33:21,330 face_rec.service INFO Indexed output1_0000000787.png (1 face(s))
2026-07-21 20:33:21,627 face_rec.engine DEBUG Detected 1 face(s)
2026-07-21 20:33:21,628 face_rec.service INFO Indexed output1_0000000790.png (1 face(s))
2026-07-21 20:33:21,944 face_rec.engine DEBUG Detected 1 face(s)
2026-07-21 20:33:21,945 face_rec.service INFO Indexed output1_0000000791.png (1 face(s))
2026-07-21 20:33:22,279 face_rec.engine DEBUG Detected 1 face(s)
2026-07-21 20:33:22,280 face_rec.service INFO Indexed output1_0000000792.png (1 face(s))
2026-07-21 20:33:22,615 face_rec.engine DEBUG Detected 1 face(s)
2026-07-21 20:33:22,617 face_rec.service INFO Indexed output1_0000000793.png (1 face(s))
2026-07-21 20:33:22,988 face_rec.engine DEBUG Detected 1 face(s)
2026-07-21 20:33:22,990 face_rec.service INFO Indexed output1_0000000794.png (1 face(s))
2026-07-21 20:33:23,358 face_rec.engine DEBUG Detected 1 face(s)
2026-07-21 20:33:23,360 face_rec.service INFO Indexed output1_0000000795.png (1 face(s))
2026-07-21 20:33:23,691 face_rec.engine DEBUG Detected 1 face(s)
2026-07-21 20:33:23,692 face_rec.service INFO Indexed output1_0000000796.png (1 face(s))
2026-07-21 20:33:24,016 face_rec.engine DEBUG Detected 1 face(s)
2026-07-21 20:33:24,017 face_rec.service INFO Indexed output1_0000000797.png (1 face(s))
2026-07-21 20:33:24,318 face_rec.engine DEBUG Detected 1 face(s)
2026-07-21 20:33:24,319 face_rec.service INFO Indexed output1_0000000798.png (1 face(s))
2026-07-21 20:33:24,709 face_rec.engine DEBUG Detected 1 face(s)
2026-07-21 20:33:24,710 face_rec.service INFO Indexed output1_0000000799.png (1 face(s))
2026-07-21 20:33:25,064 face_rec.engine DEBUG Detected 1 face(s)
2026-07-21 20:33:25,065 face_rec.service INFO Indexed output1_0000000800.png (1 face(s))
2026-07-21 20:33:25,363 face_rec.engine DEBUG Detected 1 face(s)
2026-07-21 20:33:25,364 face_rec.service INFO Indexed output1_0000000801.png (1 face(s))
2026-07-21 20:33:25,673 face_rec.engine DEBUG Detected 1 face(s)
2026-07-21 20:33:25,677 face_rec.service INFO Indexed output1_0000000803.png (1 face(s))
2026-07-21 20:33:25,962 face_rec.engine DEBUG Detected 1 face(s)
2026-07-21 20:33:25,964 face_rec.service INFO Indexed output1_0000000805.png (1 face(s))
2026-07-21 20:33:26,254 face_rec.engine DEBUG Detected 1 face(s)
2026-07-21 20:33:26,255 face_rec.service INFO Indexed output1_0000000807.png (1 face(s))
2026-07-21 20:33:26,561 face_rec.engine DEBUG Detected 1 face(s)
2026-07-21 20:33:26,562 face_rec.service INFO Indexed output1_0000000808.png (1 face(s))
2026-07-21 20:33:26,875 face_rec.engine DEBUG Detected 1 face(s)
2026-07-21 20:33:26,876 face_rec.service INFO Indexed output1_0000000809.png (1 face(s))
2026-07-21 20:33:27,185 face_rec.engine DEBUG Detected 1 face(s)
2026-07-21 20:33:27,186 face_rec.service INFO Indexed output1_0000000810.png (1 face(s))
2026-07-21 20:33:27,476 face_rec.engine DEBUG Detected 1 face(s)
2026-07-21 20:33:27,479 face_rec.service INFO Indexed output1_0000000811.png (1 face(s))
2026-07-21 20:33:27,824 face_rec.engine DEBUG Detected 1 face(s)
2026-07-21 20:33:27,825 face_rec.service INFO Indexed output1_0000000812.png (1 face(s))
2026-07-21 20:33:28,112 face_rec.engine DEBUG Detected 1 face(s)
2026-07-21 20:33:28,113 face_rec.service INFO Indexed output1_0000000813.png (1 face(s))
2026-07-21 20:33:28,429 face_rec.engine DEBUG Detected 1 face(s)
2026-07-21 20:33:28,430 face_rec.service INFO Indexed output1_0000000814.png (1 face(s))
2026-07-21 20:33:28,723 face_rec.engine DEBUG Detected 1 face(s)
2026-07-21 20:33:28,725 face_rec.service INFO Indexed output1_0000000815.png (1 face(s))
2026-07-21 20:33:29,055 face_rec.engine DEBUG Detected 1 face(s)
2026-07-21 20:33:29,059 face_rec.service INFO Indexed output1_0000000816.png (1 face(s))
2026-07-21 20:33:30,106 face_rec.engine DEBUG Detected 5 face(s)
2026-07-21 20:33:30,111 face_rec.service INFO Indexed output1_0000000817.png (5 face(s))
2026-07-21 20:33:30,585 face_rec.engine DEBUG Detected 1 face(s)
2026-07-21 20:33:30,602 face_rec.service INFO Indexed output1_0000000818.png (1 face(s))
2026-07-21 20:33:30,851 face_rec.engine DEBUG Detected 1 face(s)
2026-07-21 20:33:30,852 face_rec.service INFO Indexed output1_0000000819.png (1 face(s))
2026-07-21 20:33:31,252 face_rec.engine DEBUG Detected 1 face(s)
2026-07-21 20:33:31,342 face_rec.service INFO Indexed output1_0000000820.png (1 face(s))
2026-07-21 20:33:31,756 face_rec.engine DEBUG Detected 1 face(s)
2026-07-21 20:33:31,757 face_rec.service INFO Indexed output1_0000000821.png (1 face(s))
2026-07-21 20:33:32,048 face_rec.engine DEBUG Detected 1 face(s)
2026-07-21 20:33:32,049 face_rec.service INFO Indexed output1_0000000823.png (1 face(s))
2026-07-21 20:33:32,337 face_rec.engine DEBUG Detected 1 face(s)
2026-07-21 20:33:32,338 face_rec.service INFO Indexed output1_0000000824.png (1 face(s))
2026-07-21 20:33:32,635 face_rec.engine DEBUG Detected 1 face(s)
2026-07-21 20:33:32,636 face_rec.service INFO Indexed output1_0000000827.png (1 face(s))
2026-07-21 20:33:32,919 face_rec.engine DEBUG Detected 1 face(s)
2026-07-21 20:33:32,921 face_rec.service INFO Indexed output1_0000000828.png (1 face(s))
2026-07-21 20:33:33,186 face_rec.engine DEBUG Detected 1 face(s)
2026-07-21 20:33:33,187 face_rec.service INFO Indexed output1_0000000829.png (1 face(s))
2026-07-21 20:33:33,456 face_rec.engine DEBUG Detected 1 face(s)
2026-07-21 20:33:33,457 face_rec.service INFO Indexed output1_0000000830.png (1 face(s))
2026-07-21 20:33:33,735 face_rec.engine DEBUG Detected 1 face(s)
2026-07-21 20:33:33,739 face_rec.service INFO Indexed output1_0000000831.png (1 face(s))
2026-07-21 20:33:34,057 face_rec.engine DEBUG Detected 1 face(s)
2026-07-21 20:33:34,058 face_rec.service INFO Indexed output1_0000000832.png (1 face(s))
2026-07-21 20:33:34,680 face_rec.engine DEBUG Detected 2 face(s)
2026-07-21 20:33:34,681 face_rec.service INFO Indexed output1_0000000833.png (2 face(s))
2026-07-21 20:33:35,021 face_rec.engine DEBUG Detected 1 face(s)
2026-07-21 20:33:35,023 face_rec.service INFO Indexed output1_0000000834.png (1 face(s))
2026-07-21 20:33:35,410 face_rec.engine DEBUG Detected 1 face(s)
2026-07-21 20:33:35,411 face_rec.service INFO Indexed output1_0000000835.png (1 face(s))
2026-07-21 20:33:35,780 face_rec.engine DEBUG Detected 1 face(s)
2026-07-21 20:33:35,781 face_rec.service INFO Indexed output1_0000000838.png (1 face(s))
2026-07-21 20:33:36,066 face_rec.engine DEBUG Detected 1 face(s)
2026-07-21 20:33:36,068 face_rec.service INFO Indexed output1_0000000839.png (1 face(s))
2026-07-21 20:33:36,363 face_rec.engine DEBUG Detected 1 face(s)
2026-07-21 20:33:36,365 face_rec.service INFO Indexed output1_0000000840.png (1 face(s))
2026-07-21 20:33:36,675 face_rec.engine DEBUG Detected 1 face(s)
2026-07-21 20:33:36,677 face_rec.service INFO Indexed output1_0000000841.png (1 face(s))
2026-07-21 20:33:36,978 face_rec.engine DEBUG Detected 1 face(s)
2026-07-21 20:33:36,979 face_rec.service INFO Indexed output1_0000000842.png (1 face(s))
2026-07-21 20:33:37,278 face_rec.engine DEBUG Detected 1 face(s)
2026-07-21 20:33:37,281 face_rec.service INFO Indexed output1_0000000843.png (1 face(s))
2026-07-21 20:33:37,614 face_rec.engine DEBUG Detected 1 face(s)
2026-07-21 20:33:37,618 face_rec.service INFO Indexed output1_0000000845.png (1 face(s))
2026-07-21 20:33:37,914 face_rec.engine DEBUG Detected 1 face(s)
2026-07-21 20:33:37,916 face_rec.service INFO Indexed output1_0000000846.png (1 face(s))
2026-07-21 20:33:40,000 face_rec.engine DEBUG Detected 10 face(s)
2026-07-21 20:33:40,002 face_rec.service INFO Indexed output1_0000000847.png (10 face(s))
2026-07-21 20:33:40,326 face_rec.engine DEBUG Detected 1 face(s)
2026-07-21 20:33:40,328 face_rec.service INFO Indexed output1_0000000848.png (1 face(s))
2026-07-21 20:33:40,664 face_rec.engine DEBUG Detected 1 face(s)
2026-07-21 20:33:40,665 face_rec.service INFO Indexed output1_0000000849.png (1 face(s))
2026-07-21 20:33:40,991 face_rec.engine DEBUG Detected 1 face(s)
2026-07-21 20:33:40,993 face_rec.service INFO Indexed output1_0000000850.png (1 face(s))
2026-07-21 20:33:41,310 face_rec.engine DEBUG Detected 1 face(s)
2026-07-21 20:33:41,312 face_rec.service INFO Indexed output1_0000000851.png (1 face(s))
2026-07-21 20:33:41,631 face_rec.engine DEBUG Detected 1 face(s)
2026-07-21 20:33:41,633 face_rec.service INFO Indexed output1_0000000852.png (1 face(s))
2026-07-21 20:33:41,947 face_rec.engine DEBUG Detected 1 face(s)
2026-07-21 20:33:41,949 face_rec.service INFO Indexed output1_0000000853.png (1 face(s))
2026-07-21 20:33:42,267 face_rec.engine DEBUG Detected 1 face(s)
2026-07-21 20:33:42,268 face_rec.service INFO Indexed output1_0000000854.png (1 face(s))
2026-07-21 20:33:42,678 face_rec.engine DEBUG Detected 1 face(s)
2026-07-21 20:33:42,679 face_rec.service INFO Indexed output1_0000000855.png (1 face(s))
2026-07-21 20:33:43,107 face_rec.engine DEBUG Detected 1 face(s)
2026-07-21 20:33:43,109 face_rec.service INFO Indexed output3_0000001573.png (1 face(s))
2026-07-21 20:33:43,510 face_rec.engine DEBUG Detected 1 face(s)
2026-07-21 20:33:43,511 face_rec.service INFO Indexed output3_0000001574.png (1 face(s))
2026-07-21 20:33:43,878 face_rec.engine DEBUG Detected 1 face(s)
2026-07-21 20:33:43,879 face_rec.service INFO Indexed output3_0000001575.png (1 face(s))
2026-07-21 20:33:44,188 face_rec.engine DEBUG Detected 1 face(s)
2026-07-21 20:33:44,189 face_rec.service INFO Indexed output3_0000001576.png (1 face(s))
2026-07-21 20:33:44,541 face_rec.engine DEBUG Detected 1 face(s)
2026-07-21 20:33:44,542 face_rec.service INFO Indexed output3_0000001577.png (1 face(s))
2026-07-21 20:33:44,860 face_rec.engine DEBUG Detected 1 face(s)
2026-07-21 20:33:44,861 face_rec.service INFO Indexed output3_0000001578.png (1 face(s))
2026-07-21 20:33:45,173 face_rec.engine DEBUG Detected 1 face(s)
2026-07-21 20:33:45,175 face_rec.service INFO Indexed output3_0000001580.png (1 face(s))
2026-07-21 20:33:45,502 face_rec.engine DEBUG Detected 1 face(s)
2026-07-21 20:33:45,503 face_rec.service INFO Indexed output3_0000001581.png (1 face(s))
2026-07-21 20:33:45,816 face_rec.engine DEBUG Detected 1 face(s)
2026-07-21 20:33:45,817 face_rec.service INFO Indexed output3_0000001582.png (1 face(s))
2026-07-21 20:33:46,114 face_rec.engine DEBUG Detected 1 face(s)
2026-07-21 20:33:46,116 face_rec.service INFO Indexed output4_0000001584.png (1 face(s))
2026-07-21 20:33:46,436 face_rec.engine DEBUG Detected 1 face(s)
2026-07-21 20:33:46,438 face_rec.service INFO Indexed output4_0000001585.png (1 face(s))
2026-07-21 20:37:11,139 face_rec.engine INFO Loading InsightFace model pack buffalo_l from /Users/sebastien/.cache/models/insightface
2026-07-21 20:37:12,206 face_rec.engine DEBUG Detected 1 face(s)
2026-07-21 20:37:12,210 face_rec.service INFO Indexed output4_0000001586.png (1 face(s))
2026-07-21 20:37:12,612 face_rec.engine DEBUG Detected 1 face(s)
2026-07-21 20:37:12,612 face_rec.service INFO Indexed output4_0000001587.png (1 face(s))
2026-07-21 20:37:12,935 face_rec.engine DEBUG Detected 1 face(s)
2026-07-21 20:37:12,936 face_rec.service INFO Indexed output4_0000001588.png (1 face(s))
2026-07-21 20:37:20,976 face_rec.engine INFO Loading InsightFace model pack buffalo_l from /Users/sebastien/.cache/models/insightface
2026-07-21 20:37:38,620 face_rec.engine INFO Loading InsightFace model pack buffalo_l from /Users/sebastien/.cache/models/insightface
2026-07-21 20:43:02,292 face_rec.engine INFO Loading InsightFace model pack buffalo_l from /Users/sebastien/.cache/models/insightface
2026-07-21 20:43:03,244 face_rec.engine DEBUG Detected 1 face(s)
2026-07-21 20:43:03,254 face_rec.service INFO Indexed output4_0000001589.png (1 face(s))
2026-07-21 20:43:03,587 face_rec.engine DEBUG Detected 1 face(s)
2026-07-21 20:43:03,589 face_rec.service INFO Indexed output4_0000001590.png (1 face(s))
2026-07-21 20:43:03,910 face_rec.engine DEBUG Detected 1 face(s)
2026-07-21 20:43:03,911 face_rec.service INFO Indexed output4_0000001591.png (1 face(s))
2026-07-21 21:11:19,817 face_rec.engine INFO Loading InsightFace model pack buffalo_l from /Users/sebastien/.cache/models/insightface
2026-07-21 21:11:21,114 face_rec.engine DEBUG Detected 1 face(s)
2026-07-21 21:11:21,119 face_rec.service INFO Indexed output4_0000001592.png (1 face(s))
2026-07-21 21:11:21,683 face_rec.engine DEBUG Detected 2 face(s)
2026-07-21 21:11:21,684 face_rec.service INFO Indexed output4_0000001594.png (2 face(s))
2026-07-21 21:11:22,054 face_rec.engine DEBUG Detected 1 face(s)
2026-07-21 21:11:22,055 face_rec.service INFO Indexed output4_0000001596.png (1 face(s))
2026-07-21 21:11:22,412 face_rec.engine DEBUG Detected 1 face(s)
2026-07-21 21:11:22,413 face_rec.service INFO Indexed output4_0000001597.png (1 face(s))
2026-07-21 21:11:22,766 face_rec.engine DEBUG Detected 1 face(s)
2026-07-21 21:11:22,768 face_rec.service INFO Indexed output4_0000001600.png (1 face(s))
2026-07-21 21:11:23,117 face_rec.engine DEBUG Detected 1 face(s)
2026-07-21 21:11:23,118 face_rec.service INFO Indexed output4_0000001601.png (1 face(s))
2026-07-21 21:11:23,585 face_rec.engine DEBUG Detected 1 face(s)
2026-07-21 21:11:23,586 face_rec.service INFO Indexed output4_0000001603.png (1 face(s))
2026-07-21 21:11:23,931 face_rec.engine DEBUG Detected 1 face(s)
2026-07-21 21:11:23,933 face_rec.service INFO Indexed output4_0000001605.png (1 face(s))
2026-07-21 21:13:49,293 face_rec.engine INFO Loading InsightFace model pack buffalo_l from /Users/sebastien/.cache/models/insightface
2026-07-21 21:13:50,569 face_rec.engine DEBUG Detected 1 face(s)
2026-07-21 21:13:50,573 face_rec.service INFO Indexed output4_0000001606.png (1 face(s))
2026-07-21 21:14:36,680 face_rec.engine INFO Loading InsightFace model pack buffalo_l from /Users/sebastien/.cache/models/insightface
2026-07-21 21:14:37,598 face_rec.engine DEBUG Detected 1 face(s)
2026-07-21 21:14:37,601 face_rec.service INFO Indexed output4_0000001607.png (1 face(s))
2026-07-21 22:05:32,348 face_rec.engine INFO Loading InsightFace model pack buffalo_l from /Users/sebastien/.cache/models/insightface
2026-07-21 22:05:33,515 face_rec.engine DEBUG Detected 1 face(s)
2026-07-21 22:05:33,524 face_rec.service INFO Indexed output4_0000001608.png (1 face(s))
2026-07-21 22:05:33,914 face_rec.engine DEBUG Detected 1 face(s)
2026-07-21 22:05:33,915 face_rec.service INFO Indexed output4_0000001610.png (1 face(s))
2026-07-21 22:05:34,248 face_rec.engine DEBUG Detected 1 face(s)
2026-07-21 22:05:34,250 face_rec.service INFO Indexed output4_0000001612.png (1 face(s))
2026-07-21 22:05:34,555 face_rec.engine DEBUG Detected 1 face(s)
2026-07-21 22:05:34,557 face_rec.service INFO Indexed output4_0000001613.png (1 face(s))
2026-07-21 22:05:34,875 face_rec.engine DEBUG Detected 1 face(s)
2026-07-21 22:05:34,876 face_rec.service INFO Indexed output4_0000001616.png (1 face(s))
2026-07-21 22:05:35,213 face_rec.engine DEBUG Detected 1 face(s)
2026-07-21 22:05:35,215 face_rec.service INFO Indexed output4_0000001618.png (1 face(s))
2026-07-21 22:05:35,578 face_rec.engine DEBUG Detected 1 face(s)
2026-07-21 22:05:35,579 face_rec.service INFO Indexed output4_0000001620.png (1 face(s))
2026-07-21 22:05:35,946 face_rec.engine DEBUG Detected 1 face(s)
2026-07-21 22:05:35,948 face_rec.service INFO Indexed output4_0000001621.png (1 face(s))
2026-07-21 22:05:36,313 face_rec.engine DEBUG Detected 1 face(s)
2026-07-21 22:05:36,314 face_rec.service INFO Indexed output4_0000001622.png (1 face(s))
2026-07-21 22:05:36,656 face_rec.engine DEBUG Detected 1 face(s)
2026-07-21 22:05:36,658 face_rec.service INFO Indexed output4_0000001623.png (1 face(s))
2026-07-21 22:05:36,971 face_rec.engine DEBUG Detected 1 face(s)
2026-07-21 22:05:36,973 face_rec.service INFO Indexed output4_0000001624.png (1 face(s))
2026-07-21 22:05:37,278 face_rec.engine DEBUG Detected 1 face(s)
2026-07-21 22:05:37,279 face_rec.service INFO Indexed output4_0000001625.png (1 face(s))
2026-07-21 22:05:37,592 face_rec.engine DEBUG Detected 1 face(s)
2026-07-21 22:05:37,593 face_rec.service INFO Indexed output4_0000001626.png (1 face(s))
2026-07-21 22:05:37,926 face_rec.engine DEBUG Detected 1 face(s)
2026-07-21 22:05:37,927 face_rec.service INFO Indexed output4_0000001627.png (1 face(s))
2026-07-21 22:05:38,239 face_rec.engine DEBUG Detected 1 face(s)
2026-07-21 22:05:38,240 face_rec.service INFO Indexed output4_0000001628.png (1 face(s))
2026-07-21 22:05:38,558 face_rec.engine DEBUG Detected 1 face(s)
2026-07-21 22:05:38,560 face_rec.service INFO Indexed output4_0000001629.png (1 face(s))
2026-07-21 22:05:38,861 face_rec.engine DEBUG Detected 1 face(s)
2026-07-21 22:05:38,862 face_rec.service INFO Indexed output4_0000001631.png (1 face(s))
2026-07-21 22:05:39,164 face_rec.engine DEBUG Detected 1 face(s)
2026-07-21 22:05:39,165 face_rec.service INFO Indexed output4_0000001632.png (1 face(s))
2026-07-21 22:05:39,465 face_rec.engine DEBUG Detected 1 face(s)
2026-07-21 22:05:39,466 face_rec.service INFO Indexed output4_0000001634.png (1 face(s))
2026-07-21 22:05:45,077 face_rec.engine INFO Loading InsightFace model pack buffalo_l from /Users/sebastien/.cache/models/insightface
2026-07-22 07:39:26,724 face_rec.engine INFO Loading InsightFace model pack buffalo_l from /Users/sebastien/.cache/models/insightface
2026-07-22 07:39:27,917 face_rec.engine DEBUG Detected 1 face(s)
2026-07-22 07:39:27,927 face_rec.service INFO Indexed output4_0000001635.png (1 face(s))
2026-07-22 07:39:28,234 face_rec.engine DEBUG Detected 1 face(s)
2026-07-22 07:39:28,235 face_rec.service INFO Indexed output4_0000001636.png (1 face(s))
2026-07-22 07:39:28,519 face_rec.engine DEBUG Detected 1 face(s)
2026-07-22 07:39:28,521 face_rec.service INFO Indexed output4_0000001637.png (1 face(s))
2026-07-22 07:39:28,812 face_rec.engine DEBUG Detected 1 face(s)
2026-07-22 07:39:28,814 face_rec.service INFO Indexed output4_0000001638.png (1 face(s))
2026-07-22 07:39:29,135 face_rec.engine DEBUG Detected 1 face(s)
2026-07-22 07:39:29,137 face_rec.service INFO Indexed output4_0000001639.png (1 face(s))
2026-07-22 07:39:30,187 face_rec.engine DEBUG Detected 1 face(s)
2026-07-22 07:39:30,192 face_rec.service INFO Indexed output4_0000001641.png (1 face(s))
2026-07-22 07:39:30,607 face_rec.engine DEBUG Detected 1 face(s)
2026-07-22 07:39:30,608 face_rec.service INFO Indexed output4_0000001642.png (1 face(s))
2026-07-22 07:39:30,905 face_rec.engine DEBUG Detected 1 face(s)
2026-07-22 07:39:30,906 face_rec.service INFO Indexed output4_0000001643.png (1 face(s))
2026-07-22 07:39:31,194 face_rec.engine DEBUG Detected 1 face(s)
2026-07-22 07:39:31,195 face_rec.service INFO Indexed output4_0000001644.png (1 face(s))
2026-07-22 07:39:31,487 face_rec.engine DEBUG Detected 1 face(s)
2026-07-22 07:39:31,489 face_rec.service INFO Indexed output4_0000001645.png (1 face(s))
2026-07-22 07:39:31,784 face_rec.engine DEBUG Detected 1 face(s)
2026-07-22 07:39:31,785 face_rec.service INFO Indexed output4_0000001646.png (1 face(s))
2026-07-22 07:39:32,075 face_rec.engine DEBUG Detected 1 face(s)
2026-07-22 07:39:32,076 face_rec.service INFO Indexed output4_0000001647.png (1 face(s))
2026-07-22 07:39:32,366 face_rec.engine DEBUG Detected 1 face(s)
2026-07-22 07:39:32,368 face_rec.service INFO Indexed output4_0000001648.png (1 face(s))
2026-07-22 07:39:32,649 face_rec.engine DEBUG Detected 1 face(s)
2026-07-22 07:39:32,650 face_rec.service INFO Indexed output4_0000001649.png (1 face(s))
2026-07-22 07:39:32,939 face_rec.engine DEBUG Detected 1 face(s)
2026-07-22 07:39:32,940 face_rec.service INFO Indexed output4_0000001650.png (1 face(s))
2026-07-22 07:39:33,230 face_rec.engine DEBUG Detected 1 face(s)
2026-07-22 07:39:33,231 face_rec.service INFO Indexed output4_0000001651.png (1 face(s))
2026-07-22 07:39:33,527 face_rec.engine DEBUG Detected 1 face(s)
2026-07-22 07:39:33,528 face_rec.service INFO Indexed output4_0000001652.png (1 face(s))
2026-07-22 07:39:33,830 face_rec.engine DEBUG Detected 1 face(s)
2026-07-22 07:39:33,832 face_rec.service INFO Indexed output4_0000001653.png (1 face(s))
2026-07-22 07:39:34,125 face_rec.engine DEBUG Detected 1 face(s)
2026-07-22 07:39:34,126 face_rec.service INFO Indexed output4_0000001655.png (1 face(s))
2026-07-22 07:39:34,431 face_rec.engine DEBUG Detected 1 face(s)
2026-07-22 07:39:34,433 face_rec.service INFO Indexed output4_0000001656.png (1 face(s))
2026-07-22 07:39:34,742 face_rec.engine DEBUG Detected 1 face(s)
2026-07-22 07:39:34,744 face_rec.service INFO Indexed output4_0000001657.png (1 face(s))
2026-07-22 07:39:35,048 face_rec.engine DEBUG Detected 1 face(s)
2026-07-22 07:39:35,050 face_rec.service INFO Indexed output4_0000001658.png (1 face(s))
2026-07-22 07:39:35,342 face_rec.engine DEBUG Detected 1 face(s)
2026-07-22 07:39:35,343 face_rec.service INFO Indexed output4_0000001659.png (1 face(s))
2026-07-22 07:39:35,814 face_rec.engine DEBUG Detected 2 face(s)
2026-07-22 07:39:35,815 face_rec.service INFO Indexed output4_0000001660.png (2 face(s))
2026-07-22 07:39:36,102 face_rec.engine DEBUG Detected 1 face(s)
2026-07-22 07:39:36,103 face_rec.service INFO Indexed output4_0000001661.png (1 face(s))
2026-07-22 07:39:36,393 face_rec.engine DEBUG Detected 1 face(s)
2026-07-22 07:39:36,394 face_rec.service INFO Indexed output4_0000001662.png (1 face(s))
2026-07-22 07:39:36,708 face_rec.engine DEBUG Detected 1 face(s)
2026-07-22 07:39:36,709 face_rec.service INFO Indexed output4_0000001663.png (1 face(s))
2026-07-22 07:39:37,005 face_rec.engine DEBUG Detected 1 face(s)
2026-07-22 07:39:37,006 face_rec.service INFO Indexed output4_0000001664.png (1 face(s))
2026-07-22 07:39:37,308 face_rec.engine DEBUG Detected 1 face(s)
2026-07-22 07:39:37,309 face_rec.service INFO Indexed output4_0000001665.png (1 face(s))
2026-07-22 07:39:37,616 face_rec.engine DEBUG Detected 1 face(s)
2026-07-22 07:39:37,617 face_rec.service INFO Indexed output4_0000001666.png (1 face(s))
2026-07-22 07:39:38,089 face_rec.engine DEBUG Detected 2 face(s)
2026-07-22 07:39:38,091 face_rec.service INFO Indexed output4_0000001667.png (2 face(s))
2026-07-22 07:39:38,397 face_rec.engine DEBUG Detected 1 face(s)
2026-07-22 07:39:38,398 face_rec.service INFO Indexed output4_0000001668.png (1 face(s))
2026-07-22 07:39:38,697 face_rec.engine DEBUG Detected 1 face(s)
2026-07-22 07:39:38,698 face_rec.service INFO Indexed output4_0000001669.png (1 face(s))
2026-07-22 07:39:38,985 face_rec.engine DEBUG Detected 1 face(s)
2026-07-22 07:39:38,986 face_rec.service INFO Indexed output4_0000001670.png (1 face(s))
2026-07-22 07:39:39,281 face_rec.engine DEBUG Detected 1 face(s)
2026-07-22 07:39:39,282 face_rec.service INFO Indexed output4_0000001671.png (1 face(s))
2026-07-22 07:39:39,590 face_rec.engine DEBUG Detected 1 face(s)
2026-07-22 07:39:39,591 face_rec.service INFO Indexed output4_0000001672.png (1 face(s))
2026-07-22 07:39:39,901 face_rec.engine DEBUG Detected 1 face(s)
2026-07-22 07:39:39,902 face_rec.service INFO Indexed output4_0000001673.png (1 face(s))
2026-07-22 07:39:40,195 face_rec.engine DEBUG Detected 1 face(s)
2026-07-22 07:39:40,197 face_rec.service INFO Indexed output4_0000001674.png (1 face(s))
2026-07-22 07:39:40,510 face_rec.engine DEBUG Detected 1 face(s)
2026-07-22 07:39:40,511 face_rec.service INFO Indexed output4_0000001675.png (1 face(s))
2026-07-22 07:39:40,805 face_rec.engine DEBUG Detected 1 face(s)
2026-07-22 07:39:40,806 face_rec.service INFO Indexed output4_0000001676.png (1 face(s))
2026-07-22 07:39:41,104 face_rec.engine DEBUG Detected 1 face(s)
2026-07-22 07:39:41,105 face_rec.service INFO Indexed output4_0000001677.png (1 face(s))
2026-07-22 07:39:41,390 face_rec.engine DEBUG Detected 1 face(s)
2026-07-22 07:39:41,391 face_rec.service INFO Indexed output4_0000001678.png (1 face(s))
2026-07-22 07:39:41,683 face_rec.engine DEBUG Detected 1 face(s)
2026-07-22 07:39:41,684 face_rec.service INFO Indexed output4_0000001679.png (1 face(s))
2026-07-22 07:39:41,982 face_rec.engine DEBUG Detected 1 face(s)
2026-07-22 07:39:41,983 face_rec.service INFO Indexed output4_0000001680.png (1 face(s))
2026-07-22 07:39:42,299 face_rec.engine DEBUG Detected 1 face(s)
2026-07-22 07:39:42,300 face_rec.service INFO Indexed output4_0000001681.png (1 face(s))
2026-07-22 07:39:42,613 face_rec.engine DEBUG Detected 1 face(s)
2026-07-22 07:39:42,614 face_rec.service INFO Indexed output4_0000001682.png (1 face(s))
2026-07-22 07:39:42,895 face_rec.engine DEBUG Detected 1 face(s)
2026-07-22 07:39:42,897 face_rec.service INFO Indexed output4_0000001683.png (1 face(s))
2026-07-22 07:39:43,198 face_rec.engine DEBUG Detected 1 face(s)
2026-07-22 07:39:43,199 face_rec.service INFO Indexed output4_0000001684.png (1 face(s))
2026-07-22 07:39:43,497 face_rec.engine DEBUG Detected 1 face(s)
2026-07-22 07:39:43,498 face_rec.service INFO Indexed output4_0000001685.png (1 face(s))
2026-07-22 07:39:43,784 face_rec.engine DEBUG Detected 1 face(s)
2026-07-22 07:39:43,785 face_rec.service INFO Indexed output4_0000001686.png (1 face(s))
2026-07-22 07:39:44,079 face_rec.engine DEBUG Detected 1 face(s)
2026-07-22 07:39:44,081 face_rec.service INFO Indexed output4_0000001687.png (1 face(s))
2026-07-22 07:39:44,388 face_rec.engine DEBUG Detected 1 face(s)
2026-07-22 07:39:44,389 face_rec.service INFO Indexed output4_0000001688.png (1 face(s))
2026-07-22 07:39:44,690 face_rec.engine DEBUG Detected 1 face(s)
2026-07-22 07:39:44,691 face_rec.service INFO Indexed output4_0000001689.png (1 face(s))
2026-07-22 07:39:45,007 face_rec.engine DEBUG Detected 1 face(s)
2026-07-22 07:39:45,008 face_rec.service INFO Indexed output4_0000001691.png (1 face(s))
2026-07-22 07:39:45,319 face_rec.engine DEBUG Detected 1 face(s)
2026-07-22 07:39:45,320 face_rec.service INFO Indexed output4_0000001692.png (1 face(s))
2026-07-22 07:39:45,621 face_rec.engine DEBUG Detected 1 face(s)
2026-07-22 07:39:45,622 face_rec.service INFO Indexed output4_0000001693.png (1 face(s))
2026-07-22 07:39:45,903 face_rec.engine DEBUG Detected 1 face(s)
2026-07-22 07:39:45,904 face_rec.service INFO Indexed output4_0000001694.png (1 face(s))
2026-07-22 07:39:46,229 face_rec.engine DEBUG Detected 1 face(s)
2026-07-22 07:39:46,230 face_rec.service INFO Indexed output4_0000001697.png (1 face(s))
2026-07-22 07:39:46,543 face_rec.engine DEBUG Detected 1 face(s)
2026-07-22 07:39:46,545 face_rec.service INFO Indexed output4_0000001698.png (1 face(s))
2026-07-22 07:39:46,853 face_rec.engine DEBUG Detected 1 face(s)
2026-07-22 07:39:46,855 face_rec.service INFO Indexed output4_0000001700.png (1 face(s))
2026-07-22 07:39:47,159 face_rec.engine DEBUG Detected 1 face(s)
2026-07-22 07:39:47,160 face_rec.service INFO Indexed output4_0000001702.png (1 face(s))
2026-07-22 07:39:47,461 face_rec.engine DEBUG Detected 1 face(s)
2026-07-22 07:39:47,463 face_rec.service INFO Indexed output4_0000001703.png (1 face(s))
2026-07-22 07:39:47,769 face_rec.engine DEBUG Detected 1 face(s)
2026-07-22 07:39:47,770 face_rec.service INFO Indexed output4_0000001704.png (1 face(s))
2026-07-22 07:39:48,072 face_rec.engine DEBUG Detected 1 face(s)
2026-07-22 07:39:48,074 face_rec.service INFO Indexed output4_0000001705.png (1 face(s))
2026-07-22 07:39:48,381 face_rec.engine DEBUG Detected 1 face(s)
2026-07-22 07:39:48,383 face_rec.service INFO Indexed output4_0000001706.png (1 face(s))
2026-07-22 07:39:48,669 face_rec.engine DEBUG Detected 1 face(s)
2026-07-22 07:39:48,670 face_rec.service INFO Indexed output4_0000001707.png (1 face(s))
2026-07-22 07:39:48,974 face_rec.engine DEBUG Detected 1 face(s)
2026-07-22 07:39:48,975 face_rec.service INFO Indexed output4_0000001708.png (1 face(s))
2026-07-22 07:39:49,295 face_rec.engine DEBUG Detected 1 face(s)
2026-07-22 07:39:49,297 face_rec.service INFO Indexed output4_0000001709.png (1 face(s))
2026-07-22 07:39:49,596 face_rec.engine DEBUG Detected 1 face(s)
2026-07-22 07:39:49,597 face_rec.service INFO Indexed output4_0000001710.png (1 face(s))
2026-07-22 07:39:49,896 face_rec.engine DEBUG Detected 1 face(s)
2026-07-22 07:39:49,897 face_rec.service INFO Indexed output4_0000001711.png (1 face(s))
2026-07-22 07:39:50,200 face_rec.engine DEBUG Detected 1 face(s)
2026-07-22 07:39:50,201 face_rec.service INFO Indexed output4_0000001712.png (1 face(s))
2026-07-22 07:39:50,503 face_rec.engine DEBUG Detected 1 face(s)
2026-07-22 07:39:50,504 face_rec.service INFO Indexed output4_0000001713.png (1 face(s))
2026-07-22 07:39:50,807 face_rec.engine DEBUG Detected 1 face(s)
2026-07-22 07:39:50,808 face_rec.service INFO Indexed output4_0000001715.png (1 face(s))
2026-07-22 07:39:51,126 face_rec.engine DEBUG Detected 1 face(s)
2026-07-22 07:39:51,127 face_rec.service INFO Indexed output4_0000001716.png (1 face(s))
2026-07-22 07:39:51,428 face_rec.engine DEBUG Detected 1 face(s)
2026-07-22 07:39:51,428 face_rec.service INFO Indexed output4_0000001717.png (1 face(s))
2026-07-22 07:39:51,719 face_rec.engine DEBUG Detected 1 face(s)
2026-07-22 07:39:51,720 face_rec.service INFO Indexed output4_0000001718.png (1 face(s))
2026-07-22 07:39:52,038 face_rec.engine DEBUG Detected 1 face(s)
2026-07-22 07:39:52,039 face_rec.service INFO Indexed output4_0000001719.png (1 face(s))
2026-07-22 07:39:52,347 face_rec.engine DEBUG Detected 1 face(s)
2026-07-22 07:39:52,348 face_rec.service INFO Indexed output4_0000001720.png (1 face(s))
2026-07-22 07:39:52,658 face_rec.engine DEBUG Detected 1 face(s)
2026-07-22 07:39:52,659 face_rec.service INFO Indexed output4_0000001721.png (1 face(s))
2026-07-22 07:39:52,967 face_rec.engine DEBUG Detected 1 face(s)
2026-07-22 07:39:52,969 face_rec.service INFO Indexed output4_0000001722.png (1 face(s))
2026-07-22 07:39:53,259 face_rec.engine DEBUG Detected 1 face(s)
2026-07-22 07:39:53,260 face_rec.service INFO Indexed output4_0000001723.png (1 face(s))
2026-07-22 07:39:53,565 face_rec.engine DEBUG Detected 1 face(s)
2026-07-22 07:39:53,567 face_rec.service INFO Indexed output4_0000001724.png (1 face(s))
2026-07-22 07:39:53,865 face_rec.engine DEBUG Detected 1 face(s)
2026-07-22 07:39:53,866 face_rec.service INFO Indexed output4_0000001726.png (1 face(s))
2026-07-22 07:39:54,174 face_rec.engine DEBUG Detected 1 face(s)
2026-07-22 07:39:54,176 face_rec.service INFO Indexed output4_0000001727.png (1 face(s))
2026-07-22 07:39:54,477 face_rec.engine DEBUG Detected 1 face(s)
2026-07-22 07:39:54,478 face_rec.service INFO Indexed output4_0000001729.png (1 face(s))
2026-07-22 07:39:54,770 face_rec.engine DEBUG Detected 1 face(s)
2026-07-22 07:39:54,771 face_rec.service INFO Indexed output4_0000001731.png (1 face(s))
2026-07-22 07:39:55,090 face_rec.engine DEBUG Detected 1 face(s)
2026-07-22 07:39:55,092 face_rec.service INFO Indexed output4_0000001732.png (1 face(s))
2026-07-22 07:39:55,424 face_rec.engine DEBUG Detected 1 face(s)
2026-07-22 07:39:55,426 face_rec.service INFO Indexed output4_0000001733.png (1 face(s))
2026-07-22 07:39:55,735 face_rec.engine DEBUG Detected 1 face(s)
2026-07-22 07:39:55,737 face_rec.service INFO Indexed output4_0000001734.png (1 face(s))
2026-07-22 07:39:56,210 face_rec.engine DEBUG Detected 2 face(s)
2026-07-22 07:39:56,212 face_rec.service INFO Indexed output4_0000001735.png (2 face(s))
2026-07-22 07:39:56,564 face_rec.engine DEBUG Detected 1 face(s)
2026-07-22 07:39:56,565 face_rec.service INFO Indexed output4_0000001736.png (1 face(s))
2026-07-22 07:39:56,884 face_rec.engine DEBUG Detected 1 face(s)
2026-07-22 07:39:56,886 face_rec.service INFO Indexed output4_0000001737.png (1 face(s))
2026-07-22 07:39:57,198 face_rec.engine DEBUG Detected 1 face(s)
2026-07-22 07:39:57,200 face_rec.service INFO Indexed output4_0000001738.png (1 face(s))
2026-07-22 07:39:57,483 face_rec.engine DEBUG Detected 1 face(s)
2026-07-22 07:39:57,484 face_rec.service INFO Indexed output4_0000001739.png (1 face(s))
2026-07-22 07:39:57,806 face_rec.engine DEBUG Detected 1 face(s)
2026-07-22 07:39:57,807 face_rec.service INFO Indexed output4_0000001740.png (1 face(s))
2026-07-22 07:39:58,114 face_rec.engine DEBUG Detected 1 face(s)
2026-07-22 07:39:58,116 face_rec.service INFO Indexed output4_0000001741.png (1 face(s))
2026-07-22 07:39:58,415 face_rec.engine DEBUG Detected 1 face(s)
2026-07-22 07:39:58,417 face_rec.service INFO Indexed output4_0000001742.png (1 face(s))
2026-07-22 07:39:58,718 face_rec.engine DEBUG Detected 1 face(s)
2026-07-22 07:39:58,719 face_rec.service INFO Indexed output4_0000001743.png (1 face(s))
2026-07-22 07:39:59,026 face_rec.engine DEBUG Detected 1 face(s)
2026-07-22 07:39:59,027 face_rec.service INFO Indexed output4_0000001744.png (1 face(s))
2026-07-22 07:39:59,331 face_rec.engine DEBUG Detected 1 face(s)
2026-07-22 07:39:59,333 face_rec.service INFO Indexed output4_0000001745.png (1 face(s))
2026-07-22 07:39:59,643 face_rec.engine DEBUG Detected 1 face(s)
2026-07-22 07:39:59,644 face_rec.service INFO Indexed output4_0000001746.png (1 face(s))
2026-07-22 07:39:59,961 face_rec.engine DEBUG Detected 1 face(s)
2026-07-22 07:39:59,962 face_rec.service INFO Indexed output4_0000001747.png (1 face(s))
2026-07-22 07:40:00,290 face_rec.engine DEBUG Detected 1 face(s)
2026-07-22 07:40:00,291 face_rec.service INFO Indexed output4_0000001748.png (1 face(s))
2026-07-22 07:40:00,596 face_rec.engine DEBUG Detected 1 face(s)
2026-07-22 07:40:00,597 face_rec.service INFO Indexed output4_0000001749.png (1 face(s))
2026-07-22 07:40:01,104 face_rec.engine DEBUG Detected 2 face(s)
2026-07-22 07:40:01,106 face_rec.service INFO Indexed output4_0000001750.png (2 face(s))
2026-07-22 07:40:01,418 face_rec.engine DEBUG Detected 1 face(s)
2026-07-22 07:40:01,420 face_rec.service INFO Indexed output4_0000001751.png (1 face(s))
2026-07-22 07:40:01,733 face_rec.engine DEBUG Detected 1 face(s)
2026-07-22 07:40:01,735 face_rec.service INFO Indexed output4_0000001752.png (1 face(s))
2026-07-22 07:40:02,049 face_rec.engine DEBUG Detected 1 face(s)
2026-07-22 07:40:02,050 face_rec.service INFO Indexed output4_0000001753.png (1 face(s))
2026-07-22 07:40:02,358 face_rec.engine DEBUG Detected 1 face(s)
2026-07-22 07:40:02,360 face_rec.service INFO Indexed output4_0000001755.png (1 face(s))
2026-07-22 07:40:02,666 face_rec.engine DEBUG Detected 1 face(s)
2026-07-22 07:40:02,667 face_rec.service INFO Indexed output4_0000001756.png (1 face(s))
2026-07-22 07:40:02,976 face_rec.engine DEBUG Detected 1 face(s)
2026-07-22 07:40:02,978 face_rec.service INFO Indexed output4_0000001759.png (1 face(s))
2026-07-22 07:40:03,286 face_rec.engine DEBUG Detected 1 face(s)
2026-07-22 07:40:03,287 face_rec.service INFO Indexed output4_0000001762.png (1 face(s))
2026-07-22 07:40:03,578 face_rec.engine DEBUG Detected 1 face(s)
2026-07-22 07:40:03,579 face_rec.service INFO Indexed output4_0000001763.png (1 face(s))
2026-07-22 07:40:03,929 face_rec.engine DEBUG Detected 1 face(s)
2026-07-22 07:40:03,931 face_rec.service INFO Indexed output4_0000001764.png (1 face(s))
2026-07-22 07:40:04,238 face_rec.engine DEBUG Detected 1 face(s)
2026-07-22 07:40:04,239 face_rec.service INFO Indexed output4_0000001765.png (1 face(s))
2026-07-22 07:40:04,592 face_rec.engine DEBUG Detected 1 face(s)
2026-07-22 07:40:04,595 face_rec.service INFO Indexed output4_0000001767.png (1 face(s))
2026-07-22 07:40:05,030 face_rec.engine DEBUG Detected 1 face(s)
2026-07-22 07:40:05,032 face_rec.service INFO Indexed output4_0000001768.png (1 face(s))
2026-07-22 07:40:05,350 face_rec.engine DEBUG Detected 1 face(s)
2026-07-22 07:40:05,352 face_rec.service INFO Indexed output4_0000001769.png (1 face(s))
2026-07-22 07:40:05,653 face_rec.engine DEBUG Detected 1 face(s)
2026-07-22 07:40:05,654 face_rec.service INFO Indexed output4_0000001770.png (1 face(s))
2026-07-22 07:40:05,983 face_rec.engine DEBUG Detected 1 face(s)
2026-07-22 07:40:05,985 face_rec.service INFO Indexed output4_0000001771.png (1 face(s))
2026-07-22 07:40:06,302 face_rec.engine DEBUG Detected 1 face(s)
2026-07-22 07:40:06,303 face_rec.service INFO Indexed output4_0000001772.png (1 face(s))
2026-07-22 07:40:06,615 face_rec.engine DEBUG Detected 1 face(s)
2026-07-22 07:40:06,617 face_rec.service INFO Indexed output4_0000001773.png (1 face(s))
2026-07-22 07:40:06,935 face_rec.engine DEBUG Detected 1 face(s)
2026-07-22 07:40:06,937 face_rec.service INFO Indexed output4_0000001775.png (1 face(s))
2026-07-22 07:40:07,242 face_rec.engine DEBUG Detected 1 face(s)
2026-07-22 07:40:07,243 face_rec.service INFO Indexed output4_0000001776.png (1 face(s))
2026-07-22 07:40:07,554 face_rec.engine DEBUG Detected 1 face(s)
2026-07-22 07:40:07,556 face_rec.service INFO Indexed output4_0000001777.png (1 face(s))
2026-07-22 07:40:07,878 face_rec.engine DEBUG Detected 1 face(s)
2026-07-22 07:40:07,880 face_rec.service INFO Indexed output4_0000001778.png (1 face(s))
2026-07-22 07:40:08,203 face_rec.engine DEBUG Detected 1 face(s)
2026-07-22 07:40:08,204 face_rec.service INFO Indexed output4_0000001779.png (1 face(s))
2026-07-22 07:40:08,525 face_rec.engine DEBUG Detected 1 face(s)
2026-07-22 07:40:08,526 face_rec.service INFO Indexed output4_0000001780.png (1 face(s))
2026-07-22 07:40:08,844 face_rec.engine DEBUG Detected 1 face(s)
2026-07-22 07:40:08,846 face_rec.service INFO Indexed output4_0000001781.png (1 face(s))
2026-07-22 07:40:09,149 face_rec.engine DEBUG Detected 1 face(s)
2026-07-22 07:40:09,150 face_rec.service INFO Indexed output4_0000001782.png (1 face(s))
2026-07-22 07:40:09,438 face_rec.engine DEBUG Detected 1 face(s)
2026-07-22 07:40:09,440 face_rec.service INFO Indexed output4_0000001783.png (1 face(s))
2026-07-22 07:40:09,758 face_rec.engine DEBUG Detected 1 face(s)
2026-07-22 07:40:09,759 face_rec.service INFO Indexed output4_0000001784.png (1 face(s))
2026-07-22 07:40:10,069 face_rec.engine DEBUG Detected 1 face(s)
2026-07-22 07:40:10,070 face_rec.service INFO Indexed output4_0000001785.png (1 face(s))
2026-07-22 07:40:10,398 face_rec.engine DEBUG Detected 1 face(s)
2026-07-22 07:40:10,400 face_rec.service INFO Indexed output4_0000001786.png (1 face(s))
2026-07-22 07:40:10,731 face_rec.engine DEBUG Detected 1 face(s)
2026-07-22 07:40:10,733 face_rec.service INFO Indexed output4_0000001787.png (1 face(s))
2026-07-22 07:40:11,056 face_rec.engine DEBUG Detected 1 face(s)
2026-07-22 07:40:11,058 face_rec.service INFO Indexed output4_0000001788.png (1 face(s))
2026-07-22 07:40:11,370 face_rec.engine DEBUG Detected 1 face(s)
2026-07-22 07:40:11,371 face_rec.service INFO Indexed output4_0000001789.png (1 face(s))
2026-07-22 07:40:11,729 face_rec.engine DEBUG Detected 1 face(s)
2026-07-22 07:40:11,731 face_rec.service INFO Indexed output4_0000001791.png (1 face(s))
2026-07-22 07:40:12,077 face_rec.engine DEBUG Detected 1 face(s)
2026-07-22 07:40:12,078 face_rec.service INFO Indexed output4_0000001792.png (1 face(s))
2026-07-22 07:40:12,378 face_rec.engine DEBUG Detected 1 face(s)
2026-07-22 07:40:12,379 face_rec.service INFO Indexed output4_0000001794.png (1 face(s))
2026-07-22 07:40:12,709 face_rec.engine DEBUG Detected 1 face(s)
2026-07-22 07:40:12,712 face_rec.service INFO Indexed output4_0000001795.png (1 face(s))
2026-07-22 07:40:13,035 face_rec.engine DEBUG Detected 1 face(s)
2026-07-22 07:40:13,037 face_rec.service INFO Indexed output4_0000001797.png (1 face(s))
2026-07-22 07:40:13,499 face_rec.engine DEBUG Detected 1 face(s)
2026-07-22 07:40:13,502 face_rec.service INFO Indexed output4_0000001798.png (1 face(s))
2026-07-22 07:40:14,080 face_rec.engine DEBUG Detected 1 face(s)
2026-07-22 07:40:14,081 face_rec.service INFO Indexed output4_0000001799.png (1 face(s))
2026-07-22 07:40:14,403 face_rec.engine DEBUG Detected 1 face(s)
2026-07-22 07:40:14,405 face_rec.service INFO Indexed output4_0000001800.png (1 face(s))
2026-07-22 07:40:14,704 face_rec.engine DEBUG Detected 1 face(s)
2026-07-22 07:40:14,706 face_rec.service INFO Indexed output4_0000001801.png (1 face(s))
2026-07-22 07:40:15,023 face_rec.engine DEBUG Detected 1 face(s)
2026-07-22 07:40:15,025 face_rec.service INFO Indexed output4_0000001803.png (1 face(s))
2026-07-22 07:40:15,325 face_rec.engine DEBUG Detected 1 face(s)
2026-07-22 07:40:15,326 face_rec.service INFO Indexed output4_0000001804.png (1 face(s))
2026-07-22 07:40:15,620 face_rec.engine DEBUG Detected 1 face(s)
2026-07-22 07:40:15,622 face_rec.service INFO Indexed output4_0000001805.png (1 face(s))
2026-07-22 07:40:16,055 face_rec.engine DEBUG Detected 1 face(s)
2026-07-22 07:40:16,056 face_rec.service INFO Indexed output4_0000001806.png (1 face(s))
2026-07-22 07:40:16,426 face_rec.engine DEBUG Detected 1 face(s)
2026-07-22 07:40:16,428 face_rec.service INFO Indexed output4_0000001807.png (1 face(s))
2026-07-22 07:40:16,745 face_rec.engine DEBUG Detected 1 face(s)
2026-07-22 07:40:16,748 face_rec.service INFO Indexed output4_0000001808.png (1 face(s))
2026-07-22 07:40:17,078 face_rec.engine DEBUG Detected 1 face(s)
2026-07-22 07:40:17,080 face_rec.service INFO Indexed output4_0000001809.png (1 face(s))
2026-07-22 07:40:17,436 face_rec.engine DEBUG Detected 1 face(s)
2026-07-22 07:40:17,447 face_rec.service INFO Indexed output4_0000001810.png (1 face(s))
2026-07-22 07:40:17,755 face_rec.engine DEBUG Detected 1 face(s)
2026-07-22 07:40:17,756 face_rec.service INFO Indexed output4_0000001811.png (1 face(s))
2026-07-22 07:40:18,087 face_rec.engine DEBUG Detected 1 face(s)
2026-07-22 07:40:18,089 face_rec.service INFO Indexed output4_0000001812.png (1 face(s))
2026-07-22 07:40:18,570 face_rec.engine DEBUG Detected 1 face(s)
2026-07-22 07:40:18,573 face_rec.service INFO Indexed output4_0000001813.png (1 face(s))
2026-07-22 07:40:18,914 face_rec.engine DEBUG Detected 1 face(s)
2026-07-22 07:40:18,915 face_rec.service INFO Indexed output4_0000001815.png (1 face(s))
2026-07-22 07:40:19,221 face_rec.engine DEBUG Detected 1 face(s)
2026-07-22 07:40:19,223 face_rec.service INFO Indexed output4_0000001816.png (1 face(s))
2026-07-22 07:40:19,549 face_rec.engine DEBUG Detected 1 face(s)
2026-07-22 07:40:19,550 face_rec.service INFO Indexed output4_0000001817.png (1 face(s))
2026-07-22 07:40:19,851 face_rec.engine DEBUG Detected 1 face(s)
2026-07-22 07:40:19,853 face_rec.service INFO Indexed output4_0000001818.png (1 face(s))
2026-07-22 07:40:20,173 face_rec.engine DEBUG Detected 1 face(s)
2026-07-22 07:40:20,175 face_rec.service INFO Indexed output4_0000001819.png (1 face(s))
2026-07-22 07:40:20,492 face_rec.engine DEBUG Detected 1 face(s)
2026-07-22 07:40:20,494 face_rec.service INFO Indexed output4_0000001820.png (1 face(s))
2026-07-22 07:40:20,816 face_rec.engine DEBUG Detected 1 face(s)
2026-07-22 07:40:20,818 face_rec.service INFO Indexed output4_0000001821.png (1 face(s))
2026-07-22 07:40:21,328 face_rec.engine DEBUG Detected 2 face(s)
2026-07-22 07:40:21,330 face_rec.service INFO Indexed output4_0000001822.png (2 face(s))
2026-07-22 07:40:21,659 face_rec.engine DEBUG Detected 1 face(s)
2026-07-22 07:40:21,661 face_rec.service INFO Indexed output4_0000001823.png (1 face(s))
2026-07-22 07:40:21,970 face_rec.engine DEBUG Detected 1 face(s)
2026-07-22 07:40:21,972 face_rec.service INFO Indexed output4_0000001825.png (1 face(s))
2026-07-22 07:40:22,259 face_rec.engine DEBUG Detected 1 face(s)
2026-07-22 07:40:22,261 face_rec.service INFO Indexed output4_0000001826.png (1 face(s))
2026-07-22 07:40:22,586 face_rec.engine DEBUG Detected 1 face(s)
2026-07-22 07:40:22,587 face_rec.service INFO Indexed output4_0000001827.png (1 face(s))
2026-07-22 07:40:22,892 face_rec.engine DEBUG Detected 1 face(s)
2026-07-22 07:40:22,895 face_rec.service INFO Indexed output4_0000001828.png (1 face(s))
2026-07-22 07:40:23,199 face_rec.engine DEBUG Detected 1 face(s)
2026-07-22 07:40:23,201 face_rec.service INFO Indexed output4_0000001829.png (1 face(s))
2026-07-22 07:40:23,504 face_rec.engine DEBUG Detected 1 face(s)
2026-07-22 07:40:23,506 face_rec.service INFO Indexed output4_0000001830.png (1 face(s))
2026-07-22 07:40:23,813 face_rec.engine DEBUG Detected 1 face(s)
2026-07-22 07:40:23,814 face_rec.service INFO Indexed output4_0000001831.png (1 face(s))
2026-07-22 07:40:24,301 face_rec.engine DEBUG Detected 2 face(s)
2026-07-22 07:40:24,304 face_rec.service INFO Indexed output4_0000001832.png (2 face(s))
2026-07-22 07:40:24,622 face_rec.engine DEBUG Detected 1 face(s)
2026-07-22 07:40:24,625 face_rec.service INFO Indexed output4_0000001833.png (1 face(s))
2026-07-22 07:40:24,937 face_rec.engine DEBUG Detected 1 face(s)
2026-07-22 07:40:24,938 face_rec.service INFO Indexed output4_0000001834.png (1 face(s))
2026-07-22 07:40:25,248 face_rec.engine DEBUG Detected 1 face(s)
2026-07-22 07:40:25,250 face_rec.service INFO Indexed output4_0000001835.png (1 face(s))
2026-07-22 07:40:25,588 face_rec.engine DEBUG Detected 1 face(s)
2026-07-22 07:40:25,590 face_rec.service INFO Indexed output4_0000001836.png (1 face(s))
2026-07-22 07:40:25,900 face_rec.engine DEBUG Detected 1 face(s)
2026-07-22 07:40:25,902 face_rec.service INFO Indexed output4_0000001838.png (1 face(s))
2026-07-22 07:40:26,203 face_rec.engine DEBUG Detected 1 face(s)
2026-07-22 07:40:26,207 face_rec.service INFO Indexed output4_0000001839.png (1 face(s))
2026-07-22 07:40:26,508 face_rec.engine DEBUG Detected 1 face(s)
2026-07-22 07:40:26,510 face_rec.service INFO Indexed output4_0000001841.png (1 face(s))
2026-07-22 07:40:26,829 face_rec.engine DEBUG Detected 1 face(s)
2026-07-22 07:40:26,830 face_rec.service INFO Indexed output4_0000001843.png (1 face(s))
2026-07-22 07:40:27,126 face_rec.engine DEBUG Detected 1 face(s)
2026-07-22 07:40:27,127 face_rec.service INFO Indexed output4_0000001844.png (1 face(s))
2026-07-22 07:40:27,428 face_rec.engine DEBUG Detected 1 face(s)
2026-07-22 07:40:27,430 face_rec.service INFO Indexed output4_0000001845.png (1 face(s))
2026-07-22 07:40:27,747 face_rec.engine DEBUG Detected 1 face(s)
2026-07-22 07:40:27,748 face_rec.service INFO Indexed output4_0000001846.png (1 face(s))
2026-07-22 07:40:28,038 face_rec.engine DEBUG Detected 1 face(s)
2026-07-22 07:40:28,038 face_rec.service INFO Indexed output4_0000001847.png (1 face(s))
2026-07-22 07:40:28,364 face_rec.engine DEBUG Detected 1 face(s)
2026-07-22 07:40:28,366 face_rec.service INFO Indexed output4_0000001848.png (1 face(s))
2026-07-22 07:40:28,686 face_rec.engine DEBUG Detected 1 face(s)
2026-07-22 07:40:28,687 face_rec.service INFO Indexed output4_0000001849.png (1 face(s))
2026-07-22 07:40:28,986 face_rec.engine DEBUG Detected 1 face(s)
2026-07-22 07:40:28,987 face_rec.service INFO Indexed output4_0000001850.png (1 face(s))
2026-07-22 07:40:29,299 face_rec.engine DEBUG Detected 1 face(s)
2026-07-22 07:40:29,300 face_rec.service INFO Indexed output4_0000001851.png (1 face(s))
2026-07-22 07:40:29,609 face_rec.engine DEBUG Detected 1 face(s)
2026-07-22 07:40:29,610 face_rec.service INFO Indexed output4_0000001852.png (1 face(s))
2026-07-22 07:40:29,924 face_rec.engine DEBUG Detected 1 face(s)
2026-07-22 07:40:29,925 face_rec.service INFO Indexed output4_0000001853.png (1 face(s))
2026-07-22 07:40:30,228 face_rec.engine DEBUG Detected 1 face(s)
2026-07-22 07:40:30,229 face_rec.service INFO Indexed output4_0000001854.png (1 face(s))
2026-07-22 07:40:30,546 face_rec.engine DEBUG Detected 1 face(s)
2026-07-22 07:40:30,547 face_rec.service INFO Indexed output4_0000001855.png (1 face(s))
2026-07-22 07:40:30,847 face_rec.engine DEBUG Detected 1 face(s)
2026-07-22 07:40:30,847 face_rec.service INFO Indexed output4_0000001856.png (1 face(s))
2026-07-22 07:40:31,141 face_rec.engine DEBUG Detected 1 face(s)
2026-07-22 07:40:31,143 face_rec.service INFO Indexed output4_0000001857.png (1 face(s))
2026-07-22 07:40:31,451 face_rec.engine DEBUG Detected 1 face(s)
2026-07-22 07:40:31,452 face_rec.service INFO Indexed output4_0000001858.png (1 face(s))
2026-07-22 07:40:31,774 face_rec.engine DEBUG Detected 1 face(s)
2026-07-22 07:40:31,775 face_rec.service INFO Indexed output4_0000001859.png (1 face(s))
2026-07-22 07:40:32,093 face_rec.engine DEBUG Detected 1 face(s)
2026-07-22 07:40:32,094 face_rec.service INFO Indexed output4_0000001860.png (1 face(s))
2026-07-22 07:40:32,394 face_rec.engine DEBUG Detected 1 face(s)
2026-07-22 07:40:32,395 face_rec.service INFO Indexed output4_0000001861.png (1 face(s))
2026-07-22 07:40:32,694 face_rec.engine DEBUG Detected 1 face(s)
2026-07-22 07:40:32,695 face_rec.service INFO Indexed output4_0000001862.png (1 face(s))
2026-07-22 07:40:32,994 face_rec.engine DEBUG Detected 1 face(s)
2026-07-22 07:40:32,995 face_rec.service INFO Indexed output4_0000001863.png (1 face(s))
2026-07-22 07:40:33,299 face_rec.engine DEBUG Detected 1 face(s)
2026-07-22 07:40:33,300 face_rec.service INFO Indexed output4_0000001865.png (1 face(s))
2026-07-22 07:40:33,619 face_rec.engine DEBUG Detected 1 face(s)
2026-07-22 07:40:33,620 face_rec.service INFO Indexed output4_0000001867.png (1 face(s))
2026-07-22 07:40:33,915 face_rec.engine DEBUG Detected 1 face(s)
2026-07-22 07:40:33,916 face_rec.service INFO Indexed output4_0000001868.png (1 face(s))
2026-07-22 07:40:34,222 face_rec.engine DEBUG Detected 1 face(s)
2026-07-22 07:40:34,224 face_rec.service INFO Indexed output4_0000001869.png (1 face(s))
2026-07-22 07:40:34,538 face_rec.engine DEBUG Detected 1 face(s)
2026-07-22 07:40:34,539 face_rec.service INFO Indexed output4_0000001870.png (1 face(s))
2026-07-22 07:40:34,843 face_rec.engine DEBUG Detected 1 face(s)
2026-07-22 07:40:34,845 face_rec.service INFO Indexed output4_0000001871.png (1 face(s))
2026-07-22 07:40:35,148 face_rec.engine DEBUG Detected 1 face(s)
2026-07-22 07:40:35,149 face_rec.service INFO Indexed output4_0000001872.png (1 face(s))
2026-07-22 07:40:35,448 face_rec.engine DEBUG Detected 1 face(s)
2026-07-22 07:40:35,449 face_rec.service INFO Indexed output4_0000001873.png (1 face(s))
2026-07-22 07:40:35,757 face_rec.engine DEBUG Detected 1 face(s)
2026-07-22 07:40:35,758 face_rec.service INFO Indexed output4_0000001874.png (1 face(s))
2026-07-22 07:40:36,068 face_rec.engine DEBUG Detected 1 face(s)
2026-07-22 07:40:36,069 face_rec.service INFO Indexed output4_0000001875.png (1 face(s))
2026-07-22 07:40:36,381 face_rec.engine DEBUG Detected 1 face(s)
2026-07-22 07:40:36,383 face_rec.service INFO Indexed output4_0000001876.png (1 face(s))
2026-07-22 07:40:36,684 face_rec.engine DEBUG Detected 1 face(s)
2026-07-22 07:40:36,685 face_rec.service INFO Indexed output4_0000001877.png (1 face(s))
2026-07-22 07:40:36,991 face_rec.engine DEBUG Detected 1 face(s)
2026-07-22 07:40:36,993 face_rec.service INFO Indexed output4_0000001878.png (1 face(s))
2026-07-22 07:40:37,323 face_rec.engine DEBUG Detected 1 face(s)
2026-07-22 07:40:37,325 face_rec.service INFO Indexed output4_0000001879.png (1 face(s))
2026-07-22 07:40:37,653 face_rec.engine DEBUG Detected 1 face(s)
2026-07-22 07:40:37,654 face_rec.service INFO Indexed output4_0000001880.png (1 face(s))
2026-07-22 07:40:37,987 face_rec.engine DEBUG Detected 1 face(s)
2026-07-22 07:40:37,989 face_rec.service INFO Indexed output4_0000001881.png (1 face(s))
2026-07-22 07:40:38,313 face_rec.engine DEBUG Detected 1 face(s)
2026-07-22 07:40:38,314 face_rec.service INFO Indexed output4_0000001882.png (1 face(s))
2026-07-22 07:40:38,626 face_rec.engine DEBUG Detected 1 face(s)
2026-07-22 07:40:38,627 face_rec.service INFO Indexed output4_0000001883.png (1 face(s))
2026-07-22 07:40:38,935 face_rec.engine DEBUG Detected 1 face(s)
2026-07-22 07:40:38,936 face_rec.service INFO Indexed output4_0000001884.png (1 face(s))
2026-07-22 07:40:39,327 face_rec.engine DEBUG Detected 1 face(s)
2026-07-22 07:40:39,329 face_rec.service INFO Indexed output4_0000001885.png (1 face(s))
2026-07-22 07:40:39,769 face_rec.engine DEBUG Detected 1 face(s)
2026-07-22 07:40:39,770 face_rec.service INFO Indexed output4_0000001886.png (1 face(s))
2026-07-22 07:40:40,070 face_rec.engine DEBUG Detected 1 face(s)
2026-07-22 07:40:40,071 face_rec.service INFO Indexed output4_0000001887.png (1 face(s))
2026-07-22 07:40:40,446 face_rec.engine DEBUG Detected 1 face(s)
2026-07-22 07:40:40,447 face_rec.service INFO Indexed output4_0000001888.png (1 face(s))
2026-07-22 07:40:40,771 face_rec.engine DEBUG Detected 1 face(s)
2026-07-22 07:40:40,772 face_rec.service INFO Indexed output4_0000001889.png (1 face(s))
2026-07-22 07:40:41,090 face_rec.engine DEBUG Detected 1 face(s)
2026-07-22 07:40:41,092 face_rec.service INFO Indexed output4_0000001891.png (1 face(s))
2026-07-22 07:40:41,427 face_rec.engine DEBUG Detected 1 face(s)
2026-07-22 07:40:41,428 face_rec.service INFO Indexed output4_0000001892.png (1 face(s))
2026-07-22 07:40:41,748 face_rec.engine DEBUG Detected 1 face(s)
2026-07-22 07:40:41,749 face_rec.service INFO Indexed output4_0000001893.png (1 face(s))
2026-07-22 07:40:42,081 face_rec.engine DEBUG Detected 1 face(s)
2026-07-22 07:40:42,082 face_rec.service INFO Indexed output4_0000001894.png (1 face(s))
2026-07-22 07:40:42,411 face_rec.engine DEBUG Detected 1 face(s)
2026-07-22 07:40:42,412 face_rec.service INFO Indexed output4_0000001895.png (1 face(s))
2026-07-22 07:40:42,753 face_rec.engine DEBUG Detected 1 face(s)
2026-07-22 07:40:42,754 face_rec.service INFO Indexed output4_0000001896.png (1 face(s))
2026-07-22 07:40:43,064 face_rec.engine DEBUG Detected 1 face(s)
2026-07-22 07:40:43,065 face_rec.service INFO Indexed output4_0000001897.png (1 face(s))
2026-07-22 07:40:43,364 face_rec.engine DEBUG Detected 1 face(s)
2026-07-22 07:40:43,365 face_rec.service INFO Indexed output4_0000001898.png (1 face(s))
2026-07-22 07:40:43,967 face_rec.engine DEBUG Detected 2 face(s)
2026-07-22 07:40:43,968 face_rec.service INFO Indexed output4_0000001899.png (2 face(s))
2026-07-22 07:40:44,270 face_rec.engine DEBUG Detected 1 face(s)
2026-07-22 07:40:44,271 face_rec.service INFO Indexed output4_0000001900.png (1 face(s))
2026-07-22 07:40:44,603 face_rec.engine DEBUG Detected 1 face(s)
2026-07-22 07:40:44,604 face_rec.service INFO Indexed output4_0000001901.png (1 face(s))
2026-07-22 07:40:44,926 face_rec.engine DEBUG Detected 1 face(s)
2026-07-22 07:40:44,927 face_rec.service INFO Indexed output4_0000001902.png (1 face(s))
2026-07-22 07:40:45,235 face_rec.engine DEBUG Detected 1 face(s)
2026-07-22 07:40:45,237 face_rec.service INFO Indexed output4_0000001904.png (1 face(s))
2026-07-22 07:40:45,601 face_rec.engine DEBUG Detected 1 face(s)
2026-07-22 07:40:45,602 face_rec.service INFO Indexed output4_0000001905.png (1 face(s))
2026-07-22 07:40:45,959 face_rec.engine DEBUG Detected 1 face(s)
2026-07-22 07:40:45,960 face_rec.service INFO Indexed output4_0000001906.png (1 face(s))
2026-07-22 07:40:46,309 face_rec.engine DEBUG Detected 1 face(s)
2026-07-22 07:40:46,311 face_rec.service INFO Indexed output4_0000001907.png (1 face(s))
2026-07-22 07:40:46,665 face_rec.engine DEBUG Detected 1 face(s)
2026-07-22 07:40:46,667 face_rec.service INFO Indexed output4_0000001908.png (1 face(s))
2026-07-22 07:40:46,984 face_rec.engine DEBUG Detected 1 face(s)
2026-07-22 07:40:46,986 face_rec.service INFO Indexed output4_0000001909.png (1 face(s))
2026-07-22 07:40:47,319 face_rec.engine DEBUG Detected 1 face(s)
2026-07-22 07:40:47,321 face_rec.service INFO Indexed output4_0000001910.png (1 face(s))
2026-07-22 07:40:47,725 face_rec.engine DEBUG Detected 1 face(s)
2026-07-22 07:40:47,727 face_rec.service INFO Indexed output4_0000001911.png (1 face(s))
2026-07-22 07:40:48,261 face_rec.engine DEBUG Detected 1 face(s)
2026-07-22 07:40:48,262 face_rec.service INFO Indexed output4_0000001912.png (1 face(s))
2026-07-22 07:40:48,618 face_rec.engine DEBUG Detected 1 face(s)
2026-07-22 07:40:48,619 face_rec.service INFO Indexed output4_0000001913.png (1 face(s))
2026-07-22 07:40:49,111 face_rec.engine DEBUG Detected 1 face(s)
2026-07-22 07:40:49,112 face_rec.service INFO Indexed output4_0000001914.png (1 face(s))
2026-07-22 07:40:49,608 face_rec.engine DEBUG Detected 1 face(s)
2026-07-22 07:40:49,612 face_rec.service INFO Indexed output4_0000001915.png (1 face(s))
2026-07-22 07:40:49,999 face_rec.engine DEBUG Detected 1 face(s)
2026-07-22 07:40:50,001 face_rec.service INFO Indexed output4_0000001916.png (1 face(s))
2026-07-22 07:40:50,318 face_rec.engine DEBUG Detected 1 face(s)
2026-07-22 07:40:50,319 face_rec.service INFO Indexed output4_0000001917.png (1 face(s))
2026-07-22 07:40:50,618 face_rec.engine DEBUG Detected 1 face(s)
2026-07-22 07:40:50,620 face_rec.service INFO Indexed output4_0000001918.png (1 face(s))
2026-07-22 07:40:50,923 face_rec.engine DEBUG Detected 1 face(s)
2026-07-22 07:40:50,925 face_rec.service INFO Indexed output4_0000001919.png (1 face(s))
2026-07-22 07:40:51,236 face_rec.engine DEBUG Detected 1 face(s)
2026-07-22 07:40:51,237 face_rec.service INFO Indexed output4_0000001920.png (1 face(s))
2026-07-22 07:40:51,546 face_rec.engine DEBUG Detected 1 face(s)
2026-07-22 07:40:51,547 face_rec.service INFO Indexed output4_0000001921.png (1 face(s))
2026-07-22 07:40:51,860 face_rec.engine DEBUG Detected 1 face(s)
2026-07-22 07:40:51,861 face_rec.service INFO Indexed output4_0000001922.png (1 face(s))
2026-07-22 07:40:52,162 face_rec.engine DEBUG Detected 1 face(s)
2026-07-22 07:40:52,163 face_rec.service INFO Indexed output4_0000001925.png (1 face(s))
2026-07-22 07:40:52,466 face_rec.engine DEBUG Detected 1 face(s)
2026-07-22 07:40:52,467 face_rec.service INFO Indexed output4_0000001926.png (1 face(s))
2026-07-22 07:40:52,779 face_rec.engine DEBUG Detected 1 face(s)
2026-07-22 07:40:52,781 face_rec.service INFO Indexed output4_0000001927.png (1 face(s))
2026-07-22 07:40:53,099 face_rec.engine DEBUG Detected 1 face(s)
2026-07-22 07:40:53,101 face_rec.service INFO Indexed output4_0000001928.png (1 face(s))
2026-07-22 07:40:53,412 face_rec.engine DEBUG Detected 1 face(s)
2026-07-22 07:40:53,414 face_rec.service INFO Indexed output4_0000001929.png (1 face(s))
2026-07-22 07:40:53,721 face_rec.engine DEBUG Detected 1 face(s)
2026-07-22 07:40:53,722 face_rec.service INFO Indexed output4_0000001930.png (1 face(s))
2026-07-22 07:40:54,024 face_rec.engine DEBUG Detected 1 face(s)
2026-07-22 07:40:54,028 face_rec.service INFO Indexed output4_0000001931.png (1 face(s))
2026-07-22 07:40:54,339 face_rec.engine DEBUG Detected 1 face(s)
2026-07-22 07:40:54,340 face_rec.service INFO Indexed output4_0000001932.png (1 face(s))
2026-07-22 07:40:54,671 face_rec.engine DEBUG Detected 1 face(s)
2026-07-22 07:40:54,672 face_rec.service INFO Indexed output4_0000001933.png (1 face(s))
2026-07-22 07:40:54,991 face_rec.engine DEBUG Detected 1 face(s)
2026-07-22 07:40:54,992 face_rec.service INFO Indexed output4_0000001934.png (1 face(s))
2026-07-22 07:40:55,294 face_rec.engine DEBUG Detected 1 face(s)
2026-07-22 07:40:55,295 face_rec.service INFO Indexed output4_0000001935.png (1 face(s))
2026-07-22 07:40:55,613 face_rec.engine DEBUG Detected 1 face(s)
2026-07-22 07:40:55,614 face_rec.service INFO Indexed output4_0000001936.png (1 face(s))
2026-07-22 07:40:55,909 face_rec.engine DEBUG Detected 1 face(s)
2026-07-22 07:40:55,910 face_rec.service INFO Indexed output4_0000001937.png (1 face(s))
2026-07-22 07:40:56,226 face_rec.engine DEBUG Detected 1 face(s)
2026-07-22 07:40:56,227 face_rec.service INFO Indexed output4_0000001938.png (1 face(s))
2026-07-22 07:57:07,218 face_rec.engine INFO Loading InsightFace model pack buffalo_l from /Users/sebastien/.cache/models/insightface
2026-07-22 07:57:07,596 face_rec.service WARNING Pruned missing file from database: /Users/sebastien/projects/perso/image-generation/out/output4_0000001932.png
2026-07-22 07:57:08,185 face_rec.engine DEBUG Detected 1 face(s)
2026-07-22 07:57:08,186 face_rec.service INFO Indexed output4_0000001940.png (1 face(s))
2026-07-22 07:57:08,481 face_rec.engine DEBUG Detected 1 face(s)
2026-07-22 07:57:08,482 face_rec.service INFO Indexed output4_0000001941.png (1 face(s))
2026-07-22 07:57:08,769 face_rec.engine DEBUG Detected 1 face(s)
2026-07-22 07:57:08,770 face_rec.service INFO Indexed output4_0000001942.png (1 face(s))
2026-07-22 07:57:09,055 face_rec.engine DEBUG Detected 1 face(s)
2026-07-22 07:57:09,056 face_rec.service INFO Indexed output4_0000001943.png (1 face(s))
2026-07-22 07:57:09,349 face_rec.engine DEBUG Detected 1 face(s)
2026-07-22 07:57:09,351 face_rec.service INFO Indexed output4_0000001944.png (1 face(s))
2026-07-22 07:57:09,634 face_rec.engine DEBUG Detected 1 face(s)
2026-07-22 07:57:09,635 face_rec.service INFO Indexed output4_0000001945.png (1 face(s))
2026-07-22 07:57:09,920 face_rec.engine DEBUG Detected 1 face(s)
2026-07-22 07:57:09,921 face_rec.service INFO Indexed output4_0000001946.png (1 face(s))
2026-07-22 07:57:10,203 face_rec.engine DEBUG Detected 1 face(s)
2026-07-22 07:57:10,203 face_rec.service INFO Indexed output4_0000001947.png (1 face(s))
2026-07-22 08:09:13,883 face_rec.engine INFO Loading InsightFace model pack buffalo_l from /Users/sebastien/.cache/models/insightface
2026-07-22 08:09:14,265 face_rec.service WARNING Pruned missing file from database: /Users/sebastien/projects/perso/image-generation/out/output3_0000000662.png
2026-07-22 08:09:14,266 face_rec.service WARNING Pruned missing file from database: /Users/sebastien/projects/perso/image-generation/out/output3_0000001096.png
2026-07-22 08:09:14,267 face_rec.service WARNING Pruned missing file from database: /Users/sebastien/projects/perso/image-generation/out/output3_0000001116.png
2026-07-22 08:09:14,267 face_rec.service WARNING Pruned missing file from database: /Users/sebastien/projects/perso/image-generation/out/output3_0000001348.png
2026-07-22 08:09:14,267 face_rec.service WARNING Pruned missing file from database: /Users/sebastien/projects/perso/image-generation/out/output4_0000001702.png
2026-07-22 08:09:14,267 face_rec.service WARNING Pruned missing file from database: /Users/sebastien/projects/perso/image-generation/out/output4_0000001753.png
2026-07-22 08:09:14,842 face_rec.engine DEBUG Detected 1 face(s)
2026-07-22 08:09:14,844 face_rec.service INFO Indexed output4_0000001948.png (1 face(s))
2026-07-22 08:09:15,142 face_rec.engine DEBUG Detected 1 face(s)
2026-07-22 08:09:15,143 face_rec.service INFO Indexed output4_0000001950.png (1 face(s))
2026-07-22 08:09:15,425 face_rec.engine DEBUG Detected 1 face(s)
2026-07-22 08:09:15,426 face_rec.service INFO Indexed output4_0000001951.png (1 face(s))
2026-07-22 08:09:15,702 face_rec.engine DEBUG Detected 1 face(s)
2026-07-22 08:09:15,703 face_rec.service INFO Indexed output4_0000001952.png (1 face(s))
2026-07-22 08:09:15,979 face_rec.engine DEBUG Detected 1 face(s)
2026-07-22 08:09:15,981 face_rec.service INFO Indexed output4_0000001953.png (1 face(s))
2026-07-22 08:09:16,279 face_rec.engine DEBUG Detected 1 face(s)
2026-07-22 08:09:16,280 face_rec.service INFO Indexed output4_0000001954.png (1 face(s))
2026-07-22 08:09:44,638 face_rec.engine INFO Loading InsightFace model pack buffalo_l from /Users/sebastien/.cache/models/insightface
2026-07-22 08:09:44,985 face_rec.service WARNING Pruned missing file from database: /Users/sebastien/projects/perso/image-generation/out/output4_0000001954.png
2026-07-22 08:25:41,683 face_rec.engine INFO Loading InsightFace model pack buffalo_l from /Users/sebastien/.cache/models/insightface
2026-07-22 08:25:42,529 face_rec.engine DEBUG Detected 1 face(s)
2026-07-22 08:25:42,531 face_rec.service INFO Indexed output4_0000001955.png (1 face(s))
